00:00:02.074541 VirtualBox VM 7.2.8 r173730 linux.amd64 (Apr 20 2026 12:47:37) release log
00:00:02.074543 Log opened 2026-06-21T12:27:48.868823000Z
00:00:02.074544 Build Type: release
00:00:02.074546 OS Product: Linux
00:00:02.074548 OS Release: 6.8.0-124-generic
00:00:02.074549 OS Version: #124~22.04.1-Ubuntu SMP PREEMPT_DYNAMIC Tue May 26 21:05:19 UTC 
00:00:02.074583 DMI Product Name: HP EliteBook 850 G1
00:00:02.074613 DMI Product Version: A3009DD10303
00:00:02.074623 Firmware type: UEFI
00:00:02.079311 Secure Boot: Enabled
00:00:02.079387 Host RAM: 3811MB (3.7GB) total, 2579MB (2.5GB) available
00:00:02.079393 Executable: /usr/lib/virtualbox/VirtualBoxVM
00:00:02.079394 Process ID: 7540
00:00:02.079395 Package type: LINUX_64BITS_UBUNTU_22_04
00:00:02.187316 Installed Extension Packs:
00:00:02.187353   None installed!
00:00:02.189037 Console: Machine state changed to 'Starting'
00:00:02.210713 GUI: Qt version: 6.8.0
00:00:02.210757 GUI: X11 Window Manager code: 2
00:00:02.210767 GUI: HID LEDs sync is not supported on this platform
00:00:02.440967 GUI: UIMediumEnumerator: Medium-enumeration finished!
00:00:02.442305 X Server details: vendor: The X.Org Foundation, release: 12201001, protocol version: 11.0, display string: :0
00:00:02.442373 Using known keycode mapping for keycode to scan code conversion
00:00:02.458618 SUP: seg #0: R   0x00000000 LB 0x0004d000
00:00:02.458717 SUP: seg #1: R X 0x0004d000 LB 0x00246000
00:00:02.458741 SUP: seg #2: R   0x00293000 LB 0x00078000
00:00:02.458756 SUP: seg #3: RW  0x0030b000 LB 0x0002db48
00:00:02.466989 SUP: Loaded VMMR0.r0 (/usr/lib/virtualbox/VMMR0.r0) at 0xXXXXXXXXXXXXXXXX - ModuleInit at XXXXXXXXXXXXXXXX and ModuleTerm at XXXXXXXXXXXXXXXX
00:00:02.467068 SUP: VMMR0EntryEx located at XXXXXXXXXXXXXXXX and VMMR0EntryFast at XXXXXXXXXXXXXXXX
00:00:02.522021 Guest architecture: x86
00:00:02.522267 Guest OS type: 'Debian_64'
00:00:02.524500 fHMForced=true - No raw-mode support in this build!
00:00:02.524528 Using execution engine 1
00:00:02.546229 File system of '/home/gekko/Documents/Estudos/VM-VirtualBox/debian/debian.vdi' is ext4
00:00:02.691805 Shared Clipboard: Service loaded
00:00:02.691834 Shared Clipboard: Mode: Off
00:00:02.691956 Shared Clipboard: Service running in normal mode
00:00:02.815042 Drag and drop service loaded
00:00:02.815116 Drag and drop mode: Off
00:00:02.832759 Audio: Detected default audio driver type is 'PulseAudio'
00:00:02.858587 ************************* CFGM dump *************************
00:00:02.858597 [/] (level 0)
00:00:02.858612   CpuExecutionCap   <integer> = 0x0000000000000064 (100)
00:00:02.858620   EnablePAE         <integer> = 0x0000000000000001 (1)
00:00:02.858622   HMEnabled         <integer> = 0x0000000000000001 (1)
00:00:02.858623   MemBalloonSize    <integer> = 0x0000000000000000 (0, 0 B)
00:00:02.858625   Name              <string>  = "debian" (cb=7)
00:00:02.858627   NumCPUs           <integer> = 0x0000000000000001 (1)
00:00:02.858628   PageFusionAllowed <integer> = 0x0000000000000000 (0)
00:00:02.858628   RamHoleSize       <integer> = 0x0000000020000000 (536 870 912, 512.0 MiB)
00:00:02.858631   RamSize           <integer> = 0x0000000061800000 (1 635 778 560, 1.5 GiB)
00:00:02.858632   TimerMillies      <integer> = 0x000000000000000a (10)
00:00:02.858633   UUID              <bytes>   = "28 af 96 1a f8 2e 86 41 9c b7 b7 0c 8d a1 e9 08" (cb=16)
00:00:02.858637 
00:00:02.858638 [/CPUM/] (level 1)
00:00:02.858639   Enable64bit        <integer> = 0x0000000000000001 (1)
00:00:02.858640   GuestCpuName       <string>  = "host" (cb=5)
00:00:02.858641   NestedHWVirt       <integer> = 0x0000000000000000 (0)
00:00:02.858642   PortableCpuIdLevel <integer> = 0x0000000000000000 (0)
00:00:02.858643   SpecCtrl           <integer> = 0x0000000000000000 (0)
00:00:02.858644 
00:00:02.858644 [/CPUM/IsaExts/] (level 2)
00:00:02.858645 
00:00:02.858646 [/DBGC/] (level 1)
00:00:02.858647   GlobalInitScript <string>  = "/home/gekko/.config/VirtualBox/dbgc-init" (cb=41)
00:00:02.858648   HistoryFile      <string>  = "/home/gekko/.config/VirtualBox/dbgc-history" (cb=44)
00:00:02.858649   LocalInitScript  <string>  = "/home/gekko/Documents/Estudos/VM-VirtualBox/debian/dbgc-init" (cb=61)
00:00:02.858649 
00:00:02.858650 [/DBGF/] (level 1)
00:00:02.858651   Path <string>  = "/home/gekko/Documents/Estudos/VM-VirtualBox/debian/debug/;/home/gekko/Documents/Estudos/VM-VirtualBox/debian/;cache*/home/gekko/Documents/Estudos/VM-VirtualBox/debian/dbgcache/;/home/gekko/" (cb=190)
00:00:02.858652 
00:00:02.858652 [/Devices/] (level 1)
00:00:02.858653 
00:00:02.858653 [/Devices/3c501/] (level 2)
00:00:02.858654 
00:00:02.858655 [/Devices/8237A/] (level 2)
00:00:02.858656 
00:00:02.858656 [/Devices/8237A/0/] (level 3)
00:00:02.858657   Trusted <integer> = 0x0000000000000001 (1)
00:00:02.858658 
00:00:02.858659 [/Devices/GIMDev/] (level 2)
00:00:02.858660 
00:00:02.858660 [/Devices/GIMDev/0/] (level 3)
00:00:02.858661   Trusted <integer> = 0x0000000000000001 (1)
00:00:02.858662 
00:00:02.858663 [/Devices/VMMDev/] (level 2)
00:00:02.858664 
00:00:02.858664 [/Devices/VMMDev/0/] (level 3)
00:00:02.858666   PCIBusNo      <integer> = 0x0000000000000000 (0)
00:00:02.858666   PCIDeviceNo   <integer> = 0x0000000000000004 (4)
00:00:02.858667   PCIFunctionNo <integer> = 0x0000000000000000 (0)
00:00:02.858668   Trusted       <integer> = 0x0000000000000001 (1)
00:00:02.858669 
00:00:02.858670 [/Devices/VMMDev/0/Config/] (level 4)
00:00:02.858671   GuestCoreDumpDir <string>  = "/home/gekko/Documents/Estudos/VM-VirtualBox/debian/Snapshots" (cb=61)
00:00:02.858672 
00:00:02.858672 [/Devices/VMMDev/0/LUN#0/] (level 4)
00:00:02.858674   Driver <string>  = "HGCM" (cb=5)
00:00:02.858674 
00:00:02.858675 [/Devices/VMMDev/0/LUN#0/Config/] (level 5)
00:00:02.858676 
00:00:02.858677 [/Devices/VMMDev/0/LUN#999/] (level 4)
00:00:02.858678   Driver <string>  = "MainStatus" (cb=11)
00:00:02.858678 
00:00:02.858679 [/Devices/VMMDev/0/LUN#999/Config/] (level 5)
00:00:02.858680   First                <integer> = 0x0000000000000000 (0)
00:00:02.858681   HasMediumAttachments <integer> = 0x0000000000000000 (0)
00:00:02.858682   Last                 <integer> = 0x0000000000000000 (0)
00:00:02.858683   iLedSet              <integer> = 0x0000000000000006 (6)
00:00:02.858684 
00:00:02.858685 [/Devices/acpi/] (level 2)
00:00:02.858686 
00:00:02.858686 [/Devices/acpi/0/] (level 3)
00:00:02.858687   PCIBusNo      <integer> = 0x0000000000000000 (0)
00:00:02.858688   PCIDeviceNo   <integer> = 0x0000000000000007 (7)
00:00:02.858689   PCIFunctionNo <integer> = 0x0000000000000000 (0)
00:00:02.858690   Trusted       <integer> = 0x0000000000000001 (1)
00:00:02.858691 
00:00:02.858691 [/Devices/acpi/0/Config/] (level 4)
00:00:02.858693   CpuHotPlug          <integer> = 0x0000000000000000 (0)
00:00:02.858694   FdcEnabled          <integer> = 0x0000000000000000 (0)
00:00:02.858694   HostBusPciAddress   <integer> = 0x0000000000000000 (0)
00:00:02.858695   HpetEnabled         <integer> = 0x0000000000000000 (0)
00:00:02.858696   IOAPIC              <integer> = 0x0000000000000001 (1)
00:00:02.858697   IocPciAddress       <integer> = 0x0000000000010000 (65 536)
00:00:02.858698   NumCPUs             <integer> = 0x0000000000000001 (1)
00:00:02.858699   Parallel0IoPortBase <integer> = 0x0000000000000000 (0)
00:00:02.858700   Parallel0Irq        <integer> = 0x0000000000000000 (0)
00:00:02.858701   Parallel1IoPortBase <integer> = 0x0000000000000000 (0)
00:00:02.858702   Parallel1Irq        <integer> = 0x0000000000000000 (0)
00:00:02.858703   Serial0IoPortBase   <integer> = 0x0000000000000000 (0)
00:00:02.858704   Serial0Irq          <integer> = 0x0000000000000000 (0)
00:00:02.858704   Serial1IoPortBase   <integer> = 0x0000000000000000 (0)
00:00:02.858705   Serial1Irq          <integer> = 0x0000000000000000 (0)
00:00:02.858706   ShowCpu             <integer> = 0x0000000000000001 (1)
00:00:02.858707   ShowRtc             <integer> = 0x0000000000000000 (0)
00:00:02.858708   SmcEnabled          <integer> = 0x0000000000000000 (0)
00:00:02.858709 
00:00:02.858709 [/Devices/acpi/0/LUN#0/] (level 4)
00:00:02.858710   Driver <string>  = "ACPIHost" (cb=9)
00:00:02.858711 
00:00:02.858711 [/Devices/acpi/0/LUN#0/Config/] (level 5)
00:00:02.858713 
00:00:02.858713 [/Devices/ahci/] (level 2)
00:00:02.858714 
00:00:02.858715 [/Devices/ahci/0/] (level 3)
00:00:02.858716   PCIBusNo      <integer> = 0x0000000000000000 (0)
00:00:02.858717   PCIDeviceNo   <integer> = 0x000000000000000d (13)
00:00:02.858718   PCIFunctionNo <integer> = 0x0000000000000000 (0)
00:00:02.858718   Trusted       <integer> = 0x0000000000000001 (1)
00:00:02.858719 
00:00:02.858720 [/Devices/ahci/0/Config/] (level 4)
00:00:02.858721   Bootable  <integer> = 0x0000000000000001 (1)
00:00:02.858722   PortCount <integer> = 0x0000000000000001 (1)
00:00:02.858722 
00:00:02.858723 [/Devices/ahci/0/Config/Port0/] (level 5)
00:00:02.858724   Hotpluggable <integer> = 0x0000000000000000 (0)
00:00:02.858725 
00:00:02.858725 [/Devices/ahci/0/LUN#0/] (level 4)
00:00:02.858727   Driver <string>  = "VD" (cb=3)
00:00:02.858727 
00:00:02.858728 [/Devices/ahci/0/LUN#0/Config/] (level 5)
00:00:02.858730   BlockCache <integer> = 0x0000000000000001 (1)
00:00:02.858730   Format     <string>  = "VDI" (cb=4)
00:00:02.858731   Mountable  <integer> = 0x0000000000000000 (0)
00:00:02.858732   Path       <string>  = "/home/gekko/Documents/Estudos/VM-VirtualBox/debian/debian.vdi" (cb=62)
00:00:02.858733   Type       <string>  = "HardDisk" (cb=9)
00:00:02.858734   UseNewIo   <integer> = 0x0000000000000001 (1)
00:00:02.858735 
00:00:02.858735 [/Devices/ahci/0/LUN#0/Config/VDConfig/] (level 6)
00:00:02.858737   AllocationBlockSize <string>  = "1048576" (cb=8)
00:00:02.858737 
00:00:02.858738 [/Devices/ahci/0/LUN#999/] (level 4)
00:00:02.858739   Driver <string>  = "MainStatus" (cb=11)
00:00:02.858740 
00:00:02.858740 [/Devices/ahci/0/LUN#999/Config/] (level 5)
00:00:02.858741   DeviceInstance       <string>  = "ahci/0" (cb=7)
00:00:02.858742   First                <integer> = 0x0000000000000000 (0)
00:00:02.858743   HasMediumAttachments <integer> = 0x0000000000000001 (1)
00:00:02.858744   Last                 <integer> = 0x0000000000000000 (0)
00:00:02.858745   iLedSet              <integer> = 0x0000000000000004 (4)
00:00:02.858746 
00:00:02.858747 [/Devices/apic/] (level 2)
00:00:02.858748 
00:00:02.858748 [/Devices/apic/0/] (level 3)
00:00:02.858749   Trusted <integer> = 0x0000000000000001 (1)
00:00:02.858750 
00:00:02.858750 [/Devices/apic/0/Config/] (level 4)
00:00:02.858752   IOAPIC  <integer> = 0x0000000000000001 (1)
00:00:02.858753   Mode    <integer> = 0x0000000000000003 (3)
00:00:02.858753   NumCPUs <integer> = 0x0000000000000001 (1)
00:00:02.858754 
00:00:02.858755 [/Devices/dp8390/] (level 2)
00:00:02.858756 
00:00:02.858756 [/Devices/e1000/] (level 2)
00:00:02.858757 
00:00:02.858757 [/Devices/e1000/0/] (level 3)
00:00:02.858759   PCIBusNo      <integer> = 0x0000000000000000 (0)
00:00:02.858760   PCIDeviceNo   <integer> = 0x0000000000000003 (3)
00:00:02.858760   PCIFunctionNo <integer> = 0x0000000000000000 (0)
00:00:02.858761   Trusted       <integer> = 0x0000000000000001 (1)
00:00:02.858762 
00:00:02.858762 [/Devices/e1000/0/Config/] (level 4)
00:00:02.858764   AdapterType    <integer> = 0x0000000000000000 (0)
00:00:02.858765   CableConnected <integer> = 0x0000000000000001 (1)
00:00:02.858765   LineSpeed      <integer> = 0x0000000000000000 (0)
00:00:02.858766   MAC            <bytes>   = "08 00 27 e8 b9 f0" (cb=6)
00:00:02.858768 
00:00:02.858768 [/Devices/e1000/0/LUN#0/] (level 4)
00:00:02.858769   Driver <string>  = "NAT" (cb=4)
00:00:02.858770 
00:00:02.858770 [/Devices/e1000/0/LUN#0/Config/] (level 5)
00:00:02.858772   AliasMode          <integer> = 0x0000000000000000 (0)
00:00:02.858773   DNSProxy           <integer> = 0x0000000000000000 (0)
00:00:02.858774   EnableTFTP         <integer> = 0x0000000000000000 (0)
00:00:02.858775   ForwardBroadcast   <integer> = 0x0000000000000000 (0)
00:00:02.858776   LocalhostReachable <integer> = 0x0000000000000000 (0)
00:00:02.858777   Network            <string>  = "10.0.2.0/24" (cb=12)
00:00:02.858778   PassDomain         <integer> = 0x0000000000000001 (1)
00:00:02.858779   UseHostResolver    <integer> = 0x0000000000000000 (0)
00:00:02.858779 
00:00:02.858780 [/Devices/e1000/0/LUN#999/] (level 4)
00:00:02.858781   Driver <string>  = "MainStatus" (cb=11)
00:00:02.858782 
00:00:02.858782 [/Devices/e1000/0/LUN#999/Config/] (level 5)
00:00:02.858783   First                <integer> = 0x0000000000000000 (0)
00:00:02.858784   HasMediumAttachments <integer> = 0x0000000000000000 (0)
00:00:02.858785   Last                 <integer> = 0x0000000000000000 (0)
00:00:02.858786   iLedSet              <integer> = 0x0000000000000005 (5)
00:00:02.858787 
00:00:02.858788 [/Devices/i8254/] (level 2)
00:00:02.858789 
00:00:02.858789 [/Devices/i8254/0/] (level 3)
00:00:02.858790 
00:00:02.858790 [/Devices/i8254/0/Config/] (level 4)
00:00:02.858792 
00:00:02.858792 [/Devices/i8259/] (level 2)
00:00:02.858793 
00:00:02.858794 [/Devices/i8259/0/] (level 3)
00:00:02.858795   Trusted <integer> = 0x0000000000000001 (1)
00:00:02.858796 
00:00:02.858796 [/Devices/i8259/0/Config/] (level 4)
00:00:02.858797 
00:00:02.858797 [/Devices/ichac97/] (level 2)
00:00:02.858799 
00:00:02.858799 [/Devices/ichac97/0/] (level 3)
00:00:02.858800   PCIBusNo      <integer> = 0x0000000000000000 (0)
00:00:02.858801   PCIDeviceNo   <integer> = 0x0000000000000005 (5)
00:00:02.858802   PCIFunctionNo <integer> = 0x0000000000000000 (0)
00:00:02.858803   Trusted       <integer> = 0x0000000000000001 (1)
00:00:02.858804 
00:00:02.858804 [/Devices/ichac97/0/AudioConfig/] (level 4)
00:00:02.858805 
00:00:02.858806 [/Devices/ichac97/0/Config/] (level 4)
00:00:02.858807   Codec        <string>  = "AD1980" (cb=7)
00:00:02.858808   DebugEnabled <integer> = 0x0000000000000000 (0)
00:00:02.858808 
00:00:02.858809 [/Devices/ichac97/0/LUN#0/] (level 4)
00:00:02.858810   Driver <string>  = "AUDIO" (cb=6)
00:00:02.858811 
00:00:02.858811 [/Devices/ichac97/0/LUN#0/AttachedDriver/] (level 5)
00:00:02.858813   Driver <string>  = "PulseAudio" (cb=11)
00:00:02.858813 
00:00:02.858814 [/Devices/ichac97/0/LUN#0/AttachedDriver/Config/] (level 6)
00:00:02.858815   VmName <string>  = "debian" (cb=7)
00:00:02.858816 
00:00:02.858816 [/Devices/ichac97/0/LUN#0/Config/] (level 5)
00:00:02.858818   DriverName    <string>  = "PulseAudio" (cb=11)
00:00:02.858819   InputEnabled  <integer> = 0x0000000000000000 (0)
00:00:02.858819   OutputEnabled <integer> = 0x0000000000000001 (1)
00:00:02.858820 
00:00:02.858821 [/Devices/ichac97/0/LUN#1/] (level 4)
00:00:02.858822   Driver <string>  = "AUDIO" (cb=6)
00:00:02.858822 
00:00:02.858823 [/Devices/ichac97/0/LUN#2/] (level 4)
00:00:02.858824   Driver <string>  = "AUDIO" (cb=6)
00:00:02.858825 
00:00:02.858825 [/Devices/ioapic/] (level 2)
00:00:02.858826 
00:00:02.858826 [/Devices/ioapic/0/] (level 3)
00:00:02.858827   Trusted <integer> = 0x0000000000000001 (1)
00:00:02.858828 
00:00:02.858828 [/Devices/ioapic/0/Config/] (level 4)
00:00:02.858830   NumCPUs <integer> = 0x0000000000000001 (1)
00:00:02.858831 
00:00:02.858831 [/Devices/mc146818/] (level 2)
00:00:02.858832 
00:00:02.858832 [/Devices/mc146818/0/] (level 3)
00:00:02.858833 
00:00:02.858834 [/Devices/mc146818/0/Config/] (level 4)
00:00:02.858835   UseUTC <integer> = 0x0000000000000001 (1)
00:00:02.858836 
00:00:02.858836 [/Devices/parallel/] (level 2)
00:00:02.858837 
00:00:02.858837 [/Devices/pcarch/] (level 2)
00:00:02.858838 
00:00:02.858839 [/Devices/pcarch/0/] (level 3)
00:00:02.858840   Trusted <integer> = 0x0000000000000001 (1)
00:00:02.858841 
00:00:02.858841 [/Devices/pcarch/0/Config/] (level 4)
00:00:02.858842 
00:00:02.858842 [/Devices/pcbios/] (level 2)
00:00:02.858844 
00:00:02.858844 [/Devices/pcbios/0/] (level 3)
00:00:02.858845   Trusted <integer> = 0x0000000000000001 (1)
00:00:02.858846 
00:00:02.858846 [/Devices/pcbios/0/Config/] (level 4)
00:00:02.858848   APIC               <integer> = 0x0000000000000001 (1)
00:00:02.858849   BootDevice0        <string>  = "FLOPPY" (cb=7)
00:00:02.858850   BootDevice1        <string>  = "DVD" (cb=4)
00:00:02.858851   BootDevice2        <string>  = "IDE" (cb=4)
00:00:02.858851   BootDevice3        <string>  = "NONE" (cb=5)
00:00:02.858852   DmiSystemSerial    <string>  = "VirtualBox-<DmiSystemUuid>" (cb=27)
00:00:02.858853   FloppyDevice       <string>  = "i82078" (cb=7)
00:00:02.858854   HardDiskDevice     <string>  = "piix3ide" (cb=9)
00:00:02.858855   IOAPIC             <integer> = 0x0000000000000001 (1)
00:00:02.858856   McfgBase           <integer> = 0x0000000000000000 (0)
00:00:02.858857   McfgLength         <integer> = 0x0000000000000000 (0)
00:00:02.858857   NumCPUs            <integer> = 0x0000000000000001 (1)
00:00:02.858858   PXEDebug           <integer> = 0x0000000000000000 (0)
00:00:02.858859   SataHardDiskDevice <string>  = "ahci" (cb=5)
00:00:02.858860   SataLUN1           <integer> = 0x0000000000000000 (0)
00:00:02.858861   UUID               <bytes>   = "28 af 96 1a f8 2e 86 41 9c b7 b7 0c 8d a1 e9 08" (cb=16)
00:00:02.858864   UuidLe             <integer> = 0x0000000000000001 (1)
00:00:02.858865 
00:00:02.858865 [/Devices/pcbios/0/Config/NetBoot/] (level 5)
00:00:02.858866 
00:00:02.858867 [/Devices/pcbios/0/Config/NetBoot/0/] (level 6)
00:00:02.858868   NIC           <integer> = 0x0000000000000000 (0)
00:00:02.858869   PCIBusNo      <integer> = 0x0000000000000000 (0)
00:00:02.858870   PCIDeviceNo   <integer> = 0x0000000000000003 (3)
00:00:02.858871   PCIFunctionNo <integer> = 0x0000000000000000 (0)
00:00:02.858872 
00:00:02.858872 [/Devices/pci/] (level 2)
00:00:02.858873 
00:00:02.858873 [/Devices/pci/0/] (level 3)
00:00:02.858874   Trusted <integer> = 0x0000000000000001 (1)
00:00:02.858875 
00:00:02.858876 [/Devices/pci/0/Config/] (level 4)
00:00:02.858877   IOAPIC <integer> = 0x0000000000000001 (1)
00:00:02.858878 
00:00:02.858878 [/Devices/pcibridge/] (level 2)
00:00:02.858879 
00:00:02.858879 [/Devices/pckbd/] (level 2)
00:00:02.858880 
00:00:02.858881 [/Devices/pckbd/0/] (level 3)
00:00:02.858882   Trusted <integer> = 0x0000000000000001 (1)
00:00:02.858883 
00:00:02.858883 [/Devices/pckbd/0/Config/] (level 4)
00:00:02.858884 
00:00:02.858884 [/Devices/pckbd/0/LUN#0/] (level 4)
00:00:02.858886   Driver <string>  = "KeyboardQueue" (cb=14)
00:00:02.858886 
00:00:02.858887 [/Devices/pckbd/0/LUN#0/AttachedDriver/] (level 5)
00:00:02.858888   Driver <string>  = "MainKeyboard" (cb=13)
00:00:02.858889 
00:00:02.858889 [/Devices/pckbd/0/LUN#0/Config/] (level 5)
00:00:02.858890   QueueSize <integer> = 0x0000000000000040 (64, 64 B)
00:00:02.858892 
00:00:02.858892 [/Devices/pckbd/0/LUN#1/] (level 4)
00:00:02.858893   Driver <string>  = "MouseQueue" (cb=11)
00:00:02.858894 
00:00:02.858894 [/Devices/pckbd/0/LUN#1/AttachedDriver/] (level 5)
00:00:02.858895   Driver <string>  = "MainMouse" (cb=10)
00:00:02.858896 
00:00:02.858896 [/Devices/pckbd/0/LUN#1/Config/] (level 5)
00:00:02.858898   QueueSize <integer> = 0x0000000000000080 (128, 128 B)
00:00:02.858899 
00:00:02.858899 [/Devices/pcnet/] (level 2)
00:00:02.858900 
00:00:02.858901 [/Devices/piix3ide/] (level 2)
00:00:02.858902 
00:00:02.858902 [/Devices/piix3ide/0/] (level 3)
00:00:02.858904   PCIBusNo      <integer> = 0x0000000000000000 (0)
00:00:02.858904   PCIDeviceNo   <integer> = 0x0000000000000001 (1)
00:00:02.858905   PCIFunctionNo <integer> = 0x0000000000000001 (1)
00:00:02.858906   Trusted       <integer> = 0x0000000000000001 (1)
00:00:02.858907 
00:00:02.858907 [/Devices/piix3ide/0/Config/] (level 4)
00:00:02.858909   Type <string>  = "PIIX4" (cb=6)
00:00:02.858909 
00:00:02.858910 [/Devices/piix3ide/0/LUN#0/] (level 4)
00:00:02.858911   Driver <string>  = "VD" (cb=3)
00:00:02.858912 
00:00:02.858912 [/Devices/piix3ide/0/LUN#0/Config/] (level 5)
00:00:02.858913   EmptyDrive <integer> = 0x0000000000000001 (1)
00:00:02.858914   Mountable  <integer> = 0x0000000000000001 (1)
00:00:02.858915   Type       <string>  = "DVD" (cb=4)
00:00:02.858916 
00:00:02.858916 [/Devices/piix3ide/0/LUN#999/] (level 4)
00:00:02.858917   Driver <string>  = "MainStatus" (cb=11)
00:00:02.858918 
00:00:02.858918 [/Devices/piix3ide/0/LUN#999/Config/] (level 5)
00:00:02.858920   DeviceInstance       <string>  = "piix3ide/0" (cb=11)
00:00:02.858921   First                <integer> = 0x0000000000000000 (0)
00:00:02.858922   HasMediumAttachments <integer> = 0x0000000000000001 (1)
00:00:02.858922   Last                 <integer> = 0x0000000000000003 (3)
00:00:02.858923   iLedSet              <integer> = 0x0000000000000003 (3)
00:00:02.858924 
00:00:02.858925 [/Devices/serial/] (level 2)
00:00:02.858926 
00:00:02.858926 [/Devices/usb-ehci/] (level 2)
00:00:02.858927 
00:00:02.858928 [/Devices/usb-ehci/0/] (level 3)
00:00:02.858929   PCIBusNo      <integer> = 0x0000000000000000 (0)
00:00:02.858930   PCIDeviceNo   <integer> = 0x000000000000000b (11)
00:00:02.858931   PCIFunctionNo <integer> = 0x0000000000000000 (0)
00:00:02.858931   Trusted       <integer> = 0x0000000000000001 (1)
00:00:02.858932 
00:00:02.858933 [/Devices/usb-ehci/0/Config/] (level 4)
00:00:02.858934 
00:00:02.858934 [/Devices/usb-ehci/0/LUN#0/] (level 4)
00:00:02.858936   Driver <string>  = "VUSBRootHub" (cb=12)
00:00:02.858936 
00:00:02.858937 [/Devices/usb-ehci/0/LUN#0/Config/] (level 5)
00:00:02.858938 
00:00:02.858938 [/Devices/usb-ehci/0/LUN#999/] (level 4)
00:00:02.858940   Driver <string>  = "MainStatus" (cb=11)
00:00:02.858940 
00:00:02.858940 [/Devices/usb-ehci/0/LUN#999/Config/] (level 5)
00:00:02.858942   First                <integer> = 0x0000000000000000 (0)
00:00:02.858943   HasMediumAttachments <integer> = 0x0000000000000000 (0)
00:00:02.858944   Last                 <integer> = 0x0000000000000000 (0)
00:00:02.858945   iLedSet              <integer> = 0x0000000000000002 (2)
00:00:02.858946 
00:00:02.858946 [/Devices/usb-ohci/] (level 2)
00:00:02.858947 
00:00:02.858947 [/Devices/usb-ohci/0/] (level 3)
00:00:02.858948   PCIBusNo      <integer> = 0x0000000000000000 (0)
00:00:02.858949   PCIDeviceNo   <integer> = 0x0000000000000006 (6)
00:00:02.858950   PCIFunctionNo <integer> = 0x0000000000000000 (0)
00:00:02.858951   Trusted       <integer> = 0x0000000000000001 (1)
00:00:02.858952 
00:00:02.858952 [/Devices/usb-ohci/0/Config/] (level 4)
00:00:02.858953 
00:00:02.858954 [/Devices/usb-ohci/0/LUN#0/] (level 4)
00:00:02.858955   Driver <string>  = "VUSBRootHub" (cb=12)
00:00:02.858955 
00:00:02.858956 [/Devices/usb-ohci/0/LUN#0/Config/] (level 5)
00:00:02.858957 
00:00:02.858957 [/Devices/usb-ohci/0/LUN#999/] (level 4)
00:00:02.858959   Driver <string>  = "MainStatus" (cb=11)
00:00:02.858959 
00:00:02.858960 [/Devices/usb-ohci/0/LUN#999/Config/] (level 5)
00:00:02.858961   First                <integer> = 0x0000000000000000 (0)
00:00:02.858962   HasMediumAttachments <integer> = 0x0000000000000000 (0)
00:00:02.858963   Last                 <integer> = 0x0000000000000000 (0)
00:00:02.858964   iLedSet              <integer> = 0x0000000000000001 (1)
00:00:02.858965 
00:00:02.858965 [/Devices/vga/] (level 2)
00:00:02.858966 
00:00:02.858966 [/Devices/vga/0/] (level 3)
00:00:02.858967   PCIBusNo      <integer> = 0x0000000000000000 (0)
00:00:02.858968   PCIDeviceNo   <integer> = 0x0000000000000002 (2)
00:00:02.858969   PCIFunctionNo <integer> = 0x0000000000000000 (0)
00:00:02.858970   Trusted       <integer> = 0x0000000000000001 (1)
00:00:02.858971 
00:00:02.858971 [/Devices/vga/0/Config/] (level 4)
00:00:02.858973   3DEnabled             <integer> = 0x0000000000000000 (0)
00:00:02.858974   CustomVideoModes      <integer> = 0x0000000000000000 (0)
00:00:02.858975   FadeIn                <integer> = 0x0000000000000001 (1)
00:00:02.858976   FadeOut               <integer> = 0x0000000000000001 (1)
00:00:02.858977   HeightReduction       <integer> = 0x0000000000000000 (0)
00:00:02.858978   LogoFile              <string>  = "" (cb=1)
00:00:02.858979   LogoTime              <integer> = 0x0000000000000000 (0)
00:00:02.858980   MonitorCount          <integer> = 0x0000000000000001 (1)
00:00:02.858980   ShowBootMenu          <integer> = 0x0000000000000002 (2)
00:00:02.858981   VMSVGA3dEnabled       <integer> = 0x0000000000000000 (0)
00:00:02.858982   VMSVGAEnabled         <integer> = 0x0000000000000001 (1)
00:00:02.858983   VMSVGAPciBarLayout    <integer> = 0x0000000000000001 (1)
00:00:02.858984   VMSVGAPciId           <integer> = 0x0000000000000001 (1)
00:00:02.858985   VRamSize              <integer> = 0x0000000001000000 (16 777 216, 16.0 MiB)
00:00:02.858987   VmSvga3               <integer> = 0x0000000000000000 (0)
00:00:02.858988   VmSvgaExposeLegacyVga <integer> = 0x0000000000000001 (1)
00:00:02.858988 
00:00:02.858989 [/Devices/vga/0/LUN#0/] (level 4)
00:00:02.858990   Driver <string>  = "MainDisplay" (cb=12)
00:00:02.858991 
00:00:02.858991 [/Devices/vga/0/LUN#0/Config/] (level 5)
00:00:02.858992 
00:00:02.858993 [/Devices/vga/0/LUN#999/] (level 4)
00:00:02.858994   Driver <string>  = "MainStatus" (cb=11)
00:00:02.858994 
00:00:02.858995 [/Devices/vga/0/LUN#999/Config/] (level 5)
00:00:02.858996   First                <integer> = 0x0000000000000000 (0)
00:00:02.858997   HasMediumAttachments <integer> = 0x0000000000000000 (0)
00:00:02.858998   Last                 <integer> = 0x0000000000000000 (0)
00:00:02.858999   iLedSet              <integer> = 0x0000000000000000 (0)
00:00:02.859000 
00:00:02.859000 [/Devices/virtio-net/] (level 2)
00:00:02.859001 
00:00:02.859002 [/EM/] (level 1)
00:00:02.859003   TripleFaultReset <integer> = 0x0000000000000000 (0)
00:00:02.859003 
00:00:02.859004 [/GCM/] (level 1)
00:00:02.859005   MesaVmsvgaDrv <integer> = 0x0000000000000001 (1)
00:00:02.859005 
00:00:02.859006 [/GIM/] (level 1)
00:00:02.859007   Provider <string>  = "KVM" (cb=4)
00:00:02.859008 
00:00:02.859008 [/HM/] (level 1)
00:00:02.859009   64bitEnabled            <integer> = 0x0000000000000001 (1)
00:00:02.859010   EnableLargePages        <integer> = 0x0000000000000000 (0)
00:00:02.859011   EnableNestedPaging      <integer> = 0x0000000000000001 (1)
00:00:02.859012   EnableUX                <integer> = 0x0000000000000001 (1)
00:00:02.859013   EnableVPID              <integer> = 0x0000000000000001 (1)
00:00:02.859014   Exclusive               <integer> = 0x0000000000000001 (1)
00:00:02.859015   HMForced                <integer> = 0x0000000000000001 (1)
00:00:02.859016   IBPBOnVMEntry           <integer> = 0x0000000000000000 (0)
00:00:02.859017   IBPBOnVMExit            <integer> = 0x0000000000000000 (0)
00:00:02.859018   L1DFlushOnSched         <integer> = 0x0000000000000001 (1)
00:00:02.859019   L1DFlushOnVMEntry       <integer> = 0x0000000000000000 (0)
00:00:02.859020   LovelyMesaDrvWorkaround <integer> = 0x0000000000000001 (1)
00:00:02.859021   MDSClearOnSched         <integer> = 0x0000000000000001 (1)
00:00:02.859021   MDSClearOnVMEntry       <integer> = 0x0000000000000000 (0)
00:00:02.859022   SpecCtrlByHost          <integer> = 0x0000000000000000 (0)
00:00:02.859023   SvmVirtVmsaveVmload     <integer> = 0x0000000000000000 (0)
00:00:02.859024   UseNEMInstead           <integer> = 0x0000000000000000 (0)
00:00:02.859025 
00:00:02.859025 [/MM/] (level 1)
00:00:02.859026   CanUseLargerHeap <integer> = 0x0000000000000000 (0)
00:00:02.859027 
00:00:02.859027 [/NEM/] (level 1)
00:00:02.859028   Allow64BitGuests        <integer> = 0x0000000000000001 (1)
00:00:02.859029   IBPBOnVMEntry           <integer> = 0x0000000000000000 (0)
00:00:02.859030   IBPBOnVMExit            <integer> = 0x0000000000000000 (0)
00:00:02.859031   L1DFlushOnSched         <integer> = 0x0000000000000001 (1)
00:00:02.859032   L1DFlushOnVMEntry       <integer> = 0x0000000000000000 (0)
00:00:02.859033   LovelyMesaDrvWorkaround <integer> = 0x0000000000000001 (1)
00:00:02.859034   MDSClearOnSched         <integer> = 0x0000000000000001 (1)
00:00:02.859035   MDSClearOnVMEntry       <integer> = 0x0000000000000000 (0)
00:00:02.859036 
00:00:02.859036 [/PDM/] (level 1)
00:00:02.859037 
00:00:02.859037 [/PDM/AsyncCompletion/] (level 2)
00:00:02.859038 
00:00:02.859039 [/PDM/AsyncCompletion/File/] (level 3)
00:00:02.859040 
00:00:02.859040 [/PDM/AsyncCompletion/File/BwGroups/] (level 4)
00:00:02.859041 
00:00:02.859042 [/PDM/BlkCache/] (level 2)
00:00:02.859043   CacheSize <integer> = 0x0000000000500000 (5 242 880, 5.0 MiB)
00:00:02.859044 
00:00:02.859044 [/PDM/Devices/] (level 2)
00:00:02.859045 
00:00:02.859046 [/PDM/Drivers/] (level 2)
00:00:02.859047 
00:00:02.859047 [/PDM/Drivers/VBoxC/] (level 3)
00:00:02.859048   Path <string>  = "/usr/lib/virtualbox/components/VBoxC" (cb=37)
00:00:02.859049 
00:00:02.859049 [/PDM/NetworkShaper/] (level 2)
00:00:02.859050 
00:00:02.859051 [/PDM/NetworkShaper/BwGroups/] (level 3)
00:00:02.859052 
00:00:02.859052 [/TM/] (level 1)
00:00:02.859053   UTCOffset <integer> = 0x0000000000000000 (0)
00:00:02.859054 
00:00:02.859054 [/USB/] (level 1)
00:00:02.859055 
00:00:02.859055 [/USB/HidMouse/] (level 2)
00:00:02.859056 
00:00:02.859056 [/USB/HidMouse/0/] (level 3)
00:00:02.859058 
00:00:02.859058 [/USB/HidMouse/0/Config/] (level 4)
00:00:02.859059   Mode <string>  = "absolute" (cb=9)
00:00:02.859060 
00:00:02.859060 [/USB/HidMouse/0/LUN#0/] (level 4)
00:00:02.859061   Driver <string>  = "MouseQueue" (cb=11)
00:00:02.859062 
00:00:02.859062 [/USB/HidMouse/0/LUN#0/AttachedDriver/] (level 5)
00:00:02.859064   Driver <string>  = "MainMouse" (cb=10)
00:00:02.859064 
00:00:02.859065 [/USB/HidMouse/0/LUN#0/Config/] (level 5)
00:00:02.859066   QueueSize <integer> = 0x0000000000000080 (128, 128 B)
00:00:02.859067 
00:00:02.859067 [/USB/USBProxy/] (level 2)
00:00:02.859068 
00:00:02.859069 [/USB/USBProxy/GlobalConfig/] (level 3)
00:00:02.859070 
00:00:02.859070 ********************* End of CFGM dump **********************
00:00:02.859157 ERROR [COM]: aRC=VBOX_E_IPRT_ERROR (0x80bb0005) aIID={6ac83d89-6ee7-4e33-8ae6-b257b2e81be8} aComponent={ConsoleWrap} aText={The VBoxGuestPropSvc service call failed with the error VERR_HGCM_SERVICE_NOT_FOUND}, preserve=false aResultDetail=-2900
00:00:03.030874 HM: HMR3Init: VT-x w/ nested paging and unrestricted guest execution hw support
00:00:03.077000 CPUM: fXStateHostMask=0x7; host XCR0=0x7
00:00:03.105078 CPUM: Matched host CPU INTEL 0x6/0x45/0x1 Intel_Core7_Haswell with CPU DB entry 'Intel Core i7-5600U' (INTEL 0x6/0x3d/0x4 Intel_Core7_Broadwell)
00:00:03.143348 CPUM: MXCSR_MASK=0xffff (host: 0xffff)
00:00:03.143445 CPUM: Microcode revision 0x00000026
00:00:03.143648 CPUM: MSR/CPUID reconciliation insert: 0x0000010b IA32_FLUSH_CMD
00:00:03.143703 CPUM: SetGuestCpuIdFeature: Enabled SYSENTER/EXIT
00:00:03.143712 CPUM: SetGuestCpuIdFeature: Enabled SYSCALL/RET
00:00:03.143720 CPUM: SetGuestCpuIdFeature: Enabled PAE
00:00:03.143727 CPUM: SetGuestCpuIdFeature: Enabled LAHF/SAHF
00:00:03.143735 CPUM: SetGuestCpuIdFeature: Enabled NX
00:00:03.143743 CPUM: SetGuestCpuIdFeature: Enabled LONG MODE
00:00:03.143751 CPUM: Enabled MTRR read-write support
00:00:03.143760 CPUM: Enabled fixed-range MTRRs and 16 (virtualized) variable-range MTRRs
00:00:03.183362 GUI: UIDesktopWidgetWatchdog::sltHandleHostScreenAvailableGeometryCalculated: Screen 0 work area is actually resized to: 0x27 x 1920x1053
00:00:03.240211 PGM: Host paging mode: AMD64+PGE+NX
00:00:03.240269 PGM: PGMPool: cMaxPages=1024 (u64MaxPages=813)
00:00:03.240280 PGM: pgmR3PoolInit: cMaxPages=0x400 cMaxUsers=0x800 cMaxPhysExts=0x800 fCacheEnable=true
00:00:03.241187 PGM: /proc/sys/vm/max_map_count = 65530 (rc2=VWRN_TRAILING_CHARS); cGuessNeeded=16384
00:00:03.256497 TM: GIP - u32Mode=3 (Invariant) u32UpdateHz=100 u32UpdateIntervalNS=10000000 enmUseTscDelta=2 (Practically Zero) fGetGipCpu=0x1b cCpus=8
00:00:03.256560 TM: GIP - u64CpuHz=2 294 690 103 (0x88c63137)  SUPGetCpuHzFromGip => 2 294 690 103
00:00:03.256572 TM: GIP - CPU: iCpuSet=0x0 idCpu=0x0 idApic=0x0 iGipCpu=0x0 i64TSCDelta=0 enmState=3 u64CpuHz=2294690103(*) cErrors=0
00:00:03.256580 TM: GIP - CPU: iCpuSet=0x1 idCpu=0x1 idApic=0x1 iGipCpu=0x1 i64TSCDelta=0 enmState=3 u64CpuHz=2294686764(*) cErrors=0
00:00:03.256587 TM: GIP - CPU: iCpuSet=0x2 idCpu=0x2 idApic=0x2 iGipCpu=0x3 i64TSCDelta=0 enmState=3 u64CpuHz=2294689854(*) cErrors=0
00:00:03.256600 TM: GIP - CPU: iCpuSet=0x3 idCpu=0x3 idApic=0x3 iGipCpu=0x2 i64TSCDelta=0 enmState=3 u64CpuHz=2294689684(*) cErrors=0
00:00:03.256641 TM:     cTSCTicksPerSecond=2 294 690 103 (0x88c63137) enmTSCMode=3 (Dynamic) TSCMultiplier=1
00:00:03.256645 TM: cTSCTicksPerSecondHost=2 294 690 103 (0x88c63137)
00:00:03.256647 TM: TSCTiedToExecution=false TSCNotTiedToHalt=false
00:00:03.262509 EMR3Init: fIemExecutesAll=false fGuruOnTripleFault=true
00:00:03.263179 IEM: TargetCpu=CURRENT, Microarch=Intel_Core7_Haswell aidxTargetCpuEflFlavour={1,0}
00:00:03.273490 GUI: UIMediumEnumerator: Medium-enumeration finished!
00:00:03.274962 GIM: Using provider 'KVM' (Implementation version: 0)
00:00:03.274991 CPUM: SetGuestCpuIdFeature: Enabled Hypervisor Present bit
00:00:03.275032 GCM: Initialized - Fixer bits: 0x8 (MesaVmsvgaDrv)
00:00:03.286306 AIOMgr: Default manager type is 'Async'
00:00:03.286561 AIOMgr: Default file backend is 'NonBuffered'
00:00:03.287168 BlkCache: Cache successfully initialized. Cache size is 5242880 bytes
00:00:03.287285 BlkCache: Cache commit interval is 10000 ms
00:00:03.287296 BlkCache: Cache commit threshold is 2621440 bytes
00:00:03.627902 PcBios: [SMP] BIOS with 1 CPUs
00:00:03.648620 PcBios: Using the 386+ BIOS image.
00:00:03.666856 PcBios: MPS table at 000e1300
00:00:03.667940 PcBios: fCheckShutdownStatusForSoftReset=true  fClearShutdownStatusOnHardReset=true
00:00:03.683841 SUP: seg #0: R   0x00000000 LB 0x00009000
00:00:03.683875 SUP: seg #1: R X 0x00009000 LB 0x00030000
00:00:03.683882 SUP: seg #2: R   0x00039000 LB 0x00010000
00:00:03.683887 SUP: seg #3: RW  0x00049000 LB 0x00007500
00:00:03.684108 SUP: Loaded VBoxDDR0.r0 (/usr/lib/virtualbox/VBoxDDR0.r0) at 0xXXXXXXXXXXXXXXXX - ModuleInit at XXXXXXXXXXXXXXXX and ModuleTerm at XXXXXXXXXXXXXXXX
00:00:03.684990 PDM: VirtualBox APIC backend registered
00:00:03.685018 CPUM: SetGuestCpuIdFeature: Enabled xAPIC
00:00:03.685025 CPUM: SetGuestCpuIdFeature: Enabled x2APIC
00:00:03.717516 IOAPIC: Version=2.0 ChipType=ICH9
00:00:03.717856 PIT: mode=3 count=0x10000 (65536) - 18.20 Hz (ch=0)
00:00:03.718688 VMMDev: cbDefaultBudget: 166 538 581 (9ed2d55)
00:00:03.732708 Shared Folders service loaded
00:00:03.756305 Guest Control service loaded
00:00:03.788440 VGA: Using the 386+ BIOS image.
00:00:03.836812 DrvVD: Flushes will be ignored
00:00:03.836843 DrvVD: Async flushes will be passed to the disk
00:00:03.840576 VD: VDInit finished with VINF_SUCCESS
00:00:03.841023 AIOMgr: Endpoint for file '/home/gekko/Documents/Estudos/VM-VirtualBox/debian/debian.vdi' (flags 000c0723) created successfully
00:00:03.876939 VD: Opening the disk took 36490085 ns
00:00:03.877096 AHCI: LUN#0: disk, PCHS=16383/16/63, total number of sectors 31457264
00:00:03.877510 AHCI#0: Reset the HBA
00:00:03.877530 VD#0: Cancelling all active requests
00:00:03.879110 DrvVD: Flushes will be ignored
00:00:03.879146 DrvVD: Async flushes will be passed to the disk
00:00:03.879187 PIIX3 ATA: LUN#0: CD/DVD, total number of sectors 0, passthrough disabled
00:00:03.881841 PIIX3 ATA: LUN#1: no unit
00:00:03.882067 PIIX3 ATA: LUN#2: no unit
00:00:03.882106 PIIX3 ATA: LUN#3: no unit
00:00:03.882146 PIIX3 ATA: Ctl#1: finished processing RESET
00:00:03.882171 PIIX3 ATA: Ctl#0: finished processing RESET
00:00:03.912557 E1000#0: Chip=82540EM LinkUpDelay=5000ms EthernetCRC=on GSO=enabled Itr=disabled ItrRx=enabled TID=disabled R0=enabled RC=disabled
00:00:03.916463 AC97: Using codec 'AD1980'
00:00:03.941371 Audio: Initializing PulseAudio driver
00:00:03.941519 PulseAudio: Using version 15.99.0
00:00:03.943319 PulseAudio: Retrieving server information ...
00:00:03.943950 Audio: Found 5 devices for driver 'PulseAudio'
00:00:03.943976 Audio: Device 'Built-in Audio Analog Stereo':
00:00:03.943977 Audio:   ID              = alsa_output.pci-0000_00_1b.0.analog-stereo
00:00:03.943978 Audio:   Usage           = output
00:00:03.943979 Audio:   Flags           = NONE
00:00:03.943980 Audio:   Input channels  = 0
00:00:03.943981 Audio:   Output channels = 2
00:00:03.943988 Audio: Device 'LP-V89':
00:00:03.943988 Audio:   ID              = bluez_sink.1A_E6_B1_0B_C8_62.a2dp_sink
00:00:03.943989 Audio:   Usage           = output
00:00:03.943990 Audio:   Flags           = DEFAULT_OUT
00:00:03.943990 Audio:   Input channels  = 0
00:00:03.943991 Audio:   Output channels = 2
00:00:03.943996 Audio: Device 'Monitor of Built-in Audio Analog Stereo':
00:00:03.943997 Audio:   ID              = alsa_output.pci-0000_00_1b.0.analog-stereo.monitor
00:00:03.943998 Audio:   Usage           = input
00:00:03.944009 Audio:   Flags           = NONE
00:00:03.944010 Audio:   Input channels  = 2
00:00:03.944011 Audio:   Output channels = 0
00:00:03.944032 Audio: Device 'Built-in Audio Analog Stereo':
00:00:03.944033 Audio:   ID              = alsa_input.pci-0000_00_1b.0.analog-stereo
00:00:03.944034 Audio:   Usage           = input
00:00:03.944034 Audio:   Flags           = DEFAULT_IN
00:00:03.944035 Audio:   Input channels  = 2
00:00:03.944036 Audio:   Output channels = 0
00:00:03.944041 Audio: Device 'Monitor of LP-V89':
00:00:03.944041 Audio:   ID              = bluez_sink.1A_E6_B1_0B_C8_62.a2dp_sink.monitor
00:00:03.944042 Audio:   Usage           = input
00:00:03.944043 Audio:   Flags           = NONE
00:00:03.944043 Audio:   Input channels  = 2
00:00:03.944044 Audio:   Output channels = 0
00:00:03.944196 AC97: Reset
00:00:03.944204 AC97: Mixer reset (EAID=0x809, EACS=0x9)
00:00:03.944210 AC97: Record select to left=mic, right=mic
00:00:03.944215 Audio Mixer: MUTING master volume of 'AC'97 Mixer' -- channel volumes: ff ff ff ff ff ff ff ff ff ff ff ff
00:00:03.944225 Audio Mixer: MUTING sink 'AC'97 Mixer/Line In' -- channel volumes: 00 00 00 00 00 00 00 00 00 00 00 00
00:00:03.944232 Audio Mixer: MUTING sink 'AC'97 Mixer/Microphone In' -- channel volumes: 00 00 00 00 00 00 00 00 00 00 00 00
00:00:03.944239 Audio Mixer: MUTING sink 'AC'97 Mixer/PCM Output' -- channel volumes: 00 00 00 00 00 00 00 00 00 00 00 00
00:00:03.944247 Audio Mixer: MUTING sink 'AC'97 Mixer/PCM Output' -- channel volumes: 00 00 00 00 00 00 00 00 00 00 00 00
00:00:03.944254 Audio Mixer: MUTING sink 'AC'97 Mixer/Line In' -- channel volumes: 00 00 00 00 00 00 00 00 00 00 00 00
00:00:03.944261 Audio Mixer: MUTING sink 'AC'97 Mixer/Line In' -- channel volumes: 00 00 00 00 00 00 00 00 00 00 00 00
00:00:03.944269 Audio Mixer: MUTING sink 'AC'97 Mixer/Microphone In' -- channel volumes: 00 00 00 00 00 00 00 00 00 00 00 00
00:00:03.956716 VUSB: Attached 'HidMouse' to port 1 on RootHub#1 (FullSpeed)
00:00:03.956759 PGM: The CPU physical address width is 39 bits
00:00:03.956771 PGM: PGMR3InitFinalize: 4 MB PSE mask 0000007fffffffff -> VINF_SUCCESS
00:00:03.956792 TM: TMR3InitFinalize: fTSCModeSwitchAllowed=true
00:00:03.957002 CPUM: Mapped 1.0MiB (1048576 bytes) of RAM using fixed-range MTRRs
00:00:03.957020 CPUM: Mapped 1.5GiB (1635778560 bytes) of RAM using 4 variable-range MTRRs
00:00:03.957160 VMM: Enabled thread-context hooks
00:00:03.957169 VMM: RTThreadPreemptIsPending() can be trusted
00:00:03.957176 VMM: Kernel preemption is possible
00:00:03.957192 HM: Host MSR_IA32_FEATURE_CONTROL = 0x5
00:00:03.957266 HM: fWorldSwitcher=0x30000 (fIbpbOnVmExit=false fIbpbOnVmEntry=false fL1dFlushOnVmEntry=false); fL1dFlushOnSched=true fMdsClearOnVmEntry=false
00:00:03.957278 HM: Using VT-x implementation 3.0
00:00:03.957279 HM: Max resume loops                  = 8192
00:00:03.957281 HM: Host CR0                          = 0x80050033
00:00:03.957283 HM: Host CR4                          = 0x1706f0
00:00:03.957285 HM: Host EFER                         = 0xd01
00:00:03.957287 HM: Host SMM_MONITOR_CTL              = 0x0
00:00:03.957288 HM: Host CORE_CAPABILITIES            = 0x0
00:00:03.957289 HM: Host MEMORY_CTRL                  = 0x0
00:00:03.957292 HM: Host DR6 zero'ed                  = 0xffff0ff0
00:00:03.957294 HM: MSR_IA32_FEATURE_CONTROL          = 0x5
00:00:03.957296 HM:   LOCK
00:00:03.957297 HM:   VMXON
00:00:03.957298 HM: MSR_IA32_VMX_BASIC                = 0xda040000000012
00:00:03.957300 HM:   VMCS id                           = 0x12
00:00:03.957301 HM:   VMCS size                         = 1024 bytes
00:00:03.957302 HM:   VMCS physical address limit       = None
00:00:03.957304 HM:   VMCS memory type                  = Write Back (WB)
00:00:03.957306 HM:   Dual-monitor treatment support    = true
00:00:03.957307 HM:   OUTS & INS instruction-info       = true
00:00:03.957308 HM:   Supports true-capability MSRs     = true
00:00:03.957310 HM:   VM-entry Xcpt error-code optional = false
00:00:03.957312 HM: MSR_IA32_VMX_PINBASED_CTLS        = 0x7f00000016
00:00:03.957314 HM:   EXT_INT_EXIT
00:00:03.957315 HM:   NMI_EXIT
00:00:03.957316 HM:   VIRTUAL_NMI
00:00:03.957317 HM:   PREEMPT_TIMER
00:00:03.957318 HM:   POSTED_INT (must be cleared)
00:00:03.957319 HM: MSR_IA32_VMX_PROCBASED_CTLS       = 0xfff9fffe0401e172
00:00:03.957321 HM:   INT_WINDOW_EXIT
00:00:03.957323 HM:   USE_TSC_OFFSETTING
00:00:03.957323 HM:   HLT_EXIT
00:00:03.957324 HM:   INVLPG_EXIT
00:00:03.957325 HM:   MWAIT_EXIT
00:00:03.957325 HM:   RDPMC_EXIT
00:00:03.957326 HM:   RDTSC_EXIT
00:00:03.957343 HM:   CR3_LOAD_EXIT (must be set)
00:00:03.957344 HM:   CR3_STORE_EXIT (must be set)
00:00:03.957345 HM:   USE_TERTIARY_CTLS (must be cleared)
00:00:03.957345 HM:   CR8_LOAD_EXIT
00:00:03.957346 HM:   CR8_STORE_EXIT
00:00:03.957346 HM:   USE_TPR_SHADOW
00:00:03.957347 HM:   NMI_WINDOW_EXIT
00:00:03.957348 HM:   MOV_DR_EXIT
00:00:03.957348 HM:   UNCOND_IO_EXIT
00:00:03.957349 HM:   USE_IO_BITMAPS
00:00:03.957349 HM:   MONITOR_TRAP_FLAG
00:00:03.957350 HM:   USE_MSR_BITMAPS
00:00:03.957352 HM:   MONITOR_EXIT
00:00:03.957352 HM:   PAUSE_EXIT
00:00:03.957353 HM:   USE_SECONDARY_CTLS
00:00:03.957354 HM: MSR_IA32_VMX_PROCBASED_CTLS2      = 0x3cff00000000
00:00:03.957355 HM:   VIRT_APIC_ACCESS
00:00:03.957356 HM:   EPT
00:00:03.957357 HM:   DESC_TABLE_EXIT
00:00:03.957357 HM:   RDTSCP
00:00:03.957358 HM:   VIRT_X2APIC_MODE
00:00:03.957359 HM:   VPID
00:00:03.957359 HM:   WBINVD_EXIT
00:00:03.957360 HM:   UNRESTRICTED_GUEST
00:00:03.957361 HM:   APIC_REG_VIRT (must be cleared)
00:00:03.957361 HM:   VIRT_INT_DELIVERY (must be cleared)
00:00:03.957362 HM:   PAUSE_LOOP_EXIT
00:00:03.957363 HM:   RDRAND_EXIT
00:00:03.957363 HM:   INVPCID
00:00:03.957364 HM:   VMFUNC
00:00:03.957365 HM:   VMCS_SHADOWING (must be cleared)
00:00:03.957365 HM:   ENCLS_EXIT (must be cleared)
00:00:03.957366 HM:   RDSEED_EXIT (must be cleared)
00:00:03.957366 HM:   PML (must be cleared)
00:00:03.957367 HM:   EPT_XCPT_VE (must be cleared)
00:00:03.957367 HM:   CONCEAL_VMX_FROM_PT (must be cleared)
00:00:03.957368 HM:   XSAVES_XRSTORS (must be cleared)
00:00:03.957369 HM:   PASID_TRANSLATE (must be cleared)
00:00:03.957369 HM:   MODE_BASED_EPT_PERM (must be cleared)
00:00:03.957370 HM:   SPP_EPT (must be cleared)
00:00:03.957370 HM:   PT_EPT (must be cleared)
00:00:03.957371 HM:   TSC_SCALING (must be cleared)
00:00:03.957371 HM:   USER_WAIT_PAUSE (must be cleared)
00:00:03.957372 HM:   PCONFIG (must be cleared)
00:00:03.957373 HM:   ENCLV_EXIT (must be cleared)
00:00:03.957373 HM:   BUS_LOCK_DETECT (must be cleared)
00:00:03.957374 HM:   INSTR_TIMEOUT (must be cleared)
00:00:03.957374 HM: MSR_IA32_VMX_ENTRY_CTLS           = 0xffff000011ff
00:00:03.957376 HM:   LOAD_DEBUG (must be set)
00:00:03.957376 HM:   IA32E_MODE_GUEST
00:00:03.957377 HM:   ENTRY_TO_SMM
00:00:03.957377 HM:   DEACTIVATE_DUAL_MON
00:00:03.957378 HM:   LOAD_PERF_MSR
00:00:03.957379 HM:   LOAD_PAT_MSR
00:00:03.957380 HM:   LOAD_EFER_MSR
00:00:03.957380 HM:   LOAD_BNDCFGS_MSR (must be cleared)
00:00:03.957381 HM:   CONCEAL_VMX_FROM_PT (must be cleared)
00:00:03.957381 HM:   LOAD_RTIT_CTL_MSR (must be cleared)
00:00:03.957382 HM:   LOAD_UINV (must be cleared)
00:00:03.957383 HM:   LOAD_CET_STATE (must be cleared)
00:00:03.957383 HM:   LOAD_LBR_CTL_MSR (must be cleared)
00:00:03.957384 HM:   LOAD_PKRS_MSR (must be cleared)
00:00:03.957384 HM: MSR_IA32_VMX_EXIT_CTLS            = 0x7fffff00036dff
00:00:03.957386 HM:   SAVE_DEBUG (must be set)
00:00:03.957386 HM:   HOST_ADDR_SPACE_SIZE
00:00:03.957387 HM:   LOAD_PERF_MSR
00:00:03.957388 HM:   ACK_EXT_INT
00:00:03.957388 HM:   SAVE_PAT_MSR
00:00:03.957389 HM:   LOAD_PAT_MSR
00:00:03.957390 HM:   SAVE_EFER_MSR
00:00:03.957390 HM:   LOAD_EFER_MSR
00:00:03.957391 HM:   SAVE_PREEMPT_TIMER
00:00:03.957392 HM:   CLEAR_BNDCFGS_MSR (must be cleared)
00:00:03.957392 HM:   CONCEAL_VMX_FROM_PT (must be cleared)
00:00:03.957393 HM:   CLEAR_RTIT_CTL_MSR (must be cleared)
00:00:03.957394 HM:   CLEAR_LBR_CTL_MSR (must be cleared)
00:00:03.957394 HM:   CLEAR_UINV (must be cleared)
00:00:03.957395 HM:   LOAD_CET_STATE (must be cleared)
00:00:03.957395 HM:   LOAD_PKRS_MSR (must be cleared)
00:00:03.957396 HM:   SAVE_PERF_MSR (must be cleared)
00:00:03.957397 HM: MSR_IA32_VMX_TRUE_PINBASED_CTLS   = 0x7f00000016
00:00:03.957398 HM: MSR_IA32_VMX_TRUE_PROCBASED_CTLS  = 0xfff9fffe04006172
00:00:03.957399 HM: MSR_IA32_VMX_TRUE_ENTRY_CTLS      = 0xffff000011fb
00:00:03.957401 HM: MSR_IA32_VMX_TRUE_EXIT_CTLS       = 0x7fffff00036dfb
00:00:03.957402 HM: MSR_IA32_VMX_MISC                 = 0x300481e5
00:00:03.957403 HM:   PREEMPT_TIMER_TSC                 = 0x5
00:00:03.957404 HM:   EXIT_SAVE_EFER_LMA                = true
00:00:03.957405 HM:   ACTIVITY_STATES                   = 0x7 ( HLT SHUTDOWN SIPI_WAIT )
00:00:03.957407 HM:   INTEL_PT                          = false
00:00:03.957407 HM:   SMM_READ_SMBASE_MSR               = true
00:00:03.957408 HM:   CR3_TARGET                        = 0x4
00:00:03.957409 HM:   MAX_MSR                           = 0x0 ( 512 )
00:00:03.957410 HM:   VMXOFF_BLOCK_SMI                  = true
00:00:03.957411 HM:   VMWRITE_ALL                       = true
00:00:03.957412 HM:   ENTRY_INJECT_SOFT_INT             = 0x0
00:00:03.957413 HM:   MSEG_ID                           = 0x0
00:00:03.957413 HM: MSR_IA32_VMX_VMCS_ENUM            = 0x2a
00:00:03.957414 HM:   HIGHEST_IDX                       = 0x15
00:00:03.957415 HM: MSR_IA32_VMX_EPT_VPID_CAP         = 0xf0106334141
00:00:03.957416 HM:   RWX_X_ONLY
00:00:03.957417 HM:   PAGE_WALK_LENGTH_4
00:00:03.957418 HM:   MEMTYPE_UC
00:00:03.957418 HM:   MEMTYPE_WB
00:00:03.957419 HM:   PDE_2M
00:00:03.957420 HM:   PDPTE_1G
00:00:03.957420 HM:   INVEPT
00:00:03.957421 HM:   ACCESS_DIRTY
00:00:03.957422 HM:   INVEPT_SINGLE_CONTEXT
00:00:03.957422 HM:   INVEPT_ALL_CONTEXTS
00:00:03.957423 HM:   INVVPID
00:00:03.957424 HM:   INVVPID_INDIV_ADDR
00:00:03.957425 HM:   INVVPID_SINGLE_CONTEXT
00:00:03.957425 HM:   INVVPID_ALL_CONTEXTS
00:00:03.957426 HM:   INVVPID_SINGLE_CONTEXT_RETAIN_GLOBALS
00:00:03.957426 HM: MSR_IA32_VMX_VMFUNC               = 0x1
00:00:03.957427 HM:   EPTP_SWITCHING
00:00:03.957428 HM: MSR_IA32_VMX_CR0_FIXED0           = 0x80000021
00:00:03.957429 HM: MSR_IA32_VMX_CR0_FIXED1           = 0xffffffff
00:00:03.957430 HM: MSR_IA32_VMX_CR4_FIXED0           = 0x2000
00:00:03.957431 HM: MSR_IA32_VMX_CR4_FIXED1           = 0x1727ff
00:00:03.957432 HM: Guest support: 32-bit and 64-bit
00:00:03.957441 HM: Supports VMCS EFER fields         = true
00:00:03.957442 HM: Enabled VMX
00:00:03.957445 HM: Enabled nested paging
00:00:03.957446 HM:   EPT flush type                  = Single context
00:00:03.957447 HM: Enabled unrestricted guest execution
00:00:03.957448 HM: Enabled VPID
00:00:03.957448 HM:   VPID flush type                 = Single context
00:00:03.957449 HM: Enabled VMX-preemption timer (cPreemptTimerShift=5)
00:00:03.957450 HM: VT-x/AMD-V init method: Global
00:00:03.957451 HM: VT-x/AMD-V enable method: VirtualBox
00:00:03.957452 EM: Exit history optimizations: enabled=true enabled-r0=true enabled-r0-no-preemption=false
00:00:04.028421 PcBios: SATA LUN#0 LCHS=1024/255/63
00:00:04.028471 APIC: fPostedIntrsEnabled=false fVirtApicRegsEnabled=false fSupportsTscDeadline=false
00:00:04.028488 TMR3UtcNow: nsNow=1 782 044 870 822 784 000 nsPrev=0 -> cNsDelta=1 782 044 870 822 784 000 (offLag=0 offVirtualSync=0 offVirtualSyncGivenUp=0, NowAgain=1 782 044 870 822 785 000)
00:00:04.028507 VMM: fUsePeriodicPreemptionTimers=false
00:00:04.028706 CPUM: Logical host processors: 4 present, 4 max, 4 online, online mask: 000000000000000f
00:00:04.028822 CPUM: Physical host cores: 2
00:00:04.028823 ************************ CPUID dump *************************
00:00:04.029229          Raw Standard CPUID Leaves
00:00:04.029230      Leaf/sub-leaf  eax      ebx      ecx      edx
00:00:04.029231 Gst: 00000000/0000  0000000d 756e6547 6c65746e 49656e69
00:00:04.029233 Hst:                0000000d 756e6547 6c65746e 49656e69
00:00:04.029235 Gst: 00000001/0000  00040651 00010800 f6fa320b 178bfbff
00:00:04.029237 Hst:                00040651 03100800 7fdafbbf bfebfbff
00:00:04.029239 Gst: 00000002/0000  76036301 00f0b5ff 00000000 00c10000
00:00:04.029241 Hst:                76036301 00f0b5ff 00000000 00c10000
00:00:04.029242 Gst: 00000003/0000  00000000 00000000 00000000 00000000
00:00:04.029243 Hst:                00000000 00000000 00000000 00000000
00:00:04.029244 Gst: 00000004/0000  00000121 01c0003f 0000003f 00000000
00:00:04.029246 Hst:                1c004121 01c0003f 0000003f 00000000
00:00:04.029247 Gst: 00000004/0001  00000122 01c0003f 0000003f 00000000
00:00:04.029249 Hst:                1c004122 01c0003f 0000003f 00000000
00:00:04.029250 Gst: 00000004/0002  00000143 01c0003f 000001ff 00000000
00:00:04.029252 Hst:                1c004143 01c0003f 000001ff 00000000
00:00:04.029253 Gst: 00000004/0003  00000163 02c0003f 00000fff 00000006
00:00:04.029255 Hst:                1c03c163 02c0003f 00000fff 00000006
00:00:04.029256 Gst: 00000004/0004  00000000 00000000 00000000 00000000
00:00:04.029257 Hst:                00000000 00000000 00000000 00000000
00:00:04.029258 Gst: 00000005/0000  00000040 00000040 00000000 00000000
00:00:04.029260 Hst:                00000040 00000040 00000003 11142120
00:00:04.029261 Gst: 00000006/0000  00000004 00000000 00000000 00000000
00:00:04.029262 Hst:                00000077 00000002 00000009 00000000
00:00:04.029263 Gst: 00000007/0000  00000000 00002529 00000000 10000400
00:00:04.029265 Hst:                00000000 000027ab 00000000 9c000600
00:00:04.029266 Gst: 00000007/0001  00000000 00000000 00000000 00000000
00:00:04.029268 Hst:                00000000 00000000 00000000 00000000
00:00:04.029269 Gst: 00000007/0002  00000000 00000000 00000000 00000000
00:00:04.029270 Hst:                00000000 00000000 00000000 00000000
00:00:04.029271 Gst: 00000008/0000  00000000 00000000 00000000 00000000
00:00:04.029273 Hst:                00000000 00000000 00000000 00000000
00:00:04.029274 Gst: 00000009/0000  00000000 00000000 00000000 00000000
00:00:04.029275 Hst:                00000000 00000000 00000000 00000000
00:00:04.029276 Gst: 0000000a/0000  00000000 00000000 00000000 00000000
00:00:04.029277 Hst:                07300403 00000000 00000000 00000603
00:00:04.029279 Gst: 0000000b/0000  00000000 00000001 00000100 00000000
00:00:04.029280 Hst:                00000001 00000002 00000100 00000003
00:00:04.029281 Gst: 0000000b/0001  00000001 00000001 00000201 00000000
00:00:04.029283 Hst:                00000004 00000004 00000201 00000003
00:00:04.029284 Gst: 0000000b/0002  00000000 00000000 00000002 00000000
00:00:04.029285 Hst:                00000000 00000000 00000002 00000003
00:00:04.029286 Gst: 0000000c/0000  00000000 00000000 00000000 00000000
00:00:04.029287 Hst:                00000000 00000000 00000000 00000000
00:00:04.029288 Gst: 0000000d/0000  00000007 00000340 00000340 00000000
00:00:04.029290 Hst:                00000007 00000340 00000340 00000000
00:00:04.029291 Gst: 0000000d/0001  00000000 00000000 00000000 00000000
00:00:04.029292 Hst:                00000001 00000000 00000000 00000000
00:00:04.029293 Gst: 0000000d/0002  00000100 00000240 00000000 00000000
00:00:04.029295 Hst:                00000100 00000240 00000000 00000000
00:00:04.029296 Gst: 0000000d/0003  00000000 00000000 00000000 00000000
00:00:04.029297 Hst:                00000000 00000000 00000000 00000000
00:00:04.029299                                Name: GenuineIntel
00:00:04.029301                            Supports: 0x00000000-0x0000000d
00:00:04.029303                              Family:  6 	Extended: 0 	Effective: 6
00:00:04.029305                               Model:  5 	Extended: 4 	Effective: 69
00:00:04.029307                            Stepping: 1
00:00:04.029309                                Type: 0 (primary)
00:00:04.029310                             APIC ID: 0x00
00:00:04.029312                        Logical CPUs: 1
00:00:04.029313                        CLFLUSH Size: 8
00:00:04.029314                            Brand ID: 0x00
00:00:04.029316 Features
00:00:04.029316   Mnemonic - Description                                  = Guest (Host)
00:00:04.029319   FPU - x87 FPU on Chip                                   = 1 (1)
00:00:04.029322   VME - Virtual 8086 Mode Enhancements                    = 1 (1)
00:00:04.029324   DE - Debugging extensions                               = 1 (1)
00:00:04.029325   PSE - Page Size Extension                               = 1 (1)
00:00:04.029327   TSC - Time Stamp Counter                                = 1 (1)
00:00:04.029329   MSR - Model Specific Registers                          = 1 (1)
00:00:04.029331   PAE - Physical Address Extension                        = 1 (1)
00:00:04.029332   MCE - Machine Check Exception                           = 1 (1)
00:00:04.029334   CX8 - CMPXCHG8B instruction                             = 1 (1)
00:00:04.029336   APIC - APIC On-Chip                                     = 1 (1)
00:00:04.029338   SEP - SYSENTER and SYSEXIT Present                      = 1 (1)
00:00:04.029339   MTRR - Memory Type Range Registers                      = 1 (1)
00:00:04.029341   PGE - PTE Global Bit                                    = 1 (1)
00:00:04.029343   MCA - Machine Check Architecture                        = 1 (1)
00:00:04.029344   CMOV - Conditional Move instructions                    = 1 (1)
00:00:04.029346   PAT - Page Attribute Table                              = 1 (1)
00:00:04.029348   PSE-36 - 36-bit Page Size Extension                     = 1 (1)
00:00:04.029349   PSN - Processor Serial Number                           = 0 (0)
00:00:04.029351   CLFSH - CLFLUSH instruction                             = 1 (1)
00:00:04.029353   DS - Debug Store                                        = 0 (1)
00:00:04.029355   ACPI - Thermal Mon. & Soft. Clock Ctrl.                 = 0 (1)
00:00:04.029357   MMX - Intel MMX Technology                              = 1 (1)
00:00:04.029358   FXSR - FXSAVE and FXRSTOR instructions                  = 1 (1)
00:00:04.029360   SSE - SSE support                                       = 1 (1)
00:00:04.029362   SSE2 - SSE2 support                                     = 1 (1)
00:00:04.029364   SS - Self Snoop                                         = 0 (1)
00:00:04.029366   HTT - Hyper-Threading Technology                        = 1 (1)
00:00:04.029367   TM - Therm. Monitor                                     = 0 (1)
00:00:04.029369   PBE - Pending Break Enabled                             = 0 (1)
00:00:04.029371   SSE3 - SSE3 support                                     = 1 (1)
00:00:04.029373   PCLMUL - PCLMULQDQ support (for AES-GCM)                = 1 (1)
00:00:04.029375   DTES64 - DS Area 64-bit Layout                          = 0 (1)
00:00:04.029376   MONITOR - MONITOR/MWAIT instructions                    = 1 (1)
00:00:04.029378   CPL-DS - CPL Qualified Debug Store                      = 0 (1)
00:00:04.029379   VMX - Virtual Machine Extensions                        = 0 (1)
00:00:04.029381   SMX - Safer Mode Extensions                             = 0 (0)
00:00:04.029383   EST - Enhanced SpeedStep Technology                     = 0 (1)
00:00:04.029384   TM2 - Terminal Monitor 2                                = 0 (1)
00:00:04.029386   SSSE3 - Supplemental Streaming SIMD Extensions 3        = 1 (1)
00:00:04.029387   CNTX-ID - L1 Context ID                                 = 0 (0)
00:00:04.029389   SDBG - Silicon Debug interface                          = 0 (1)
00:00:04.029391   FMA - Fused Multiply Add extensions                     = 1 (1)
00:00:04.029393   CX16 - CMPXCHG16B instruction                           = 1 (1)
00:00:04.029394   TPRUPDATE - xTPR Update Control                         = 0 (1)
00:00:04.029396   PDCM - Perf/Debug Capability MSR                        = 0 (1)
00:00:04.029397   PCID - Process Context Identifiers                      = 1 (1)
00:00:04.029399   DCA - Direct Cache Access                               = 0 (0)
00:00:04.029401   SSE4_1 - SSE4_1 support                                 = 1 (1)
00:00:04.029403   SSE4_2 - SSE4_2 support                                 = 1 (1)
00:00:04.029405   X2APIC - x2APIC support                                 = 1 (0)
00:00:04.029407   MOVBE - MOVBE instruction                               = 1 (1)
00:00:04.029408   POPCNT - POPCNT instruction                             = 1 (1)
00:00:04.029410   TSCDEADL - Time Stamp Counter Deadline                  = 0 (1)
00:00:04.029412   AES - AES instructions                                  = 1 (1)
00:00:04.029414   XSAVE - XSAVE instruction                               = 1 (1)
00:00:04.029415   OSXSAVE - OSXSAVE instruction                           = 0 (1)
00:00:04.029417   AVX - AVX support                                       = 1 (1)
00:00:04.029419   F16C - 16-bit floating point conversion instructions    = 1 (1)
00:00:04.029420   RDRAND - RDRAND instruction                             = 1 (1)
00:00:04.029422   HVP - Hypervisor Present (we're a guest)                = 1 (0)
00:00:04.029424 Structured Extended Feature Flags Enumeration (leaf 7):
00:00:04.029425 Sub-leaf 0
00:00:04.029425   Mnemonic - Description                                  = Guest (Host)
00:00:04.029427   FSGSBASE - RDFSBASE/RDGSBASE/WRFSBASE/WRGSBASE instr.   = 1 (1)
00:00:04.029428   TSCADJUST - Supports MSR_IA32_TSC_ADJUST                = 0 (1)
00:00:04.029430   SGX - Supports Software Guard Extensions                = 0 (0)
00:00:04.029431   BMI1 - Advanced Bit Manipulation extension 1            = 1 (1)
00:00:04.029433   HLE - Hardware Lock Elision                             = 0 (0)
00:00:04.029434   AVX2 - Advanced Vector Extensions 2                     = 1 (1)
00:00:04.029436   FDP_EXCPTN_ONLY - FPU DP only updated on exceptions     = 0 (0)
00:00:04.029437   SMEP - Supervisor Mode Execution Prevention             = 0 (1)
00:00:04.029439   BMI2 - Advanced Bit Manipulation extension 2            = 1 (1)
00:00:04.029440   ERMS - Enhanced REP MOVSB/STOSB instructions            = 0 (1)
00:00:04.029441   INVPCID - INVPCID instruction                           = 1 (1)
00:00:04.029443   RTM - Restricted Transactional Memory                   = 0 (0)
00:00:04.029445   PQM - Platform Quality of Service Monitoring            = 0 (0)
00:00:04.029446   DEPFPU_CS_DS - Deprecates FPU CS, FPU DS values if set  = 1 (1)
00:00:04.029447   MPE - Intel Memory Protection Extensions                = 0 (0)
00:00:04.029448   PQE - Platform Quality of Service Enforcement           = 0 (0)
00:00:04.029450   AVX512F - AVX512 Foundation instructions                = 0 (0)
00:00:04.029451   AVX512DQ - Supports the AVX512DQ instructions           = 0 (0)
00:00:04.029453   RDSEED - RDSEED instruction                             = 0 (0)
00:00:04.029454   ADX - ADCX/ADOX instructions                            = 0 (0)
00:00:04.029456   SMAP - Supervisor Mode Access Prevention                = 0 (0)
00:00:04.029458   AVX512_IFMA - Supports the AVX512_IFMA instructions     = 0 (0)
00:00:04.029459   CLFLUSHOPT - CLFLUSHOPT (Cache Line Flush) instruction  = 0 (0)
00:00:04.029460   CLWB - CLWB instruction                                 = 0 (0)
00:00:04.029462   INTEL_PT - Intel Processor Trace                        = 0 (0)
00:00:04.029463   AVX512PF - AVX512 Prefetch instructions                 = 0 (0)
00:00:04.029465   AVX512ER - AVX512 Exponential & Reciprocal instructions = 0 (0)
00:00:04.029466   AVX512CD - AVX512 Conflict Detection instructions       = 0 (0)
00:00:04.029467   SHA - Secure Hash Algorithm extensions                  = 0 (0)
00:00:04.029469   AVX512BW - Supports the AVX512BW instructions           = 0 (0)
00:00:04.029470   AVX512VL - Supports the AVX512VL instructions           = 0 (0)
00:00:04.029471   PREFETCHWT1 - PREFETCHWT1 instruction                   = 0 (0)
00:00:04.029473   AVX512_VBMI - Supports the AVX512_VBMI instructions     = 0 (0)
00:00:04.029474   UMIP - User mode insturction prevention                 = 0 (0)
00:00:04.029476   PKU - Protection Key for Usermode pages                 = 0 (0)
00:00:04.029477   OSPKE - CR4.PKU mirror                                  = 0 (0)
00:00:04.029479   WAITPKG - TPAUSE, UMONITOR & UMWAIT support             = 0 (0)
00:00:04.029480   AVX512_VBMI2 - Supports the AVX512_VBMI2 instructions   = 0 (0)
00:00:04.029481   CET_SS - CET shadow stack support                       = 0 (0)
00:00:04.029483   GFNI - Supports the GFNI instruction set                = 0 (0)
00:00:04.029484   VAES - Supports the VEX encoded AES instruction set     = 0 (0)
00:00:04.029486   VPCLMULQDQ - Supports the VPCLMULQDQ instruction        = 0 (0)
00:00:04.029487   AVX512_VNNI - Supports the AVX512_VNNI instructions     = 0 (0)
00:00:04.029488   AVX512_BITALG - Supports the AVX512_BITALG instructions = 0 (0)
00:00:04.029489   TME_EN - Supports 4 IA32_TME_ MSRs                      = 0 (0)
00:00:04.029491   AVX512_VPOPCNTDQ - Supports the AVX512_VPOPCNTDQ instructions = 0 (0)
00:00:04.029492   LA57 - 57-bit linear addresses                          = 0 (0)
00:00:04.029493   MAWAU - Value used by BNDLDX & BNDSTX                   = 0x0 (0x0)
00:00:04.029495   RDPID - Read processor ID support                       = 0 (0)
00:00:04.029497   KEY_LOCKER - Supports Key Locker                        = 0 (0)
00:00:04.029498   BUS_LOCK_DETECT - Supports OS bus-lock detection        = 0 (0)
00:00:04.029500   CLDEMOTE - Supports cache line demote                   = 0 (0)
00:00:04.029501   MOVDIRI - Supports the MOVDIRI instruction              = 0 (0)
00:00:04.029503   MOVDIRI64B - Supports the MOVDIRI64B instruction        = 0 (0)
00:00:04.029504   ENQCMD - Supports the Eqnqueue Stores                   = 0 (0)
00:00:04.029505   SGX_LC - Supports SGX Launch Configuration              = 0 (0)
00:00:04.029507   PKS - Supports protection keys for supervisor pages     = 0 (0)
00:00:04.029508   SGX_KEYS - Supports Attestation Service for Intel SGX   = 0 (0)
00:00:04.029509   AVX512_4VNNIW - Supports the AVX512_4VNNIW instructions = 0 (0)
00:00:04.029510   AVX512_4FMAPS - Supports the AVX512_4FMAPS instructions = 0 (0)
00:00:04.029511   FAST_SHORT_REP_MOVSB - Supports fast short REP MOVSB    = 0 (0)
00:00:04.029512   UINTR - Supports user interrupts                        = 0 (0)
00:00:04.029514   AVX512_VP2INTERSECT - Supports the AVX512_VP2INTERSECT instr. = 0 (0)
00:00:04.029515   MCU_OPT_CTRL - Supports IA32_MCU_OPT_CTRL               = 0 (1)
00:00:04.029517   MD_CLEAR - Supports MDS related buffer clearing         = 1 (1)
00:00:04.029518   RTM_ALWAYS_ABORT - XBEGIN always aborts and does fallback = 0 (0)
00:00:04.029519   RTM_FORCE_ABORT - Supports IA32_TSX_FORCE_ABORT         = 0 (0)
00:00:04.029520   SERIALIZE - Supports the SERIALIZE instruction          = 0 (0)
00:00:04.029521   HYBRID - Identifiers the CPU as a hybrid part           = 0 (0)
00:00:04.029523   TSXLDTRK - Supports susp/resume of TSX ld addr tracking = 0 (0)
00:00:04.029524   PCONFIG - Supports the PCONFIG instruction              = 0 (0)
00:00:04.029525   ARCH_LBRS - Supports architectural LBRs                 = 0 (0)
00:00:04.029527   CET_IBT - Supports indirect branch tracking w/ CET      = 0 (0)
00:00:04.029528   AMX_BF16 - Supports tile comp. ops on bfloat16 number   = 0 (0)
00:00:04.029529   AVX512_FP16 - Supports the FP16 data type with AVX512   = 0 (0)
00:00:04.029530   AMX_TILE - Supports the tile architecture               = 0 (0)
00:00:04.029532   AMX_INT8 - Supports tile comp. ops on 8-bit integers    = 0 (0)
00:00:04.029533   IBRS_IBPB - IA32_SPEC_CTRL.IBRS and IA32_PRED_CMD.IBPB  = 0 (1)
00:00:04.029534   STIBP - Supports IA32_SPEC_CTRL.STIBP                   = 0 (1)
00:00:04.029535   FLUSH_CMD - Supports IA32_FLUSH_CMD                     = 1 (1)
00:00:04.029537   ARCHCAP - Supports IA32_ARCH_CAP                        = 0 (0)
00:00:04.029538   CORECAP - Supports IA32_CORE_CAP                        = 0 (0)
00:00:04.029540   SSBD - Supports IA32_SPEC_CTRL.SSBD                     = 0 (1)
00:00:04.029542  Sub-leaf 2
00:00:04.029542   Mnemonic - Description                                  = Guest (Host)
00:00:04.029543   PSFD - Supports IA32_SPEC_CTRL[7] (PSFD)                = 0 (0)
00:00:04.029545   IPRED_CTRL - Supports IA32_SPEC_CTRL[4:3] (IPRED_DIS)   = 0 (0)
00:00:04.029546   RRSBA_CTRL - Supports IA32_SPEC_CTRL[6:5] (RRSBA_DIS)   = 0 (0)
00:00:04.029547   DDPD_U - Supports IA32_SPEC_CTRL[8] (DDPD_U)            = 0 (0)
00:00:04.029548   BHI_CTRL - Supports IA32_SPEC_CTRL[10] (BHI_DIS_S)      = 0 (0)
00:00:04.029550   MCDT_NO - No MXCSR Config Dependent Timing issues       = 0 (0)
00:00:04.029551   UC_LOCK_DIS - Supports UC-lock disable and causing #AC  = 0 (0)
00:00:04.029552   MONITOR_MITG_NO - No MONITOR/UMONITOR power issues      = 0 (0)
00:00:04.029553 Processor Extended State Enumeration (leaf 0xd):
00:00:04.029554    XSAVE area cur/max size by XCR0, Guest: 0x340/0x340
00:00:04.029556    XSAVE area cur/max size by XCR0,  Host: 0x340/0x340
00:00:04.029557                    Valid XCR0 bits, Guest: 0x00000000`00000007 ( x87 SSE YMM_Hi128 )
00:00:04.029561                    Valid XCR0 bits,  Host: 0x00000000`00000007 ( x87 SSE YMM_Hi128 )
00:00:04.029564                     XSAVE features, Guest
00:00:04.029565                     XSAVE features,  Host XSAVEOPT
00:00:04.029567       XSAVE area cur size XCR0|XSS, Guest: 0x0
00:00:04.029568       XSAVE area cur size XCR0|XSS,  Host: 0x0
00:00:04.029569                Valid IA32_XSS bits, Guest: 0x00000000`00000000
00:00:04.029571                Valid IA32_XSS bits,  Host: 0x00000000`00000000
00:00:04.029572   State #2, Guest: off=0x0240, cb=0x0100 IA32_XSS-bit -- YMM_Hi128
00:00:04.029575   State #2,  Host:  off=0x0240, cb=0x0100 IA32_XSS-bit -- YMM_Hi128
00:00:04.029601          Raw Hypervisor CPUID Leaves
00:00:04.029601      Leaf/sub-leaf  eax      ebx      ecx      edx
00:00:04.029601 Gst: 40000000/0000  40000001 4b4d564b 564b4d56 0000004d
00:00:04.029601 Gst: 40000001/0000  01000089 00000000 00000000 00000000
00:00:04.029601          Raw Extended CPUID Leaves
00:00:04.029601      Leaf/sub-leaf  eax      ebx      ecx      edx
00:00:04.029601 Gst: 80000000/0000  80000008 00000000 00000000 00000000
00:00:04.029601 Hst:                80000008 00000000 00000000 00000000
00:00:04.029601 Gst: 80000001/0000  00000000 00000000 00000021 28100800
00:00:04.029601 Hst:                00000000 00000000 00000021 2c100800
00:00:04.029601 Gst: 80000002/0000  65746e49 2952286c 726f4320 4d542865
00:00:04.029601 Hst:                65746e49 2952286c 726f4320 4d542865
00:00:04.029601 Gst: 80000003/0000  35692029 3032342d 43205530 40205550
00:00:04.029601 Hst:                35692029 3032342d 43205530 40205550
00:00:04.029601 Gst: 80000004/0000  362e3120 7a484730 00000000 00000000
00:00:04.029601 Hst:                362e3120 7a484730 00000000 00000000
00:00:04.029601 Gst: 80000005/0000  00000000 00000000 00000000 00000000
00:00:04.029601 Hst:                00000000 00000000 00000000 00000000
00:00:04.029601 Gst: 80000006/0000  00000000 00000000 01006040 00000000
00:00:04.029601 Hst:                00000000 00000000 01006040 00000000
00:00:04.029601 Gst: 80000007/0000  00000000 00000000 00000000 00000100
00:00:04.029601 Hst:                00000000 00000000 00000000 00000100
00:00:04.029601 Gst: 80000008/0000  00003027 00000000 00000000 00000000
00:00:04.029601 Hst:                00003027 00000000 00000000 00000000
00:00:04.029601 Ext Name:                        
00:00:04.029601 Ext Supports:                    0x80000000-0x80000008
00:00:04.029601 Family:                          0  	Extended: 0 	Effective: 0
00:00:04.029601 Model:                           0  	Extended: 0 	Effective: 0
00:00:04.029601 Stepping:                        0
00:00:04.029601 Brand ID:                        0x000
00:00:04.029601 Ext Features
00:00:04.029601   Mnemonic - Description                                  = Guest (Host)
00:00:04.029601   FPU - x87 FPU on Chip                                   = 0 (0)
00:00:04.029601   VME - Virtual 8086 Mode Enhancements                    = 0 (0)
00:00:04.029601   DE - Debugging extensions                               = 0 (0)
00:00:04.029601   PSE - Page Size Extension                               = 0 (0)
00:00:04.029601   TSC - Time Stamp Counter                                = 0 (0)
00:00:04.029601   MSR - K86 Model Specific Registers                      = 0 (0)
00:00:04.029601   PAE - Physical Address Extension                        = 0 (0)
00:00:04.029601   MCE - Machine Check Exception                           = 0 (0)
00:00:04.029601   CX8 - CMPXCHG8B instruction                             = 0 (0)
00:00:04.029601   APIC - APIC On-Chip                                     = 0 (0)
00:00:04.029601   SEP - SYSCALL/SYSRET                                    = 1 (1)
00:00:04.029601   MTRR - Memory Type Range Registers                      = 0 (0)
00:00:04.029601   PGE - PTE Global Bit                                    = 0 (0)
00:00:04.029601   MCA - Machine Check Architecture                        = 0 (0)
00:00:04.029601   CMOV - Conditional Move instructions                    = 0 (0)
00:00:04.029601   PAT - Page Attribute Table                              = 0 (0)
00:00:04.029601   PSE-36 - 36-bit Page Size Extension                     = 0 (0)
00:00:04.029601   NX - No-Execute/Execute-Disable                         = 1 (1)
00:00:04.029601   AXMMX - AMD Extensions to MMX instructions              = 0 (0)
00:00:04.029601   MMX - Intel MMX Technology                              = 0 (0)
00:00:04.029601   FXSR - FXSAVE and FXRSTOR Instructions                  = 0 (0)
00:00:04.029601   FFXSR - AMD fast FXSAVE and FXRSTOR instructions        = 0 (0)
00:00:04.029601   Page1GB - 1 GB large page                               = 0 (1)
00:00:04.029601   RDTSCP - RDTSCP instruction                             = 1 (1)
00:00:04.029601   LM - AMD64 Long Mode                                    = 1 (1)
00:00:04.029601   3DNOWEXT - AMD Extensions to 3DNow                      = 0 (0)
00:00:04.029601   3DNOW - AMD 3DNow                                       = 0 (0)
00:00:04.029601   LahfSahf - LAHF/SAHF support in 64-bit mode             = 1 (1)
00:00:04.029601   CmpLegacy - Core multi-processing legacy mode           = 0 (0)
00:00:04.029601   SVM - AMD Secure Virtual Machine extensions             = 0 (0)
00:00:04.029601   EXTAPIC - AMD Extended APIC registers                   = 0 (0)
00:00:04.029601   CR8L - AMD LOCK MOV CR0 means MOV CR8                   = 0 (0)
00:00:04.029601   ABM - AMD Advanced Bit Manipulation                     = 1 (1)
00:00:04.029601   SSE4A - SSE4A instructions                              = 0 (0)
00:00:04.029601   MISALIGNSSE - AMD Misaligned SSE mode                   = 0 (0)
00:00:04.029601   3DNOWPRF - AMD PREFETCH and PREFETCHW instructions      = 0 (0)
00:00:04.029601   OSVW - AMD OS Visible Workaround                        = 0 (0)
00:00:04.029601   IBS - Instruct Based Sampling                           = 0 (0)
00:00:04.029601   XOP - Extended Operation support                        = 0 (0)
00:00:04.029601   SKINIT - SKINIT, STGI, and DEV support                  = 0 (0)
00:00:04.029601   WDT - AMD Watchdog Timer support                        = 0 (0)
00:00:04.029601   LWP - Lightweight Profiling support                     = 0 (0)
00:00:04.029601   FMA4 - Four operand FMA instruction support             = 0 (0)
00:00:04.029601   TCE - Translation Cache Extension support               = 0 (0)
00:00:04.029601   NodeId - NodeId in MSR C001_100C                        = 0 (0)
00:00:04.029601   TBM - Trailing Bit Manipulation instructions            = 0 (0)
00:00:04.029601   TOPOEXT - Topology Extensions                           = 0 (0)
00:00:04.029601   PRFEXTCORE - Performance Counter Extensions support     = 0 (0)
00:00:04.029601   PRFEXTNB - NB Performance Counter Extensions support    = 0 (0)
00:00:04.029601   DATABPEXT - Data-access Breakpoint Extension            = 0 (0)
00:00:04.029601   PERFTSC - Performance Time Stamp Counter                = 0 (0)
00:00:04.029601   PCX_L2I - L2I/L3 Performance Counter Extensions         = 0 (0)
00:00:04.029601   MONITORX - MWAITX and MONITORX instructions             = 0 (0)
00:00:04.029601   AddrMaskExt - BP Addressing masking extended to bit 31  = 0 (0)
00:00:04.029601 Full Name:                       "Intel(R) Core(TM) i5-4200U CPU @ 1.60GHz"
00:00:04.029601 TLB 2/4M Instr/Uni:              res0     0 entries
00:00:04.029601 TLB 2/4M Data:                   res0     0 entries
00:00:04.029601 TLB 4K Instr/Uni:                res0     0 entries
00:00:04.029601 TLB 4K Data:                     res0     0 entries
00:00:04.029601 L1 Instr Cache Line Size:        0 bytes
00:00:04.029601 L1 Instr Cache Lines Per Tag:    0
00:00:04.029601 L1 Instr Cache Associativity:    res0  
00:00:04.029601 L1 Instr Cache Size:             0 KB
00:00:04.029601 L1 Data Cache Line Size:         0 bytes
00:00:04.029601 L1 Data Cache Lines Per Tag:     0
00:00:04.029601 L1 Data Cache Associativity:     res0  
00:00:04.029601 L1 Data Cache Size:              0 KB
00:00:04.029601 L2 TLB 2/4M Instr/Uni:           off       0 entries
00:00:04.029601 L2 TLB 2/4M Data:                off       0 entries
00:00:04.029601 L2 TLB 4K Instr/Uni:             off       0 entries
00:00:04.029601 L2 TLB 4K Data:                  off       0 entries
00:00:04.029601 L2 Cache Line Size:              64 bytes
00:00:04.029601 L2 Cache Lines Per Tag:          0
00:00:04.029601 L2 Cache Associativity:          8 way 
00:00:04.029601 L2 Cache Size:                   256 KB
00:00:04.029601 L3 Cache Line Size:              0 bytes
00:00:04.029601 L3 Cache Lines Per Tag:          0
00:00:04.029601 L3 Cache Associativity:          off   
00:00:04.029601 L3 Cache Size:                   0 KB
00:00:04.029601 APM Features EDX
00:00:04.029601   Mnemonic - Description                                  = Guest (Host)
00:00:04.029601   TS - Temperature Sensor                                 = 0 (0)
00:00:04.029601   FID - Frequency ID control                              = 0 (0)
00:00:04.029601   VID - Voltage ID control                                = 0 (0)
00:00:04.029601   TTP - Thermal Trip                                      = 0 (0)
00:00:04.029601   TM - Hardware Thermal Control (HTC)                     = 0 (0)
00:00:04.029601   100MHzSteps - 100 MHz Multiplier control                = 0 (0)
00:00:04.029601   HwPstate - Hardware P-state control                     = 0 (0)
00:00:04.029601   TscInvariant - Invariant Time Stamp Counter             = 1 (1)
00:00:04.029601   CPB - Core Performance Boost                            = 0 (0)
00:00:04.029601   EffFreqRO - Read-only Effective Frequency Interface     = 0 (0)
00:00:04.029601   ProcFdbkIf - Processor Feedback Interface               = 0 (0)
00:00:04.029601   ProcPwrRep - Core power reporting interface support     = 0 (0)
00:00:04.029601   ConnectedStandby - Connected Standby                    = 0 (0)
00:00:04.029601   RAPL - Running average power limit                      = 0 (0)
00:00:04.029601 Physical Address Width:          39 bits
00:00:04.029601 Virtual Address Width:           48 bits
00:00:04.029601 Max page count for INVLPGB:      0x3027
00:00:04.029601 Max ECX for RDPRU:               0x0
00:00:04.029601 ********************* End of CPUID dump *********************
00:00:04.029601 *********************** VT-x features ***********************
00:00:04.029601 Nested hardware virtualization - VMX features
00:00:04.029601   Mnemonic - Description                                  = guest (host)
00:00:04.029601   VMX - Virtual-Machine Extensions                        = 0 (1)
00:00:04.029601   InsOutInfo - INS/OUTS instruction info.                 = 0 (1)
00:00:04.029601   ExtIntExit - External interrupt exiting                 = 0 (1)
00:00:04.029601   NmiExit - NMI exiting                                   = 0 (1)
00:00:04.029601   VirtNmi - Virtual NMIs                                  = 0 (1)
00:00:04.029601   PreemptTimer - VMX preemption timer                     = 0 (1)
00:00:04.029601   PostedInt - Posted interrupts                           = 0 (0)
00:00:04.029601   IntWindowExit - Interrupt-window exiting                = 0 (1)
00:00:04.029601   TscOffsetting - TSC offsetting                          = 0 (1)
00:00:04.029601   HltExit - HLT exiting                                   = 0 (1)
00:00:04.029601   InvlpgExit - INVLPG exiting                             = 0 (1)
00:00:04.029601   MwaitExit - MWAIT exiting                               = 0 (1)
00:00:04.029601   RdpmcExit - RDPMC exiting                               = 0 (1)
00:00:04.029601   RdtscExit - RDTSC exiting                               = 0 (1)
00:00:04.029601   Cr3LoadExit - CR3-load exiting                          = 0 (1)
00:00:04.029601   Cr3StoreExit - CR3-store exiting                        = 0 (1)
00:00:04.029601   TertiaryExecCtls - Activate tertiary controls           = 0 (0)
00:00:04.029601   Cr8LoadExit  - CR8-load exiting                         = 0 (1)
00:00:04.029601   Cr8StoreExit - CR8-store exiting                        = 0 (1)
00:00:04.029601   UseTprShadow - Use TPR shadow                           = 0 (1)
00:00:04.029601   NmiWindowExit - NMI-window exiting                      = 0 (1)
00:00:04.029601   MovDRxExit - Mov-DR exiting                             = 0 (1)
00:00:04.029601   UncondIoExit - Unconditional I/O exiting                = 0 (1)
00:00:04.029601   UseIoBitmaps - Use I/O bitmaps                          = 0 (1)
00:00:04.029601   MonitorTrapFlag - Monitor Trap Flag                     = 0 (1)
00:00:04.029601   UseMsrBitmaps - MSR bitmaps                             = 0 (1)
00:00:04.029601   MonitorExit - MONITOR exiting                           = 0 (1)
00:00:04.029601   PauseExit - PAUSE exiting                               = 0 (1)
00:00:04.029601   SecondaryExecCtl - Activate secondary controls          = 0 (1)
00:00:04.029601   VirtApic - Virtualize-APIC accesses                     = 0 (1)
00:00:04.029601   Ept - Extended Page Tables                              = 0 (1)
00:00:04.029601   DescTableExit - Descriptor-table exiting                = 0 (1)
00:00:04.029601   Rdtscp - Enable RDTSCP                                  = 0 (1)
00:00:04.029601   VirtX2ApicMode - Virtualize-x2APIC mode                 = 0 (1)
00:00:04.029601   Vpid - Enable VPID                                      = 0 (1)
00:00:04.029601   WbinvdExit - WBINVD exiting                             = 0 (1)
00:00:04.029601   UnrestrictedGuest - Unrestricted guest                  = 0 (1)
00:00:04.029601   ApicRegVirt - APIC-register virtualization              = 0 (0)
00:00:04.029601   VirtIntDelivery - Virtual-interrupt delivery            = 0 (0)
00:00:04.029601   PauseLoopExit - PAUSE-loop exiting                      = 0 (1)
00:00:04.029601   RdrandExit - RDRAND exiting                             = 0 (1)
00:00:04.029601   Invpcid - Enable INVPCID                                = 0 (1)
00:00:04.029601   VmFuncs - Enable VM Functions                           = 0 (1)
00:00:04.029601   VmcsShadowing - VMCS shadowing                          = 0 (0)
00:00:04.029601   RdseedExiting - RDSEED exiting                          = 0 (0)
00:00:04.029601   PML - Page-Modification Log                             = 0 (0)
00:00:04.029601   EptVe - EPT violations can cause #VE                    = 0 (0)
00:00:04.029601   ConcealVmxFromPt - Conceal VMX from Processor Trace     = 0 (0)
00:00:04.029601   XsavesXRstors - Enable XSAVES/XRSTORS                   = 0 (0)
00:00:04.029601   PasidTranslate - PASID translation                      = 0 (0)
00:00:04.029601   ModeBasedExecuteEpt - Mode-based execute permissions    = 0 (0)
00:00:04.029601   SppEpt - Sub-page page write permissions for EPT        = 0 (0)
00:00:04.029601   PtEpt - Processor Trace address' translatable by EPT    = 0 (0)
00:00:04.029601   UseTscScaling - Use TSC scaling                         = 0 (0)
00:00:04.029601   UserWaitPause - Enable TPAUSE, UMONITOR and UMWAIT      = 0 (0)
00:00:04.029601   Pconfig - Enable PCONFIG                                = 0 (0)
00:00:04.029601   EnclvExit - ENCLV exiting                               = 0 (0)
00:00:04.029601   BusLockDetect - VMM Bus-Lock detection                  = 0 (0)
00:00:04.029601   InstrTimeout - Instruction timeout                      = 0 (0)
00:00:04.029601   LoadIwKeyExit - LOADIWKEY exiting                       = 0 (0)
00:00:04.029601   HLAT - Hypervisor-managed linear-address translation    = 0 (0)
00:00:04.029601   EptPagingWrite - EPT paging-write                       = 0 (0)
00:00:04.029601   GstPagingVerify - Guest-paging verification             = 0 (0)
00:00:04.029601   IpiVirt - IPI virtualization                            = 0 (0)
00:00:04.029601   VirtSpecCtrl - Virtualize IA32_SPEC_CTRL                = 0 (0)
00:00:04.029601   EntryLoadDebugCtls - Load debug controls on VM-entry    = 0 (1)
00:00:04.029601   Ia32eModeGuest - IA-32e mode guest                      = 0 (1)
00:00:04.029601   EntryLoadEferMsr - Load IA32_EFER MSR on VM-entry       = 0 (1)
00:00:04.029601   EntryLoadPatMsr - Load IA32_PAT MSR on VM-entry         = 0 (1)
00:00:04.029601   ExitSaveDebugCtls - Save debug controls on VM-exit      = 0 (1)
00:00:04.029601   HostAddrSpaceSize - Host address-space size             = 0 (1)
00:00:04.029601   ExitAckExtInt - Acknowledge interrupt on VM-exit        = 0 (1)
00:00:04.029601   ExitSavePatMsr - Save IA32_PAT MSR on VM-exit           = 0 (1)
00:00:04.029601   ExitLoadPatMsr - Load IA32_PAT MSR on VM-exit           = 0 (1)
00:00:04.029601   ExitSaveEferMsr - Save IA32_EFER MSR on VM-exit         = 0 (1)
00:00:04.029601   ExitLoadEferMsr - Load IA32_EFER MSR on VM-exit         = 0 (1)
00:00:04.029601   SavePreemptTimer - Save VMX-preemption timer            = 0 (1)
00:00:04.029601   SecondaryExitCtls - Secondary VM-exit controls          = 0 (0)
00:00:04.029601   ExitSaveEferLma - Save IA32_EFER.LMA on VM-exit         = 0 (1)
00:00:04.029601   IntelPt - Intel Processor Trace in VMX operation        = 0 (0)
00:00:04.029601   VmwriteAll - VMWRITE to any supported VMCS field        = 0 (1)
00:00:04.029601   EntryInjectSoftInt - Inject softint. with 0-len instr.  = 0 (0)
00:00:04.029601 
00:00:04.029601 ******************* End of VT-x features ********************
00:00:04.047099 VMEmt: Halt method global1 (5)
00:00:04.047206 VMEmt: HaltedGlobal1 config: cNsSpinBlockThresholdCfg=2000
00:00:04.047217 Changing the VM state from 'CREATING' to 'CREATED'
00:00:04.056634 NAT: DNS settings changed, triggering update
00:00:04.056666 Nameserver is either on 127/8 network or failed to obtain from host. Falling back to libslirp DNS proxy.
00:00:04.056673 fallback virtual nameserver: 50462730Changing the VM state from 'CREATED' to 'POWERING_ON'
00:00:04.073035 VMSVGA3d: cap[0]=0x00000000 {3D}
00:00:04.073041 VMSVGA3d: cap[1]=0x00000000 {MAX_LIGHTS}
00:00:04.073042 VMSVGA3d: cap[2]=0x00000000 {MAX_TEXTURES}
00:00:04.073043 VMSVGA3d: cap[3]=0x00000000 {MAX_CLIP_PLANES}
00:00:04.073044 VMSVGA3d: cap[4]=0x00000000 {VERTEX_SHADER_VERSION}
00:00:04.073045 VMSVGA3d: cap[5]=0x00000000 {VERTEX_SHADER}
00:00:04.073046 VMSVGA3d: cap[6]=0x00000000 {FRAGMENT_SHADER_VERSION}
00:00:04.073047 VMSVGA3d: cap[7]=0x00000000 {FRAGMENT_SHADER}
00:00:04.073048 VMSVGA3d: cap[8]=0x00000000 {MAX_RENDER_TARGETS}
00:00:04.073049 VMSVGA3d: cap[9]=0x00000000 {S23E8_TEXTURES}
00:00:04.073050 VMSVGA3d: cap[10]=0x00000000 {S10E5_TEXTURES}
00:00:04.073051 VMSVGA3d: cap[11]=0x00000000 {MAX_FIXED_VERTEXBLEND}
00:00:04.073051 VMSVGA3d: cap[12]=0x00000000 {D16_BUFFER_FORMAT}
00:00:04.073052 VMSVGA3d: cap[13]=0x00000000 {D24S8_BUFFER_FORMAT}
00:00:04.073053 VMSVGA3d: cap[14]=0x00000000 {D24X8_BUFFER_FORMAT}
00:00:04.073054 VMSVGA3d: cap[15]=0x00000000 {QUERY_TYPES}
00:00:04.073055 VMSVGA3d: cap[16]=0x00000000 {TEXTURE_GRADIENT_SAMPLING}
00:00:04.073056 VMSVGA3d: cap[17]=0.000000 {MAX_POINT_SIZE}
00:00:04.073058 VMSVGA3d: cap[18]=0x00000000 {MAX_SHADER_TEXTURES}
00:00:04.073059 VMSVGA3d: cap[19]=0x00004000 {MAX_TEXTURE_WIDTH}
00:00:04.073060 VMSVGA3d: cap[20]=0x00004000 {MAX_TEXTURE_HEIGHT}
00:00:04.073061 VMSVGA3d: cap[21]=0x00000000 {MAX_VOLUME_EXTENT}
00:00:04.073062 VMSVGA3d: cap[22]=0x00000000 {MAX_TEXTURE_REPEAT}
00:00:04.073063 VMSVGA3d: cap[23]=0x00000000 {MAX_TEXTURE_ASPECT_RATIO}
00:00:04.073064 VMSVGA3d: cap[24]=0x00000000 {MAX_TEXTURE_ANISOTROPY}
00:00:04.073065 VMSVGA3d: cap[25]=0x00000000 {MAX_PRIMITIVE_COUNT}
00:00:04.073066 VMSVGA3d: cap[26]=0x00000000 {MAX_VERTEX_INDEX}
00:00:04.073066 VMSVGA3d: cap[27]=0x00000000 {MAX_VERTEX_SHADER_INSTRUCTIONS}
00:00:04.073067 VMSVGA3d: cap[28]=0x00000000 {MAX_FRAGMENT_SHADER_INSTRUCTIONS}
00:00:04.073068 VMSVGA3d: cap[29]=0x00000000 {MAX_VERTEX_SHADER_TEMPS}
00:00:04.073069 VMSVGA3d: cap[30]=0x00000000 {MAX_FRAGMENT_SHADER_TEMPS}
00:00:04.073070 VMSVGA3d: cap[31]=0x00000000 {TEXTURE_OPS}
00:00:04.073072 VMSVGA3d: cap[32]=0x00000000 {SURFACEFMT_X8R8G8B8}
00:00:04.073073 VMSVGA3d: cap[33]=0x00000000 {SURFACEFMT_A8R8G8B8}
00:00:04.073074 VMSVGA3d: cap[34]=0x00000000 {SURFACEFMT_A2R10G10B10}
00:00:04.073075 VMSVGA3d: cap[35]=0x00000000 {SURFACEFMT_X1R5G5B5}
00:00:04.073076 VMSVGA3d: cap[36]=0x00000000 {SURFACEFMT_A1R5G5B5}
00:00:04.073077 VMSVGA3d: cap[37]=0x00000000 {SURFACEFMT_A4R4G4B4}
00:00:04.073077 VMSVGA3d: cap[38]=0x00000000 {SURFACEFMT_R5G6B5}
00:00:04.073078 VMSVGA3d: cap[39]=0x00000000 {SURFACEFMT_LUMINANCE16}
00:00:04.073080 VMSVGA3d: cap[40]=0x00000000 {SURFACEFMT_LUMINANCE8_ALPHA8}
00:00:04.073080 VMSVGA3d: cap[41]=0x00000000 {SURFACEFMT_ALPHA8}
00:00:04.073081 VMSVGA3d: cap[42]=0x00000000 {SURFACEFMT_LUMINANCE8}
00:00:04.073082 VMSVGA3d: cap[43]=0x00000000 {SURFACEFMT_Z_D16}
00:00:04.073083 VMSVGA3d: cap[44]=0x00000000 {SURFACEFMT_Z_D24S8}
00:00:04.073084 VMSVGA3d: cap[45]=0x00000000 {SURFACEFMT_Z_D24X8}
00:00:04.073085 VMSVGA3d: cap[46]=0x00000000 {SURFACEFMT_DXT1}
00:00:04.073086 VMSVGA3d: cap[47]=0x00000000 {SURFACEFMT_DXT2}
00:00:04.073087 VMSVGA3d: cap[48]=0x00000000 {SURFACEFMT_DXT3}
00:00:04.073088 VMSVGA3d: cap[49]=0x00000000 {SURFACEFMT_DXT4}
00:00:04.073090 VMSVGA3d: cap[50]=0x00000000 {SURFACEFMT_DXT5}
00:00:04.073092 VMSVGA3d: cap[51]=0x00000000 {SURFACEFMT_BUMPX8L8V8U8}
00:00:04.073093 VMSVGA3d: cap[52]=0x00000000 {SURFACEFMT_A2W10V10U10}
00:00:04.073095 VMSVGA3d: cap[53]=0x00000000 {SURFACEFMT_BUMPU8V8}
00:00:04.073096 VMSVGA3d: cap[54]=0x00000000 {SURFACEFMT_Q8W8V8U8}
00:00:04.073098 VMSVGA3d: cap[55]=0x00000000 {SURFACEFMT_CxV8U8}
00:00:04.073100 VMSVGA3d: cap[56]=0x00000000 {SURFACEFMT_R_S10E5}
00:00:04.073101 VMSVGA3d: cap[57]=0x00000000 {SURFACEFMT_R_S23E8}
00:00:04.073102 VMSVGA3d: cap[58]=0x00000000 {SURFACEFMT_RG_S10E5}
00:00:04.073103 VMSVGA3d: cap[59]=0x00000000 {SURFACEFMT_RG_S23E8}
00:00:04.073105 VMSVGA3d: cap[60]=0x00000000 {SURFACEFMT_ARGB_S10E5}
00:00:04.073107 VMSVGA3d: cap[61]=0x00000000 {SURFACEFMT_ARGB_S23E8}
00:00:04.073108 VMSVGA3d: cap[62]=0x00000000 {MISSING62}
00:00:04.073109 VMSVGA3d: cap[63]=0x00000000 {MAX_VERTEX_SHADER_TEXTURES}
00:00:04.073111 VMSVGA3d: cap[64]=0x00000000 {MAX_SIMULTANEOUS_RENDER_TARGETS}
00:00:04.073112 VMSVGA3d: cap[65]=0x00000000 {SURFACEFMT_V16U16}
00:00:04.073114 VMSVGA3d: cap[66]=0x00000000 {SURFACEFMT_G16R16}
00:00:04.073115 VMSVGA3d: cap[67]=0x00000000 {SURFACEFMT_A16B16G16R16}
00:00:04.073117 VMSVGA3d: cap[68]=0x00000000 {SURFACEFMT_UYVY}
00:00:04.073118 VMSVGA3d: cap[69]=0x00000000 {SURFACEFMT_YUY2}
00:00:04.073119 VMSVGA3d: cap[70]=0x00000000 {DEAD4}
00:00:04.073121 VMSVGA3d: cap[71]=0x00000000 {DEAD5}
00:00:04.073122 VMSVGA3d: cap[72]=0x00000000 {DEAD7}
00:00:04.073124 VMSVGA3d: cap[73]=0x00000000 {DEAD6}
00:00:04.073125 VMSVGA3d: cap[74]=0x00000000 {AUTOGENMIPMAPS}
00:00:04.073126 VMSVGA3d: cap[75]=0x00000000 {SURFACEFMT_NV12}
00:00:04.073127 VMSVGA3d: cap[76]=0x00000000 {DEAD10}
00:00:04.073129 VMSVGA3d: cap[77]=0x00000000 {MAX_CONTEXT_IDS}
00:00:04.073130 VMSVGA3d: cap[78]=0x00000000 {MAX_SURFACE_IDS}
00:00:04.073131 VMSVGA3d: cap[79]=0x00000000 {SURFACEFMT_Z_DF16}
00:00:04.073133 VMSVGA3d: cap[80]=0x00000000 {SURFACEFMT_Z_DF24}
00:00:04.073134 VMSVGA3d: cap[81]=0x00000000 {SURFACEFMT_Z_D24S8_INT}
00:00:04.073135 VMSVGA3d: cap[82]=0x00000000 {SURFACEFMT_ATI1}
00:00:04.073137 VMSVGA3d: cap[83]=0x00000000 {SURFACEFMT_ATI2}
00:00:04.073138 VMSVGA3d: cap[84]=0x00000000 {DEAD1}
00:00:04.073139 VMSVGA3d: cap[85]=0x00000000 {DEAD8}
00:00:04.073140 VMSVGA3d: cap[86]=0x00000000 {DEAD9}
00:00:04.073142 VMSVGA3d: cap[87]=0x00000000 {LINE_AA}
00:00:04.073143 VMSVGA3d: cap[88]=0x00000000 {LINE_STIPPLE}
00:00:04.073145 VMSVGA3d: cap[89]=0.000000 {MAX_LINE_WIDTH}
00:00:04.073146 VMSVGA3d: cap[90]=0.000000 {MAX_AA_LINE_WIDTH}
00:00:04.073148 VMSVGA3d: cap[91]=0x00000000 {SURFACEFMT_YV12}
00:00:04.073150 VMSVGA3d: cap[92]=0x00000000 {DEAD3}
00:00:04.073152 VMSVGA3d: cap[93]=0x00000000 {TS_COLOR_KEY}
00:00:04.073153 VMSVGA3d: cap[94]=0x00000000 {DEAD2}
00:00:04.073154 VMSVGA3d: cap[95]=0x00000000 {DXCONTEXT}
00:00:04.073156 VMSVGA3d: cap[96]=0x00000000 {DEAD11}
00:00:04.073157 VMSVGA3d: cap[97]=0x00000000 {DX_MAX_VERTEXBUFFERS}
00:00:04.073159 VMSVGA3d: cap[98]=0x00000000 {DX_MAX_CONSTANT_BUFFERS}
00:00:04.073161 VMSVGA3d: cap[99]=0x00000000 {DX_PROVOKING_VERTEX}
00:00:04.073162 VMSVGA3d: cap[100]=0x00000005 {DXFMT_X8R8G8B8}
00:00:04.073163 VMSVGA3d: cap[101]=0x00000000 {DXFMT_A8R8G8B8}
00:00:04.073165 VMSVGA3d: cap[102]=0x00000000 {DXFMT_R5G6B5}
00:00:04.073166 VMSVGA3d: cap[103]=0x00000000 {DXFMT_X1R5G5B5}
00:00:04.073168 VMSVGA3d: cap[104]=0x00000000 {DXFMT_A1R5G5B5}
00:00:04.073169 VMSVGA3d: cap[105]=0x00000000 {DXFMT_A4R4G4B4}
00:00:04.073171 VMSVGA3d: cap[106]=0x00000000 {DXFMT_Z_D32}
00:00:04.073172 VMSVGA3d: cap[107]=0x00000000 {DXFMT_Z_D16}
00:00:04.073173 VMSVGA3d: cap[108]=0x00000000 {DXFMT_Z_D24S8}
00:00:04.073175 VMSVGA3d: cap[109]=0x00000000 {DXFMT_Z_D15S1}
00:00:04.073176 VMSVGA3d: cap[110]=0x00000000 {DXFMT_LUMINANCE8}
00:00:04.073177 VMSVGA3d: cap[111]=0x00000000 {DXFMT_LUMINANCE4_ALPHA4}
00:00:04.073179 VMSVGA3d: cap[112]=0x00000000 {DXFMT_LUMINANCE16}
00:00:04.073180 VMSVGA3d: cap[113]=0x00000000 {DXFMT_LUMINANCE8_ALPHA8}
00:00:04.073181 VMSVGA3d: cap[114]=0x00000000 {DXFMT_DXT1}
00:00:04.073183 VMSVGA3d: cap[115]=0x00000000 {DXFMT_DXT2}
00:00:04.073184 VMSVGA3d: cap[116]=0x00000000 {DXFMT_DXT3}
00:00:04.073185 VMSVGA3d: cap[117]=0x00000000 {DXFMT_DXT4}
00:00:04.073186 VMSVGA3d: cap[118]=0x00000000 {DXFMT_DXT5}
00:00:04.073188 VMSVGA3d: cap[119]=0x00000000 {DXFMT_BUMPU8V8}
00:00:04.073189 VMSVGA3d: cap[120]=0x00000000 {DXFMT_BUMPL6V5U5}
00:00:04.073190 VMSVGA3d: cap[121]=0x00000000 {DXFMT_BUMPX8L8V8U8}
00:00:04.073192 VMSVGA3d: cap[122]=0x00000000 {DXFMT_FORMAT_DEAD1}
00:00:04.073193 VMSVGA3d: cap[123]=0x00000000 {DXFMT_ARGB_S10E5}
00:00:04.073195 VMSVGA3d: cap[124]=0x00000000 {DXFMT_ARGB_S23E8}
00:00:04.073196 VMSVGA3d: cap[125]=0x00000000 {DXFMT_A2R10G10B10}
00:00:04.073198 VMSVGA3d: cap[126]=0x00000000 {DXFMT_V8U8}
00:00:04.073200 VMSVGA3d: cap[127]=0x00000000 {DXFMT_Q8W8V8U8}
00:00:04.073201 VMSVGA3d: cap[128]=0x00000000 {DXFMT_CxV8U8}
00:00:04.073202 VMSVGA3d: cap[129]=0x00000000 {DXFMT_X8L8V8U8}
00:00:04.073204 VMSVGA3d: cap[130]=0x00000000 {DXFMT_A2W10V10U10}
00:00:04.073205 VMSVGA3d: cap[131]=0x00000000 {DXFMT_ALPHA8}
00:00:04.073207 VMSVGA3d: cap[132]=0x00000000 {DXFMT_R_S10E5}
00:00:04.073208 VMSVGA3d: cap[133]=0x00000000 {DXFMT_R_S23E8}
00:00:04.073210 VMSVGA3d: cap[134]=0x00000000 {DXFMT_RG_S10E5}
00:00:04.073212 VMSVGA3d: cap[135]=0x00000000 {DXFMT_RG_S23E8}
00:00:04.073213 VMSVGA3d: cap[136]=0x00000000 {DXFMT_BUFFER}
00:00:04.073215 VMSVGA3d: cap[137]=0x00000000 {DXFMT_Z_D24X8}
00:00:04.073216 VMSVGA3d: cap[138]=0x00000000 {DXFMT_V16U16}
00:00:04.073218 VMSVGA3d: cap[139]=0x00000000 {DXFMT_G16R16}
00:00:04.073219 VMSVGA3d: cap[140]=0x00000000 {DXFMT_A16B16G16R16}
00:00:04.073221 VMSVGA3d: cap[141]=0x00000000 {DXFMT_UYVY}
00:00:04.073222 VMSVGA3d: cap[142]=0x00000000 {DXFMT_YUY2}
00:00:04.073224 VMSVGA3d: cap[143]=0x00000000 {DXFMT_NV12}
00:00:04.073225 VMSVGA3d: cap[144]=0x00000000 {DXFMT_FORMAT_DEAD2}
00:00:04.073227 VMSVGA3d: cap[145]=0x00000000 {DXFMT_R32G32B32A32_TYPELESS}
00:00:04.073228 VMSVGA3d: cap[146]=0x00000000 {DXFMT_R32G32B32A32_UINT}
00:00:04.073230 VMSVGA3d: cap[147]=0x00000000 {DXFMT_R32G32B32A32_SINT}
00:00:04.073231 VMSVGA3d: cap[148]=0x00000000 {DXFMT_R32G32B32_TYPELESS}
00:00:04.073233 VMSVGA3d: cap[149]=0x00000000 {DXFMT_R32G32B32_FLOAT}
00:00:04.073234 VMSVGA3d: cap[150]=0x00000000 {DXFMT_R32G32B32_UINT}
00:00:04.073236 VMSVGA3d: cap[151]=0x00000000 {DXFMT_R32G32B32_SINT}
00:00:04.073238 VMSVGA3d: cap[152]=0x00000000 {DXFMT_R16G16B16A16_TYPELESS}
00:00:04.073239 VMSVGA3d: cap[153]=0x00000000 {DXFMT_R16G16B16A16_UINT}
00:00:04.073241 VMSVGA3d: cap[154]=0x00000000 {DXFMT_R16G16B16A16_SNORM}
00:00:04.073242 VMSVGA3d: cap[155]=0x00000000 {DXFMT_R16G16B16A16_SINT}
00:00:04.073244 VMSVGA3d: cap[156]=0x00000000 {DXFMT_R32G32_TYPELESS}
00:00:04.073245 VMSVGA3d: cap[157]=0x00000000 {DXFMT_R32G32_UINT}
00:00:04.073246 VMSVGA3d: cap[158]=0x00000000 {DXFMT_R32G32_SINT}
00:00:04.073247 VMSVGA3d: cap[159]=0x00000000 {DXFMT_R32G8X24_TYPELESS}
00:00:04.073247 VMSVGA3d: cap[160]=0x00000000 {DXFMT_D32_FLOAT_S8X24_UINT}
00:00:04.073248 VMSVGA3d: cap[161]=0x00000000 {DXFMT_R32_FLOAT_X8X24}
00:00:04.073249 VMSVGA3d: cap[162]=0x00000000 {DXFMT_X32_G8X24_UINT}
00:00:04.073250 VMSVGA3d: cap[163]=0x00000000 {DXFMT_R10G10B10A2_TYPELESS}
00:00:04.073251 VMSVGA3d: cap[164]=0x00000000 {DXFMT_R10G10B10A2_UINT}
00:00:04.073252 VMSVGA3d: cap[165]=0x00000000 {DXFMT_R11G11B10_FLOAT}
00:00:04.073253 VMSVGA3d: cap[166]=0x00000000 {DXFMT_R8G8B8A8_TYPELESS}
00:00:04.073254 VMSVGA3d: cap[167]=0x00000000 {DXFMT_R8G8B8A8_UNORM}
00:00:04.073256 VMSVGA3d: cap[168]=0x00000000 {DXFMT_R8G8B8A8_UNORM_SRGB}
00:00:04.073257 VMSVGA3d: cap[169]=0x00000000 {DXFMT_R8G8B8A8_UINT}
00:00:04.073257 VMSVGA3d: cap[170]=0x00000000 {DXFMT_R8G8B8A8_SINT}
00:00:04.073258 VMSVGA3d: cap[171]=0x00000000 {DXFMT_R16G16_TYPELESS}
00:00:04.073259 VMSVGA3d: cap[172]=0x00000000 {DXFMT_R16G16_UINT}
00:00:04.073260 VMSVGA3d: cap[173]=0x00000000 {DXFMT_R16G16_SINT}
00:00:04.073261 VMSVGA3d: cap[174]=0x00000000 {DXFMT_R32_TYPELESS}
00:00:04.073262 VMSVGA3d: cap[175]=0x00000000 {DXFMT_D32_FLOAT}
00:00:04.073263 VMSVGA3d: cap[176]=0x00000000 {DXFMT_R32_UINT}
00:00:04.073264 VMSVGA3d: cap[177]=0x00000000 {DXFMT_R32_SINT}
00:00:04.073265 VMSVGA3d: cap[178]=0x00000000 {DXFMT_R24G8_TYPELESS}
00:00:04.073266 VMSVGA3d: cap[179]=0x00000000 {DXFMT_D24_UNORM_S8_UINT}
00:00:04.073267 VMSVGA3d: cap[180]=0x00000000 {DXFMT_R24_UNORM_X8}
00:00:04.073267 VMSVGA3d: cap[181]=0x00000000 {DXFMT_X24_G8_UINT}
00:00:04.073268 VMSVGA3d: cap[182]=0x00000000 {DXFMT_R8G8_TYPELESS}
00:00:04.073269 VMSVGA3d: cap[183]=0x00000000 {DXFMT_R8G8_UNORM}
00:00:04.073270 VMSVGA3d: cap[184]=0x00000000 {DXFMT_R8G8_UINT}
00:00:04.073271 VMSVGA3d: cap[185]=0x00000000 {DXFMT_R8G8_SINT}
00:00:04.073272 VMSVGA3d: cap[186]=0x00000000 {DXFMT_R16_TYPELESS}
00:00:04.073273 VMSVGA3d: cap[187]=0x00000000 {DXFMT_R16_UNORM}
00:00:04.073274 VMSVGA3d: cap[188]=0x00000000 {DXFMT_R16_UINT}
00:00:04.073275 VMSVGA3d: cap[189]=0x00000000 {DXFMT_R16_SNORM}
00:00:04.073276 VMSVGA3d: cap[190]=0x00000000 {DXFMT_R16_SINT}
00:00:04.073277 VMSVGA3d: cap[191]=0x00000000 {DXFMT_R8_TYPELESS}
00:00:04.073277 VMSVGA3d: cap[192]=0x00000000 {DXFMT_R8_UNORM}
00:00:04.073278 VMSVGA3d: cap[193]=0x00000000 {DXFMT_R8_UINT}
00:00:04.073280 VMSVGA3d: cap[194]=0x00000000 {DXFMT_R8_SNORM}
00:00:04.073281 VMSVGA3d: cap[195]=0x00000000 {DXFMT_R8_SINT}
00:00:04.073282 VMSVGA3d: cap[196]=0x00000000 {DXFMT_P8}
00:00:04.073283 VMSVGA3d: cap[197]=0x00000000 {DXFMT_R9G9B9E5_SHAREDEXP}
00:00:04.073283 VMSVGA3d: cap[198]=0x00000000 {DXFMT_R8G8_B8G8_UNORM}
00:00:04.073284 VMSVGA3d: cap[199]=0x00000000 {DXFMT_G8R8_G8B8_UNORM}
00:00:04.073285 VMSVGA3d: cap[200]=0x00000000 {DXFMT_BC1_TYPELESS}
00:00:04.073286 VMSVGA3d: cap[201]=0x00000000 {DXFMT_BC1_UNORM_SRGB}
00:00:04.073287 VMSVGA3d: cap[202]=0x00000000 {DXFMT_BC2_TYPELESS}
00:00:04.073288 VMSVGA3d: cap[203]=0x00000000 {DXFMT_BC2_UNORM_SRGB}
00:00:04.073289 VMSVGA3d: cap[204]=0x00000000 {DXFMT_BC3_TYPELESS}
00:00:04.073290 VMSVGA3d: cap[205]=0x00000000 {DXFMT_BC3_UNORM_SRGB}
00:00:04.073291 VMSVGA3d: cap[206]=0x00000000 {DXFMT_BC4_TYPELESS}
00:00:04.073292 VMSVGA3d: cap[207]=0x00000000 {DXFMT_ATI1}
00:00:04.073292 VMSVGA3d: cap[208]=0x00000000 {DXFMT_BC4_SNORM}
00:00:04.073293 VMSVGA3d: cap[209]=0x00000000 {DXFMT_BC5_TYPELESS}
00:00:04.073294 VMSVGA3d: cap[210]=0x00000000 {DXFMT_ATI2}
00:00:04.073295 VMSVGA3d: cap[211]=0x00000000 {DXFMT_BC5_SNORM}
00:00:04.073296 VMSVGA3d: cap[212]=0x00000000 {DXFMT_R10G10B10_XR_BIAS_A2_UNORM}
00:00:04.073297 VMSVGA3d: cap[213]=0x00000000 {DXFMT_B8G8R8A8_TYPELESS}
00:00:04.073298 VMSVGA3d: cap[214]=0x00000000 {DXFMT_B8G8R8A8_UNORM_SRGB}
00:00:04.073299 VMSVGA3d: cap[215]=0x00000000 {DXFMT_B8G8R8X8_TYPELESS}
00:00:04.073300 VMSVGA3d: cap[216]=0x00000000 {DXFMT_B8G8R8X8_UNORM_SRGB}
00:00:04.073301 VMSVGA3d: cap[217]=0x00000000 {DXFMT_Z_DF16}
00:00:04.073302 VMSVGA3d: cap[218]=0x00000000 {DXFMT_Z_DF24}
00:00:04.073303 VMSVGA3d: cap[219]=0x00000000 {DXFMT_Z_D24S8_INT}
00:00:04.073304 VMSVGA3d: cap[220]=0x00000000 {DXFMT_YV12}
00:00:04.073304 VMSVGA3d: cap[221]=0x00000000 {DXFMT_R32G32B32A32_FLOAT}
00:00:04.073305 VMSVGA3d: cap[222]=0x00000000 {DXFMT_R16G16B16A16_FLOAT}
00:00:04.073306 VMSVGA3d: cap[223]=0x00000000 {DXFMT_R16G16B16A16_UNORM}
00:00:04.073307 VMSVGA3d: cap[224]=0x00000000 {DXFMT_R32G32_FLOAT}
00:00:04.073308 VMSVGA3d: cap[225]=0x00000000 {DXFMT_R10G10B10A2_UNORM}
00:00:04.073309 VMSVGA3d: cap[226]=0x00000000 {DXFMT_R8G8B8A8_SNORM}
00:00:04.073310 VMSVGA3d: cap[227]=0x00000000 {DXFMT_R16G16_FLOAT}
00:00:04.073311 VMSVGA3d: cap[228]=0x00000000 {DXFMT_R16G16_UNORM}
00:00:04.073312 VMSVGA3d: cap[229]=0x00000000 {DXFMT_R16G16_SNORM}
00:00:04.073312 VMSVGA3d: cap[230]=0x00000000 {DXFMT_R32_FLOAT}
00:00:04.073313 VMSVGA3d: cap[231]=0x00000000 {DXFMT_R8G8_SNORM}
00:00:04.073314 VMSVGA3d: cap[232]=0x00000000 {DXFMT_R16_FLOAT}
00:00:04.073315 VMSVGA3d: cap[233]=0x00000000 {DXFMT_D16_UNORM}
00:00:04.073316 VMSVGA3d: cap[234]=0x00000000 {DXFMT_A8_UNORM}
00:00:04.073317 VMSVGA3d: cap[235]=0x00000000 {DXFMT_BC1_UNORM}
00:00:04.073318 VMSVGA3d: cap[236]=0x00000000 {DXFMT_BC2_UNORM}
00:00:04.073319 VMSVGA3d: cap[237]=0x00000000 {DXFMT_BC3_UNORM}
00:00:04.073320 VMSVGA3d: cap[238]=0x00000000 {DXFMT_B5G6R5_UNORM}
00:00:04.073320 VMSVGA3d: cap[239]=0x00000000 {DXFMT_B5G5R5A1_UNORM}
00:00:04.073321 VMSVGA3d: cap[240]=0x00000000 {DXFMT_B8G8R8A8_UNORM}
00:00:04.073322 VMSVGA3d: cap[241]=0x00000000 {DXFMT_B8G8R8X8_UNORM}
00:00:04.073323 VMSVGA3d: cap[242]=0x00000000 {DXFMT_BC4_UNORM}
00:00:04.073324 VMSVGA3d: cap[243]=0x00000000 {DXFMT_BC5_UNORM}
00:00:04.073325 VMSVGA3d: cap[244]=0x00000000 {SM41}
00:00:04.073326 VMSVGA3d: cap[245]=0x00000000 {MULTISAMPLE_2X}
00:00:04.073327 VMSVGA3d: cap[246]=0x00000000 {MULTISAMPLE_4X}
00:00:04.073328 VMSVGA3d: cap[247]=0x00000000 {MS_FULL_QUALITY}
00:00:04.073329 VMSVGA3d: cap[248]=0x00000000 {LOGICOPS}
00:00:04.073330 VMSVGA3d: cap[249]=0x00000000 {LOGIC_BLENDOPS}
00:00:04.073331 VMSVGA3d: cap[250]=0x00000000 {RESERVED_1}
00:00:04.073332 VMSVGA3d: cap[251]=0x00000000 {DXFMT_BC6H_TYPELESS}
00:00:04.073333 VMSVGA3d: cap[252]=0x00000000 {DXFMT_BC6H_UF16}
00:00:04.073333 VMSVGA3d: cap[253]=0x00000000 {DXFMT_BC6H_SF16}
00:00:04.073334 VMSVGA3d: cap[254]=0x00000000 {DXFMT_BC7_TYPELESS}
00:00:04.073335 VMSVGA3d: cap[255]=0x00000000 {DXFMT_BC7_UNORM}
00:00:04.073336 VMSVGA3d: cap[256]=0x00000000 {DXFMT_BC7_UNORM_SRGB}
00:00:04.073337 VMSVGA3d: cap[257]=0x00000000 {RESERVED_2}
00:00:04.073338 VMSVGA3d: cap[258]=0x00000000 {SM5}
00:00:04.073339 VMSVGA3d: cap[259]=0x00000000 {MULTISAMPLE_8X}
00:00:04.073352 AIOMgr: Endpoints without assigned bandwidth groups:
00:00:04.073417 AIOMgr:     /home/gekko/Documents/Estudos/VM-VirtualBox/debian/debian.vdi
00:00:04.073663 Changing the VM state from 'POWERING_ON' to 'RUNNING'
00:00:04.073696 Console: Machine state changed to 'Running'
00:00:04.075732 VMMDev: Guest Log: BIOS: VirtualBox 7.2.8
00:00:04.075890 PCI: Setting up resources and interrupts
00:00:04.076514 PIT: mode=2 count=0x10000 (65536) - 18.20 Hz (ch=0)
00:00:04.102658 Display::i_handleDisplayResize: uScreenId=0 pvVRAM=0000000000000000 w=720 h=400 bpp=0 cbLine=0x0 flags=0x0 origin=0,0
00:00:04.104906 VMMDev: Guest Log: CPUID EDX: 0x178bfbff
00:00:04.105021 PIIX3 ATA: Ctl#0: RESET, DevSel=0 AIOIf=0 CmdIf0=0x00 (-1 usec ago) CmdIf1=0x00 (-1 usec ago)
00:00:04.105117 PIIX3 ATA: Ctl#0: finished processing RESET
00:00:04.106353 AHCI#0: Reset the HBA
00:00:04.106381 VD#0: Cancelling all active requests
00:00:04.106457 AHCI#0: Port 0 reset
00:00:04.107614 VD#0: Cancelling all active requests
00:00:04.108491 VMMDev: Guest Log: BIOS: AHCI 0-P#0: PCHS=16383/16/63 LCHS=1024/255/63 0x0000000001dffff0 sectors
00:00:04.128731 PIT: mode=2 count=0x48d3 (18643) - 64.00 Hz (ch=0)
00:00:04.144405 Display::i_handleDisplayResize: uScreenId=0 pvVRAM=00007e45a0c00000 w=640 h=480 bpp=32 cbLine=0xA00 flags=0x0 origin=0,0
00:00:04.195841 GUI: UIMachineLogicNormal::sltCheckForRequestedVisualStateType: Requested-state=1, Machine-state=6
00:00:06.629241 Display::i_handleDisplayResize: uScreenId=0 pvVRAM=0000000000000000 w=720 h=400 bpp=0 cbLine=0x0 flags=0x0 origin=0,0
00:00:06.630509 PIT: mode=2 count=0x10000 (65536) - 18.20 Hz (ch=0)
00:00:06.631223 VMMDev: Guest Log: BIOS: Boot : bseqnr=1, bootseq=0231
00:00:06.634297 VMMDev: Guest Log: BIOS: Boot from Floppy 0 failed
00:00:06.635194 VMMDev: Guest Log: BIOS: Boot : bseqnr=2, bootseq=0023
00:00:06.636328 VMMDev: Guest Log: BIOS: CDROM boot failure code : 0003
00:00:06.636989 VMMDev: Guest Log: BIOS: Boot from CD-ROM failed
00:00:06.637685 VMMDev: Guest Log: BIOS: Boot : bseqnr=3, bootseq=0002
00:00:06.638610 VMMDev: Guest Log: BIOS: Boot from Hard Disk 0 failed
00:00:06.639946 VMMDev: Guest Log: BIOS: No bootable medium found!
00:00:06.641902 VMMDev: Guest Log: BIOS: Please insert a bootable medium and reboot.
00:00:06.642638 VMMDev: Guest Log: BIOS: Boot : bseqnr=4, bootseq=0000
00:00:06.643136 VMMDev: Guest Log: BIOS: INT18: BOOT FAILURE
00:00:06.643300 PcBios: Boot failure
00:00:06.643325 VM: Raising runtime error 'VMBootFail' (fFlags=0x0)
00:00:06.643345 Console: VM runtime error: fatal=false, errorID=VMBootFail message="The VM failed to boot. This is possibly caused by not having an operating system installed or a misconfigured boot order. Maybe picking a guest OS install DVD will resolve the situation"
00:00:07.099249 GUI: UIMediumEnumerator: Medium-enumeration finished!
00:00:10.927101 Changing the VM state from 'RUNNING' to 'SUSPENDING'
00:00:11.023346 AIOMgr: Endpoint for file '/home/gekko/Documents/Estudos/VM-VirtualBox/debian/debian.vdi' (flags 000c0781) created successfully
00:00:11.044643 PDMR3Suspend: 117 465 692 ns run time
00:00:11.044681 Changing the VM state from 'SUSPENDING' to 'SUSPENDED'
00:00:11.044722 Console: Machine state changed to 'Paused'
00:00:17.940955 GUI: Request for close-action to save VM state.
00:00:17.941045 GUI: Saving VM state..
00:00:17.946038 Console: Machine state changed to 'Saving'
00:00:17.956074 Changing the VM state from 'SUSPENDED' to 'SAVING'
00:00:18.084902 GUI: UIMediumEnumerator: Medium-enumeration finished!
00:00:18.173951 E1000#0: Interrupt attempts: 0
00:00:18.173965 E1000#0: Interrupts raised : 0
00:00:18.173971 E1000#0: Interrupts lowered: 0
00:00:18.173977 E1000#0: ICR outside ISR   : 0
00:00:18.173983 E1000#0: IMS raised ints   : 0
00:00:18.173989 E1000#0: Interrupts skipped: 0
00:00:18.173994 E1000#0: Masked interrupts : 0
00:00:18.174000 E1000#0: Early interrupts  : 0
00:00:18.174006 E1000#0: Late interrupts   : 0
00:00:18.174012 E1000#0: Lost interrupts   : 0
00:00:18.174017 E1000#0: Interrupts by RX  : 0
00:00:18.174023 E1000#0: Interrupts by TX  : 0
00:00:18.174029 E1000#0: Interrupts by ICS : 0
00:00:18.174034 E1000#0: Interrupts by RDTR: 0
00:00:18.174040 E1000#0: Interrupts by RDMT: 0
00:00:18.174046 E1000#0: Interrupts by TXQE: 0
00:00:18.174051 E1000#0: TX int delay asked: 0
00:00:18.174057 E1000#0: TX delayed:         0
00:00:18.174063 E1000#0: TX delay expired:   0
00:00:18.174069 E1000#0: TX no report asked: 0
00:00:18.174074 E1000#0: TX abs timer expd : 0
00:00:18.174080 E1000#0: TX int timer expd : 0
00:00:18.174086 E1000#0: RX abs timer expd : 0
00:00:18.174092 E1000#0: RX int timer expd : 0
00:00:18.174097 E1000#0: TX CTX descriptors: 0
00:00:18.174103 E1000#0: TX DAT descriptors: 0
00:00:18.174109 E1000#0: TX LEG descriptors: 0
00:00:18.174115 E1000#0: Received frames   : 0
00:00:18.174120 E1000#0: Transmitted frames: 0
00:00:18.174126 E1000#0: TX frames up to 1514: 0
00:00:18.174132 E1000#0: TX frames up to 2962: 0
00:00:18.174137 E1000#0: TX frames up to 4410: 0
00:00:18.174143 E1000#0: TX frames up to 5858: 0
00:00:18.174149 E1000#0: TX frames up to 7306: 0
00:00:18.174155 E1000#0: TX frames up to 8754: 0
00:00:18.174160 E1000#0: TX frames up to 16384: 0
00:00:18.174166 E1000#0: TX frames up to 32768: 0
00:00:18.174172 E1000#0: Larger TX frames    : 0
00:00:18.174178 E1000#0: Max TX Delay        : 0
00:00:18.175014 E1000#0: Interrupt attempts: 0
00:00:18.175041 E1000#0: Interrupts raised : 0
00:00:18.175046 E1000#0: Interrupts lowered: 0
00:00:18.175050 E1000#0: ICR outside ISR   : 0
00:00:18.175055 E1000#0: IMS raised ints   : 0
00:00:18.175059 E1000#0: Interrupts skipped: 0
00:00:18.175063 E1000#0: Masked interrupts : 0
00:00:18.175067 E1000#0: Early interrupts  : 0
00:00:18.175071 E1000#0: Late interrupts   : 0
00:00:18.175075 E1000#0: Lost interrupts   : 0
00:00:18.175079 E1000#0: Interrupts by RX  : 0
00:00:18.175083 E1000#0: Interrupts by TX  : 0
00:00:18.175088 E1000#0: Interrupts by ICS : 0
00:00:18.175092 E1000#0: Interrupts by RDTR: 0
00:00:18.175096 E1000#0: Interrupts by RDMT: 0
00:00:18.175100 E1000#0: Interrupts by TXQE: 0
00:00:18.175104 E1000#0: TX int delay asked: 0
00:00:18.175108 E1000#0: TX delayed:         0
00:00:18.175112 E1000#0: TX delay expired:   0
00:00:18.175117 E1000#0: TX no report asked: 0
00:00:18.175121 E1000#0: TX abs timer expd : 0
00:00:18.175125 E1000#0: TX int timer expd : 0
00:00:18.175129 E1000#0: RX abs timer expd : 0
00:00:18.175133 E1000#0: RX int timer expd : 0
00:00:18.175137 E1000#0: TX CTX descriptors: 0
00:00:18.175141 E1000#0: TX DAT descriptors: 0
00:00:18.175145 E1000#0: TX LEG descriptors: 0
00:00:18.175149 E1000#0: Received frames   : 0
00:00:18.175153 E1000#0: Transmitted frames: 0
00:00:18.175157 E1000#0: TX frames up to 1514: 0
00:00:18.175161 E1000#0: TX frames up to 2962: 0
00:00:18.175165 E1000#0: TX frames up to 4410: 0
00:00:18.175169 E1000#0: TX frames up to 5858: 0
00:00:18.175173 E1000#0: TX frames up to 7306: 0
00:00:18.175177 E1000#0: TX frames up to 8754: 0
00:00:18.175182 E1000#0: TX frames up to 16384: 0
00:00:18.175186 E1000#0: TX frames up to 32768: 0
00:00:18.175190 E1000#0: Larger TX frames    : 0
00:00:18.175194 E1000#0: Max TX Delay        : 0
00:00:18.205760 SSM: Footer at 0xd5064 (872548), 35 directory entries.
00:00:18.207271 SSM: Successfully saved the VM state to '<remote-machine>'
00:00:18.207310 Changing the VM state from 'SAVING' to 'SUSPENDED'
00:00:18.207358 Console::powerDown(): A request to power off the VM has been issued (mMachineState=Saving, InUninit=0)
00:00:18.207453 Changing the VM state from 'SUSPENDED' to 'POWERING_OFF'
00:00:18.207468 ****************** Guest state at power off for VCpu 0 ******************
00:00:18.207476 Guest CPUM (VCPU 0) state: 
00:00:18.207578 eax=00000000 ebx=00000133 ecx=0000f000 edx=0000040f esi=00000000 edi=0000fff0
00:00:18.207580 eip=0000f0ac esp=000077f8 ebp=000077f8 iopl=0  iopl=0 nv up ei pl zr na po nc
00:00:18.207582 cs={f000 base=00000000000f0000 limit=0000ffff flags=0000009b} dr0=00000000 dr1=00000000
00:00:18.207586 ds={f000 base=00000000000f0000 limit=0000ffff flags=00000093} dr2=00000000 dr3=00000000
00:00:18.207588 es={f000 base=00000000000f0000 limit=0000ffff flags=00000093} dr4=00000000 dr5=00000000
00:00:18.207589 fs={0000 base=0000000000000000 limit=0000ffff flags=00000093} dr6=ffff0ff0 dr7=00000400
00:00:18.207602 gs={0000 base=0000000000000000 limit=0000ffff flags=00000093} cr0=00000010 cr2=00000000
00:00:18.207604 ss={0000 base=0000000000000000 limit=0000ffff flags=00000093} cr3=00000000 cr4=00000000
00:00:18.207607 gdtr=00000000000fe89f:0047  idtr=0000000000000000:ffff  eflags=00200246
00:00:18.207610 ldtr={0000 base=00000000 limit=0000ffff flags=00000082}
00:00:18.207611 tr  ={0000 base=00000000 limit=0000ffff flags=0000008b}
00:00:18.207613 SysEnter={cs=0000 eip=00000000 esp=00000000}
00:00:18.207615 xcr=0000000000000001 xcr1=0000000000000000 xss=0000000000000000 (fXStateMask=0000000000000000)
00:00:18.207618 FCW=037f FSW=0000 FTW=0000 FOP=0000 MXCSR=00001f80 MXCSR_MASK=0000ffff
00:00:18.207621 FPUIP=00000000 CS=0000 Rsrvd1=0000  FPUDP=00000000 DS=0000 Rsvrd2=0000
00:00:18.207623 ST(0)=FPR0={0000'00000000'00000000} t0 +0.0000000000000000000000 * 2 ^ -16383 (*)
00:00:18.207627 ST(1)=FPR1={0000'00000000'00000000} t0 +0.0000000000000000000000 * 2 ^ -16383 (*)
00:00:18.207630 ST(2)=FPR2={0000'00000000'00000000} t0 +0.0000000000000000000000 * 2 ^ -16383 (*)
00:00:18.207633 ST(3)=FPR3={0000'00000000'00000000} t0 +0.0000000000000000000000 * 2 ^ -16383 (*)
00:00:18.207635 ST(4)=FPR4={0000'00000000'00000000} t0 +0.0000000000000000000000 * 2 ^ -16383 (*)
00:00:18.207639 ST(5)=FPR5={0000'00000000'00000000} t0 +0.0000000000000000000000 * 2 ^ -16383 (*)
00:00:18.207642 ST(6)=FPR6={0000'00000000'00000000} t0 +0.0000000000000000000000 * 2 ^ -16383 (*)
00:00:18.207645 ST(7)=FPR7={0000'00000000'00000000} t0 +0.0000000000000000000000 * 2 ^ -16383 (*)
00:00:18.207648 XMM0 =00000000'00000000'00000000'00000000  XMM1 =00000000'00000000'00000000'00000000
00:00:18.207653 XMM2 =00000000'00000000'00000000'00000000  XMM3 =00000000'00000000'00000000'00000000
00:00:18.207656 XMM4 =00000000'00000000'00000000'00000000  XMM5 =00000000'00000000'00000000'00000000
00:00:18.207658 XMM6 =00000000'00000000'00000000'00000000  XMM7 =00000000'00000000'00000000'00000000
00:00:18.207660 XMM8 =00000000'00000000'00000000'00000000  XMM9 =00000000'00000000'00000000'00000000
00:00:18.207662 XMM10=00000000'00000000'00000000'00000000  XMM11=00000000'00000000'00000000'00000000
00:00:18.207665 XMM12=00000000'00000000'00000000'00000000  XMM13=00000000'00000000'00000000'00000000
00:00:18.207667 XMM14=00000000'00000000'00000000'00000000  XMM15=00000000'00000000'00000000'00000000
00:00:18.207669 EFER         =0000000000000000
00:00:18.207670 PAT          =0007040600070406
00:00:18.207671 STAR         =0000000000000000
00:00:18.207671 CSTAR        =0000000000000000
00:00:18.207672 LSTAR        =0000000000000000
00:00:18.207672 SFMASK       =0000000000000000
00:00:18.207673 KERNELGSBASE =0000000000000000
00:00:18.207673 MTRR_CAP          =0000000000000510
00:00:18.207674 MTRR_DEF_TYPE     =0000000000000c00
00:00:18.207675 MTRR_FIX64K_00000 =0606060606060606
00:00:18.207676 MTRR_FIX16K_80000 =0606060606060606
00:00:18.207677 MTRR_FIX16K_A0000 =0000000000000000
00:00:18.207677 MTRR_FIX4K_C0000  =0505050505050505
00:00:18.207678 MTRR_FIX4K_C8000  =0505050505050505
00:00:18.207679 MTRR_FIX4K_D0000  =0505050505050505
00:00:18.207680 MTRR_FIX4K_D8000  =0505050505050505
00:00:18.207682 MTRR_FIX4K_E0000  =0505050505050505
00:00:18.207683 MTRR_FIX4K_E8000  =0505050505050505
00:00:18.207684 MTRR_FIX4K_F0000  =0505050505050505
00:00:18.207686 MTRR_FIX4K_F8000  =0505050505050505
00:00:18.207687 MTRR_PHYSBASE[ 0] =0000000000000006 First=0000000000000000      0 MB [WB]
00:00:18.207715 MTRR_PHYSMASK[ 0] =0000007fc0000800 Last =000000003fffffff   1023 MB [1024 MB]
00:00:18.207719 MTRR_PHYSBASE[ 1] =0000000040000006 First=0000000040000000   1024 MB [WB]
00:00:18.207721 MTRR_PHYSMASK[ 1] =0000007fe0000800 Last =000000005fffffff   1535 MB [512 MB]
00:00:18.207724 MTRR_PHYSBASE[ 2] =0000000060000006 First=0000000060000000   1536 MB [WB]
00:00:18.207726 MTRR_PHYSMASK[ 2] =0000007fff000800 Last =0000000060ffffff   1551 MB [16 MB]
00:00:18.207729 MTRR_PHYSBASE[ 3] =0000000061000006 First=0000000061000000   1552 MB [WB]
00:00:18.207731 MTRR_PHYSMASK[ 3] =0000007fff800800 Last =00000000617fffff   1559 MB [8 MB]
00:00:18.207733 MTRR_PHYSBASE[ 4] =0000000000000000
00:00:18.207734 MTRR_PHYSMASK[ 4] =0000000000000000
00:00:18.207735 MTRR_PHYSBASE[ 5] =0000000000000000
00:00:18.207737 MTRR_PHYSMASK[ 5] =0000000000000000
00:00:18.207738 MTRR_PHYSBASE[ 6] =0000000000000000
00:00:18.207739 MTRR_PHYSMASK[ 6] =0000000000000000
00:00:18.207740 MTRR_PHYSBASE[ 7] =0000000000000000
00:00:18.207741 MTRR_PHYSMASK[ 7] =0000000000000000
00:00:18.207742 MTRR_PHYSBASE[ 8] =0000000000000000
00:00:18.207743 MTRR_PHYSMASK[ 8] =0000000000000000
00:00:18.207744 MTRR_PHYSBASE[ 9] =0000000000000000
00:00:18.207745 MTRR_PHYSMASK[ 9] =0000000000000000
00:00:18.207746 MTRR_PHYSBASE[10] =0000000000000000
00:00:18.207747 MTRR_PHYSMASK[10] =0000000000000000
00:00:18.207749 MTRR_PHYSBASE[11] =0000000000000000
00:00:18.207749 MTRR_PHYSMASK[11] =0000000000000000
00:00:18.207750 MTRR_PHYSBASE[12] =0000000000000000
00:00:18.207751 MTRR_PHYSMASK[12] =0000000000000000
00:00:18.207752 MTRR_PHYSBASE[13] =0000000000000000
00:00:18.207753 MTRR_PHYSMASK[13] =0000000000000000
00:00:18.207755 MTRR_PHYSBASE[14] =0000000000000000
00:00:18.207756 MTRR_PHYSMASK[14] =0000000000000000
00:00:18.207757 MTRR_PHYSBASE[15] =0000000000000000
00:00:18.207758 MTRR_PHYSMASK[15] =0000000000000000
00:00:18.207761 ***
00:00:18.207767 VCPU[0] hardware virtualization state:
00:00:18.207768 fSavedInhibit                = 0x0
00:00:18.207770 In nested-guest hwvirt mode  = false
00:00:18.207772 Hwvirt state disabled.
00:00:18.207773 ***
00:00:18.207780 Guest paging mode (VCPU #0):  Real (changed 4 times), A20 disabled (changed 1 times)
00:00:18.207801 Guest SLAT mode (VCPU #0): Direct
00:00:18.207803 Shadow paging mode (VCPU #0): EPT
00:00:18.207804 Host paging mode:             AMD64+G+NX
00:00:18.207806 ***
00:00:18.207808 Active Timers (pVM=00007e45ec01a000)
00:00:18.207809 pTimerR3         offNext  offPrev  offSched Clock               Time             Expire HzHint State                     Description
00:00:18.207816 00007e45ef651180 00000007 ffffffff ffffffff Real             8361001            8353722      0 2-ACTIVE                  VGA Refresh
00:00:18.207822 00007e45ef651380 ffffffff 00000003 ffffffff Real             8361001            8353858      0 2-ACTIVE                  CPU Load Timer
00:00:18.207828 00007e45ee11a100 00000004 ffffffff ffffffff VrSy          6834486659         6889243450     18 2-ACTIVE                  i8254 PIT
00:00:18.207832 00007e45ee11a200 00000009 00000002 ffffffff VrSy          6834486659         6990000000      0 2-ACTIVE                  MC146818 RTC Second
00:00:18.207836 00007e45ee11a480 ffffffff 00000004 ffffffff VrSy          6834486659       599932015941      0 2-ACTIVE                  ACPI PM
00:00:18.207841 ***
00:00:18.207845 Guest GDT (GCAddr=00000000000fe89f limit=47):
00:00:18.207856 0010 - 0000ffff 00cf9b00 - base=00000000 limit=ffffffff dpl=0 CodeER Accessed Present Page 32-bit 
00:00:18.207858 0018 - 0000ffff 00cf9300 - base=00000000 limit=ffffffff dpl=0 DataRW Accessed Present Page 32-bit 
00:00:18.207861 0020 - 0000ffff 00009b0f - base=000f0000 limit=0000ffff dpl=0 CodeER Accessed Present 16-bit 
00:00:18.207863 0028 - 0000ffff 00009300 - base=00000000 limit=0000ffff dpl=0 DataRW Accessed Present 16-bit 
00:00:18.207866 0040 - 0400ffff 00009300 - base=00000400 limit=0000ffff dpl=0 DataRW Accessed Present 16-bit 
00:00:18.207868 ************** End of Guest state at power off ***************
00:00:18.208463 PDMR3PowerOff: 551 003 ns run time
00:00:18.208481 Changing the VM state from 'POWERING_OFF' to 'OFF'
00:00:18.212706 Changing the VM state from 'OFF' to 'DESTROYING'
00:00:18.212778 ************************* Statistics *************************
00:00:18.212793 /CPUM/MSR-Totals/Reads                             0 times
00:00:18.212800 /CPUM/MSR-Totals/ReadsRaisingGP                    0 times
00:00:18.212805 /CPUM/MSR-Totals/ReadsUnknown                      0 times
00:00:18.212811 /CPUM/MSR-Totals/Writes                            0 times
00:00:18.212815 /CPUM/MSR-Totals/WritesRaisingGP                   0 times
00:00:18.212820 /CPUM/MSR-Totals/WritesToIgnoredBits               0 times
00:00:18.212825 /CPUM/MSR-Totals/WritesUnknown                     0 times
00:00:18.212829 /CPUM/cpu0/GuestFpuLoad                         1102 calls
00:00:18.212835 /Devices/8237A/DmaRun                              0 ticks/call (           0 ticks,       0 calls, max         0, min      -1)
00:00:18.212843 /Devices/IDE0/ATA0/Unit0/AtapiDMA                  0 times
00:00:18.212847 /Devices/IDE0/ATA0/Unit0/AtapiPIO                  0 times
00:00:18.212851 /Devices/IDE0/ATA0/Unit0/DMA                       0 times
00:00:18.212856 /Devices/IDE0/ATA0/Unit0/PIO                       0 times
00:00:18.212860 /Devices/IDE0/ATA0/Unit0/ReadBytes                 0 bytes
00:00:18.212865 /Devices/IDE0/ATA0/Unit0/StatusYields          36986 ticks/call (       73973 ticks,       2 calls, max     60688, min   13285)
00:00:18.212871 /Devices/IDE0/ATA0/Unit0/WrittenBytes              0 bytes
00:00:18.212875 /Devices/IDE0/ATA0/Unit1/AtapiDMA                  0 times
00:00:18.212879 /Devices/IDE0/ATA0/Unit1/AtapiPIO                  0 times
00:00:18.212903 /Devices/IDE0/ATA0/Unit1/DMA                       0 times
00:00:18.212908 /Devices/IDE0/ATA0/Unit1/PIO                       0 times
00:00:18.212913 /Devices/IDE0/ATA0/Unit1/ReadBytes                 0 bytes
00:00:18.212917 /Devices/IDE0/ATA0/Unit1/StatusYields              0 ticks/call (           0 ticks,       0 calls, max         0, min      -1)
00:00:18.212924 /Devices/IDE0/ATA0/Unit1/WrittenBytes              0 bytes
00:00:18.212928 /Devices/IDE0/ATA1/Unit0/AtapiDMA                  0 times
00:00:18.212932 /Devices/IDE0/ATA1/Unit0/AtapiPIO                  0 times
00:00:18.212936 /Devices/IDE0/ATA1/Unit0/DMA                       0 times
00:00:18.212941 /Devices/IDE0/ATA1/Unit0/PIO                       0 times
00:00:18.212946 /Devices/IDE0/ATA1/Unit0/ReadBytes                 0 bytes
00:00:18.212951 /Devices/IDE0/ATA1/Unit0/StatusYields              0 ticks/call (           0 ticks,       0 calls, max         0, min      -1)
00:00:18.212956 /Devices/IDE0/ATA1/Unit0/WrittenBytes              0 bytes
00:00:18.212960 /Devices/IDE0/ATA1/Unit1/AtapiDMA                  0 times
00:00:18.212964 /Devices/IDE0/ATA1/Unit1/AtapiPIO                  0 times
00:00:18.212968 /Devices/IDE0/ATA1/Unit1/DMA                       0 times
00:00:18.212972 /Devices/IDE0/ATA1/Unit1/PIO                       0 times
00:00:18.212977 /Devices/IDE0/ATA1/Unit1/ReadBytes                 0 bytes
00:00:18.212981 /Devices/IDE0/ATA1/Unit1/StatusYields              0 ticks/call (           0 ticks,       0 calls, max         0, min      -1)
00:00:18.212986 /Devices/IDE0/ATA1/Unit1/WrittenBytes              0 bytes
00:00:18.212991 /Devices/VMMDev/BalloonChunks                      0 count
00:00:18.212996 /Devices/VMMDev/FastIrqAckR3                       0 count
00:00:18.213000 /Devices/VMMDev/FastIrqAckRZ                       0 count
00:00:18.213005 /Devices/VMMDev/HGCM-Kernel/BudgetAvailable 166538581 bytes
00:00:18.213010 /Devices/VMMDev/HGCM-Kernel/BudgetConfig   166538581 bytes
00:00:18.213014 /Devices/VMMDev/HGCM-Kernel/BudgetOverruns         0 bytes
00:00:18.213018 /Devices/VMMDev/HGCM-Kernel/MessageHeapUsage         0 bytes/call (           0 bytes,       0 calls, max         0, min      -1)
00:00:18.213023 /Devices/VMMDev/HGCM-Root/BudgetAvailable  166538581 bytes
00:00:18.213027 /Devices/VMMDev/HGCM-Root/BudgetConfig     166538581 bytes
00:00:18.213032 /Devices/VMMDev/HGCM-Root/BudgetOverruns           0 bytes
00:00:18.213037 /Devices/VMMDev/HGCM-Root/MessageHeapUsage         0 bytes/call (           0 bytes,       0 calls, max         0, min      -1)
00:00:18.213043 /Devices/VMMDev/HGCM-User/BudgetAvailable  166538581 bytes
00:00:18.213047 /Devices/VMMDev/HGCM-User/BudgetConfig     166538581 bytes
00:00:18.213051 /Devices/VMMDev/HGCM-User/BudgetOverruns           0 bytes
00:00:18.213055 /Devices/VMMDev/HGCM-User/MessageHeapUsage         0 bytes/call (           0 bytes,       0 calls, max         0, min      -1)
00:00:18.213061 /Devices/VMMDev/LargeReqBufAllocs                  0 count
00:00:18.213065 /Devices/VMMDev/SlowIrqAck                         0 count
00:00:18.213070 /Devices/apic/0                                    0 times
00:00:18.213086 /Devices/e1000#0/ReceiveBytes                      0 bytes
00:00:18.213092 /Devices/e1000#0/TransmitBytes                     0 bytes
00:00:18.213096 /Devices/e1000#0/iStatIntLost                      0 ns
00:00:18.213101 /Devices/e1000#0/iStatIntLostOne                   0 ns
00:00:18.213106 /Devices/e1000#0/u64ArmedAt                        0 ns
00:00:18.213111 /Devices/e1000#0/uStatDescCtx                      0 ns
00:00:18.213115 /Devices/e1000#0/uStatDescDat                      0 ns
00:00:18.213120 /Devices/e1000#0/uStatDescLeg                      0 ns
00:00:18.213125 /Devices/e1000#0/uStatInt                          0 ns
00:00:18.213130 /Devices/e1000#0/uStatIntEarly                     0 ns
00:00:18.213134 /Devices/e1000#0/uStatIntICS                       0 ns
00:00:18.213138 /Devices/e1000#0/uStatIntIMS                       0 ns
00:00:18.213143 /Devices/e1000#0/uStatIntLate                      0 ns
00:00:18.213159 /Devices/e1000#0/uStatIntLower                     0 ns
00:00:18.213164 /Devices/e1000#0/uStatIntMasked                    0 ns
00:00:18.213168 /Devices/e1000#0/uStatIntRDTR                      0 ns
00:00:18.213173 /Devices/e1000#0/uStatIntRXDMT0                    0 ns
00:00:18.213177 /Devices/e1000#0/uStatIntRx                        0 ns
00:00:18.213182 /Devices/e1000#0/uStatIntSkip                      0 ns
00:00:18.213186 /Devices/e1000#0/uStatIntTXQE                      0 ns
00:00:18.213191 /Devices/e1000#0/uStatIntTry                       0 ns
00:00:18.213195 /Devices/e1000#0/uStatIntTx                        0 ns
00:00:18.213200 /Devices/e1000#0/uStatMaxTxDelay                   0 ns
00:00:18.213204 /Devices/e1000#0/uStatNoIntICR                     0 ns
00:00:18.213210 /Devices/e1000#0/uStatRAD                          0 ns
00:00:18.213214 /Devices/e1000#0/uStatRID                          0 ns
00:00:18.213219 /Devices/e1000#0/uStatRxFrm                        0 ns
00:00:18.213224 /Devices/e1000#0/uStatTAD                          0 ns
00:00:18.213229 /Devices/e1000#0/uStatTID                          0 ns
00:00:18.213234 /Devices/e1000#0/uStatTx1514                       0 ns
00:00:18.213239 /Devices/e1000#0/uStatTx16384                      0 ns
00:00:18.213244 /Devices/e1000#0/uStatTx2962                       0 ns
00:00:18.213248 /Devices/e1000#0/uStatTx32768                      0 ns
00:00:18.213253 /Devices/e1000#0/uStatTx4410                       0 ns
00:00:18.213257 /Devices/e1000#0/uStatTx5858                       0 ns
00:00:18.213263 /Devices/e1000#0/uStatTx7306                       0 ns
00:00:18.213267 /Devices/e1000#0/uStatTx8754                       0 ns
00:00:18.213272 /Devices/e1000#0/uStatTxDelayExp                   0 ns
00:00:18.213277 /Devices/e1000#0/uStatTxDelayed                    0 ns
00:00:18.213281 /Devices/e1000#0/uStatTxFrm                        0 ns
00:00:18.213287 /Devices/e1000#0/uStatTxIDE                        0 ns
00:00:18.213291 /Devices/e1000#0/uStatTxLarge                      0 ns
00:00:18.213295 /Devices/e1000#0/uStatTxNoRS                       0 ns
00:00:18.213303 /Devices/ichac97/Stream0/reg-CR                    0 
00:00:18.213308 /Devices/ichac97/Stream0/reg-SR                    0 
00:00:18.213315 /Devices/ichac97/Stream1/reg-CR                    0 
00:00:18.213321 /Devices/ichac97/Stream1/reg-SR                    0 
00:00:18.213328 /Devices/ichac97/Stream2/reg-CR                    0 
00:00:18.213332 /Devices/ichac97/Stream2/reg-SR                    0 
00:00:18.213337 /Devices/ichac97/UnimplementedNabmReads            0 times
00:00:18.213342 /Devices/ichac97/UnimplementedNabmWrites           0 times
00:00:18.213347 /Devices/ichac97/UnimplementedNamReads             0 times
00:00:18.213352 /Devices/ichac97/UnimplementedNamWrites            0 times
00:00:18.213369 /Devices/mc146818/Irq                              0 times
00:00:18.213374 /Devices/mc146818/IrqClear                         0 times
00:00:18.213379 /Devices/mc146818/PiActive                         0 ticks/call (           0 ticks,       0 calls, max         0, min      -1)
00:00:18.213384 /Devices/mc146818/PieFlip                          0 times
00:00:18.213388 /Devices/mc146818/TimerCB                          0 times
00:00:18.213393 /Devices/vga/HgmsiMdaCgaAccesses                   0 times
00:00:18.213399 /Devices/vga/VMSVGA/Cmd/3dActivateSurface          0 times
00:00:18.213403 /Devices/vga/VMSVGA/Cmd/3dBeginQuery               0 times
00:00:18.213407 /Devices/vga/VMSVGA/Cmd/3dBlitSurfaceToScreenProf         0 ticks/call (           0 ticks,       0 calls, max         0, min      -1)
00:00:18.213412 /Devices/vga/VMSVGA/Cmd/3dClear                    0 times
00:00:18.213417 /Devices/vga/VMSVGA/Cmd/3dContextDefine            0 times
00:00:18.213421 /Devices/vga/VMSVGA/Cmd/3dContextDestroy           0 times
00:00:18.213426 /Devices/vga/VMSVGA/Cmd/3dDeactivateSurface         0 times
00:00:18.213430 /Devices/vga/VMSVGA/Cmd/3dDrawPrimitives           0 times
00:00:18.213446 /Devices/vga/VMSVGA/Cmd/3dEndQuery                 0 times
00:00:18.213451 /Devices/vga/VMSVGA/Cmd/3dGenerateMipmaps          0 times
00:00:18.213455 /Devices/vga/VMSVGA/Cmd/3dPresent                  0 times
00:00:18.213459 /Devices/vga/VMSVGA/Cmd/3dPresentReadBack          0 times
00:00:18.213463 /Devices/vga/VMSVGA/Cmd/3dSetClipPlane             0 times
00:00:18.213468 /Devices/vga/VMSVGA/Cmd/3dSetLightData             0 times
00:00:18.213472 /Devices/vga/VMSVGA/Cmd/3dSetLightEnable           0 times
00:00:18.213476 /Devices/vga/VMSVGA/Cmd/3dSetMaterial              0 times
00:00:18.213481 /Devices/vga/VMSVGA/Cmd/3dSetRenderState           0 times
00:00:18.213485 /Devices/vga/VMSVGA/Cmd/3dSetRenderTarget          0 times
00:00:18.213489 /Devices/vga/VMSVGA/Cmd/3dSetScissorRect           0 times
00:00:18.213493 /Devices/vga/VMSVGA/Cmd/3dSetShader                0 times
00:00:18.213498 /Devices/vga/VMSVGA/Cmd/3dSetShaderConst           0 times
00:00:18.213502 /Devices/vga/VMSVGA/Cmd/3dSetTextureState          0 times
00:00:18.213506 /Devices/vga/VMSVGA/Cmd/3dSetTransform             0 times
00:00:18.213511 /Devices/vga/VMSVGA/Cmd/3dSetViewPort              0 times
00:00:18.213516 /Devices/vga/VMSVGA/Cmd/3dSetZRange                0 times
00:00:18.213520 /Devices/vga/VMSVGA/Cmd/3dShaderDefine             0 times
00:00:18.213525 /Devices/vga/VMSVGA/Cmd/3dShaderDestroy            0 times
00:00:18.213529 /Devices/vga/VMSVGA/Cmd/3dSurfaceCopy              0 times
00:00:18.213534 /Devices/vga/VMSVGA/Cmd/3dSurfaceDefine            0 times
00:00:18.213538 /Devices/vga/VMSVGA/Cmd/3dSurfaceDefineV2          0 times
00:00:18.213543 /Devices/vga/VMSVGA/Cmd/3dSurfaceDestroy           0 times
00:00:18.213547 /Devices/vga/VMSVGA/Cmd/3dSurfaceDma               0 times
00:00:18.213552 /Devices/vga/VMSVGA/Cmd/3dSurfaceScreen            0 times
00:00:18.213556 /Devices/vga/VMSVGA/Cmd/3dSurfaceStretchBlt         0 times
00:00:18.213560 /Devices/vga/VMSVGA/Cmd/3dWaitForQuery             0 times
00:00:18.213564 /Devices/vga/VMSVGA/Cmd/AnnotationCopy             0 times
00:00:18.213568 /Devices/vga/VMSVGA/Cmd/AnnotationFill             0 times
00:00:18.213573 /Devices/vga/VMSVGA/Cmd/BlitGmrFbToScreen          0 times
00:00:18.213578 /Devices/vga/VMSVGA/Cmd/BlitScreentoGmrFb          0 times
00:00:18.213582 /Devices/vga/VMSVGA/Cmd/DefineAlphaCursor          0 times
00:00:18.213586 /Devices/vga/VMSVGA/Cmd/DefineCursor               0 times
00:00:18.213599 /Devices/vga/VMSVGA/Cmd/DefineGmr2                 0 times
00:00:18.213612 /Devices/vga/VMSVGA/Cmd/DefineGmr2/Free            0 times
00:00:18.213616 /Devices/vga/VMSVGA/Cmd/DefineGmr2/Modify          0 times
00:00:18.213620 /Devices/vga/VMSVGA/Cmd/DefineGmrFb                0 times
00:00:18.213624 /Devices/vga/VMSVGA/Cmd/DefineScreen               0 times
00:00:18.213629 /Devices/vga/VMSVGA/Cmd/DestroyScreen              0 times
00:00:18.213632 /Devices/vga/VMSVGA/Cmd/DisplayCursor              0 times
00:00:18.213636 /Devices/vga/VMSVGA/Cmd/Escape                     0 times
00:00:18.213640 /Devices/vga/VMSVGA/Cmd/Fence                      0 times
00:00:18.213644 /Devices/vga/VMSVGA/Cmd/InvalidCmd                 0 times
00:00:18.213648 /Devices/vga/VMSVGA/Cmd/MoveCursor                 0 times
00:00:18.213652 /Devices/vga/VMSVGA/Cmd/RectCopy                   0 times
00:00:18.213656 /Devices/vga/VMSVGA/Cmd/RectFill                   0 times
00:00:18.213661 /Devices/vga/VMSVGA/Cmd/RectRopCopy                0 times
00:00:18.213665 /Devices/vga/VMSVGA/Cmd/RemapGmr2                  0 times
00:00:18.213669 /Devices/vga/VMSVGA/Cmd/RemapGmr2/Modify           0 times
00:00:18.213674 /Devices/vga/VMSVGA/Cmd/Update                     0 times
00:00:18.213678 /Devices/vga/VMSVGA/Cmd/UpdateVerbose              0 times
00:00:18.213683 /Devices/vga/VMSVGA/EmtDelayOnBusyFifo             0 ticks/call (           0 ticks,       0 calls, max         0, min      -1)
00:00:18.213688 /Devices/vga/VMSVGA/FifoCommands                   0 times
00:00:18.213693 /Devices/vga/VMSVGA/FifoCursorFetchAgain           0 times
00:00:18.213711 /Devices/vga/VMSVGA/FifoCursorNoChange             0 times
00:00:18.213715 /Devices/vga/VMSVGA/FifoCursorPosition             0 times
00:00:18.213719 /Devices/vga/VMSVGA/FifoCursorVisiblity            0 times
00:00:18.213723 /Devices/vga/VMSVGA/FifoErrors                     0 times
00:00:18.213728 /Devices/vga/VMSVGA/FifoExtendedSleep      7997498775 ticks/call ( 15994997550 ticks,       2 calls, max 15994985253, min   12297)
00:00:18.213735 /Devices/vga/VMSVGA/FifoStalls                     0 ticks/call (           0 ticks,       0 calls, max         0, min      -1)
00:00:18.213741 /Devices/vga/VMSVGA/FifoTodoTimeout                0 times
00:00:18.213746 /Devices/vga/VMSVGA/FifoTodoWoken                  0 times
00:00:18.213750 /Devices/vga/VMSVGA/FifoUnknownCommands            0 times
00:00:18.213755 /Devices/vga/VMSVGA/FifoWatchdogWakeUps            0 times
00:00:18.213763 /Devices/vga/VMSVGA/Reg/BitsPerPixelRead           0 times
00:00:18.213767 /Devices/vga/VMSVGA/Reg/BitsPerPixelWrite          0 times
00:00:18.213771 /Devices/vga/VMSVGA/Reg/BlueMaskRead               0 times
00:00:18.213775 /Devices/vga/VMSVGA/Reg/BusyRead                   0 times
00:00:18.213779 /Devices/vga/VMSVGA/Reg/BusyWrite                  0 times
00:00:18.213784 /Devices/vga/VMSVGA/Reg/BytesPerLineRead           0 times
00:00:18.213788 /Devices/vga/VMSVGA/Reg/CapabilitesRead            0 times
00:00:18.213793 /Devices/vga/VMSVGA/Reg/CmdPrependHighRead         0 times
00:00:18.213797 /Devices/vga/VMSVGA/Reg/CmdPrependHighWrite         0 times
00:00:18.213802 /Devices/vga/VMSVGA/Reg/CmdPrependLowRead          0 times
00:00:18.213806 /Devices/vga/VMSVGA/Reg/CmdPrependLowWrite         0 times
00:00:18.213811 /Devices/vga/VMSVGA/Reg/CommandHighRead            0 times
00:00:18.213815 /Devices/vga/VMSVGA/Reg/CommandHighWrite           0 times
00:00:18.213819 /Devices/vga/VMSVGA/Reg/CommandLowRead             0 times
00:00:18.213824 /Devices/vga/VMSVGA/Reg/CommandLowWrite            0 times
00:00:18.213828 /Devices/vga/VMSVGA/Reg/ConfigDoneRead             0 times
00:00:18.213832 /Devices/vga/VMSVGA/Reg/ConfigDoneWrite            0 times
00:00:18.213836 /Devices/vga/VMSVGA/Reg/CursorIdRead               0 times
00:00:18.213840 /Devices/vga/VMSVGA/Reg/CursorIdWrite              0 times
00:00:18.213845 /Devices/vga/VMSVGA/Reg/CursorMobIdWrite           0 times
00:00:18.213849 /Devices/vga/VMSVGA/Reg/CursorOnRead               0 times
00:00:18.213854 /Devices/vga/VMSVGA/Reg/CursorOnWrite              0 times
00:00:18.213858 /Devices/vga/VMSVGA/Reg/CursorXRead                0 times
00:00:18.213862 /Devices/vga/VMSVGA/Reg/CursorXWrite               0 times
00:00:18.213866 /Devices/vga/VMSVGA/Reg/CursorYRead                0 times
00:00:18.213871 /Devices/vga/VMSVGA/Reg/CursorYWrite               0 times
00:00:18.213875 /Devices/vga/VMSVGA/Reg/DepthRead                  0 times
00:00:18.213878 /Devices/vga/VMSVGA/Reg/DepthWrite                 0 times
00:00:18.213882 /Devices/vga/VMSVGA/Reg/DevCapRead                 0 times
00:00:18.213887 /Devices/vga/VMSVGA/Reg/DevCapWrite                0 times
00:00:18.213891 /Devices/vga/VMSVGA/Reg/DisplayHeightRead          0 times
00:00:18.213894 /Devices/vga/VMSVGA/Reg/DisplayHeightWrite         0 times
00:00:18.213898 /Devices/vga/VMSVGA/Reg/DisplayIdRead              0 times
00:00:18.213902 /Devices/vga/VMSVGA/Reg/DisplayIdWrite             0 times
00:00:18.213906 /Devices/vga/VMSVGA/Reg/DisplayIsPrimaryRead         0 times
00:00:18.213910 /Devices/vga/VMSVGA/Reg/DisplayIsPrimaryWrite         0 times
00:00:18.213915 /Devices/vga/VMSVGA/Reg/DisplayPositionXRead         0 times
00:00:18.213919 /Devices/vga/VMSVGA/Reg/DisplayPositionXWrite         0 times
00:00:18.213923 /Devices/vga/VMSVGA/Reg/DisplayPositionYRead         0 times
00:00:18.213926 /Devices/vga/VMSVGA/Reg/DisplayPositionYWrite         0 times
00:00:18.213931 /Devices/vga/VMSVGA/Reg/DisplayWidthRead           0 times
00:00:18.213937 /Devices/vga/VMSVGA/Reg/DisplayWidthWrite          0 times
00:00:18.213952 /Devices/vga/VMSVGA/Reg/EnableRead                 0 times
00:00:18.213956 /Devices/vga/VMSVGA/Reg/EnableWrite                0 times
00:00:18.213961 /Devices/vga/VMSVGA/Reg/FbOffsetRead               0 times
00:00:18.213965 /Devices/vga/VMSVGA/Reg/FbSizeRead                 0 times
00:00:18.213969 /Devices/vga/VMSVGA/Reg/FbStartRead                0 times
00:00:18.213973 /Devices/vga/VMSVGA/Reg/GBMemSizeRead              0 times
00:00:18.213977 /Devices/vga/VMSVGA/Reg/GmrDescriptorWrite         0 times
00:00:18.213981 /Devices/vga/VMSVGA/Reg/GmrDescriptorWrite/Errors         0 times
00:00:18.213985 /Devices/vga/VMSVGA/Reg/GmrDescriptorWrite/Free         0 times
00:00:18.213989 /Devices/vga/VMSVGA/Reg/GmrIdRead                  0 times
00:00:18.213993 /Devices/vga/VMSVGA/Reg/GmrIdWrite                 0 times
00:00:18.213997 /Devices/vga/VMSVGA/Reg/GmrMaxDescriptorLengthRead         0 times
00:00:18.214000 /Devices/vga/VMSVGA/Reg/GmrMaxIdsRead              0 times
00:00:18.214004 /Devices/vga/VMSVGA/Reg/GmrsMaxPagesRead           0 times
00:00:18.214008 /Devices/vga/VMSVGA/Reg/GreenMaskRead              0 times
00:00:18.214013 /Devices/vga/VMSVGA/Reg/GuestIdRead                0 times
00:00:18.214017 /Devices/vga/VMSVGA/Reg/GuestIdWrite               0 times
00:00:18.214021 /Devices/vga/VMSVGA/Reg/HeightRead                 0 times
00:00:18.214025 /Devices/vga/VMSVGA/Reg/HeightWrite                0 times
00:00:18.214029 /Devices/vga/VMSVGA/Reg/HostBitsPerPixelRead         0 times
00:00:18.214032 /Devices/vga/VMSVGA/Reg/IdRead                     0 times
00:00:18.214037 /Devices/vga/VMSVGA/Reg/IdWrite                    0 times
00:00:18.214041 /Devices/vga/VMSVGA/Reg/IrqMaskRead                0 times
00:00:18.214045 /Devices/vga/VMSVGA/Reg/IrqMaskWrite               0 times
00:00:18.214049 /Devices/vga/VMSVGA/Reg/MaxHeightRead              0 times
00:00:18.214054 /Devices/vga/VMSVGA/Reg/MaxPrimBBMemRead           0 times
00:00:18.214059 /Devices/vga/VMSVGA/Reg/MaxWidthRead               0 times
00:00:18.214063 /Devices/vga/VMSVGA/Reg/MemRegsRead                0 times
00:00:18.214068 /Devices/vga/VMSVGA/Reg/MemSizeRead                0 times
00:00:18.214073 /Devices/vga/VMSVGA/Reg/MemStartRead               0 times
00:00:18.214077 /Devices/vga/VMSVGA/Reg/MemorySizeRead             0 times
00:00:18.214081 /Devices/vga/VMSVGA/Reg/MobMaxSizeRead             0 times
00:00:18.214085 /Devices/vga/VMSVGA/Reg/NumDisplaysRead            0 times
00:00:18.214089 /Devices/vga/VMSVGA/Reg/NumDisplaysWrite           0 times
00:00:18.214094 /Devices/vga/VMSVGA/Reg/NumGuestDisplaysRead         0 times
00:00:18.214098 /Devices/vga/VMSVGA/Reg/NumGuestDisplaysWrite         0 times
00:00:18.214101 /Devices/vga/VMSVGA/Reg/PaletteRead                0 times
00:00:18.214106 /Devices/vga/VMSVGA/Reg/PaletteWrite               0 times
00:00:18.214111 /Devices/vga/VMSVGA/Reg/PitchLockRead              0 times
00:00:18.214115 /Devices/vga/VMSVGA/Reg/PitchLockWrite             0 times
00:00:18.214120 /Devices/vga/VMSVGA/Reg/PseudoColorWrite           0 times
00:00:18.214124 /Devices/vga/VMSVGA/Reg/PsuedoColorRead            0 times
00:00:18.214128 /Devices/vga/VMSVGA/Reg/ReadOnlyWrite              0 times
00:00:18.214132 /Devices/vga/VMSVGA/Reg/RedMaskRead                0 times
00:00:18.214136 /Devices/vga/VMSVGA/Reg/ScratchRead                0 times
00:00:18.214141 /Devices/vga/VMSVGA/Reg/ScratchSizeRead            0 times
00:00:18.214145 /Devices/vga/VMSVGA/Reg/ScratchWrite               0 times
00:00:18.214149 /Devices/vga/VMSVGA/Reg/ScrnTgtMaxHeightRead         0 times
00:00:18.214153 /Devices/vga/VMSVGA/Reg/ScrnTgtMaxWidthRead         0 times
00:00:18.214158 /Devices/vga/VMSVGA/Reg/SyncRead                   0 times
00:00:18.214163 /Devices/vga/VMSVGA/Reg/SyncWrite                  0 times
00:00:18.214167 /Devices/vga/VMSVGA/Reg/TopRead                    0 times
00:00:18.214171 /Devices/vga/VMSVGA/Reg/TopWrite                   0 times
00:00:18.214176 /Devices/vga/VMSVGA/Reg/TracesRead                 0 times
00:00:18.214181 /Devices/vga/VMSVGA/Reg/TracesWrite                0 times
00:00:18.214198 /Devices/vga/VMSVGA/Reg/UnknownRead                0 times
00:00:18.214203 /Devices/vga/VMSVGA/Reg/UnknownWrite               0 times
00:00:18.214207 /Devices/vga/VMSVGA/Reg/VramSizeRead               0 times
00:00:18.214211 /Devices/vga/VMSVGA/Reg/WidthRead                  0 times
00:00:18.214216 /Devices/vga/VMSVGA/Reg/WidthWrite                 0 times
00:00:18.214219 /Devices/vga/VMSVGA/Reg/WriteOnlyRead              0 times
00:00:18.214222 /Drivers/AUDIO-0/TotalStreamsCreated               0 count
00:00:18.214225 /Drivers/AUDIO-1/TotalStreamsCreated               0 count
00:00:18.214228 /Drivers/AUDIO-2/TotalStreamsCreated               0 count
00:00:18.214234 /EM/CPU0/ExitHashing/Used                          0 times
00:00:18.214238 /EM/CPU0/ExitOpt/Exec                              0 ticks/call (           0 ticks,       0 calls, max         0, min      -1)
00:00:18.214242 /EM/CPU0/ExitOpt/ExecInstructions                  0 times
00:00:18.214245 /EM/CPU0/ExitOpt/ExecRetReasonForcedFlag           0 times
00:00:18.214248 /EM/CPU0/ExitOpt/ExecRetReasonHostInterrupt         0 times
00:00:18.214251 /EM/CPU0/ExitOpt/ExecRetReasonLongJump             0 times
00:00:18.214253 /EM/CPU0/ExitOpt/ExecRetReasonMaxDistance          0 times
00:00:18.214256 /EM/CPU0/ExitOpt/ExecRetReasonMaxInstructions         0 times
00:00:18.214259 /EM/CPU0/ExitOpt/ExecRetReasonNormal               0 times
00:00:18.214262 /EM/CPU0/ExitOpt/ExecRetReasonTimer                0 times
00:00:18.214264 /EM/CPU0/ExitOpt/ExecSavedExit                     0 times
00:00:18.214267 /EM/CPU0/ExitOpt/Probe                             0 ticks/call (           0 ticks,       0 calls, max         0, min      -1)
00:00:18.214271 /EM/CPU0/ExitOpt/ProbeInstructions                 0 times
00:00:18.214274 /EM/CPU0/ExitOpt/ProbedExecWithMax                 0 times
00:00:18.214277 /EM/CPU0/ExitOpt/ProbedNormal                      0 times
00:00:18.214280 /EM/CPU0/ExitOpt/ProbedToRing3                     0 times
00:00:18.214283 /GMM/ChunkTlbHits                                  0 times
00:00:18.214286 /GMM/ChunkTlbMisses                                0 times
00:00:18.214299 /GMM/VM/Allocated/cBasePages                     545 pages
00:00:18.214303 /GMM/VM/Allocated/cFixedPages                      0 pages
00:00:18.214308 /GMM/VM/Allocated/cShadowPages                     0 pages
00:00:18.214313 /GMM/VM/Reserved/cBasePages                   399463 pages
00:00:18.214318 /GMM/VM/Reserved/cFixedPages                    5636 pages
00:00:18.214323 /GMM/VM/Reserved/cShadowPages                      1 pages
00:00:18.214326 /GMM/VM/cBalloonedPages                            0 pages
00:00:18.214329 /GMM/VM/cMaxBalloonedPages                         0 pages
00:00:18.214332 /GMM/VM/cPrivatePages                            545 pages
00:00:18.214336 /GMM/VM/cReqActuallyBalloonedPages                 0 pages
00:00:18.214338 /GMM/VM/cReqBalloonedPages                         0 pages
00:00:18.214341 /GMM/VM/cReqDeflatePages                           0 pages
00:00:18.214344 /GMM/VM/cShareableModules                          0 count
00:00:18.214347 /GMM/VM/cSharedPages                               0 pages
00:00:18.214351 /GMM/VM/enmPolicy                                  1 
00:00:18.214354 /GMM/VM/enmPriority                                2 
00:00:18.214357 /GMM/VM/fBallooningEnabled                 false    
00:00:18.214360 /GMM/VM/fMayAllocate                       true     
00:00:18.214363 /GMM/VM/fSharedPagingEnabled               false    
00:00:18.214366 /GMM/cAllocatedPages                             545 pages
00:00:18.214369 /GMM/cBalloonedPages                               0 pages
00:00:18.214372 /GMM/cChunks                                       2 count
00:00:18.214376 /GMM/cDuplicatePages                               0 pages
00:00:18.214379 /GMM/cFreedChunks                                  0 count
00:00:18.214382 /GMM/cLeftBehindSharedPages                        0 pages
00:00:18.214385 /GMM/cMaxPages                             4294967295 pages
00:00:18.214394 /GMM/cOverCommittedPages                           0 pages
00:00:18.214397 /GMM/cReservedPages                           405100 pages
00:00:18.214402 /GMM/cShareableModules                             0 count
00:00:18.214407 /GMM/cSharedPages                                  0 pages
00:00:18.214412 /GMM/idFreeGeneration                      4611686018427387775 
00:00:18.214491 /GVMM/EMTs                                         1 count
00:00:18.214497 /GVMM/HostCPUs                                     8 count
00:00:18.214501 /GVMM/HostCpus/0                                   0 
00:00:18.214504 /GVMM/HostCpus/0/CurTimerHz                        0 Hz
00:00:18.214507 /GVMM/HostCpus/0/DesiredHz                         0 Hz
00:00:18.214511 /GVMM/HostCpus/0/PPTChanges                        0 times
00:00:18.214515 /GVMM/HostCpus/0/PPTStarts                         0 times
00:00:18.214521 /GVMM/HostCpus/0/idxCpuSet                         0 
00:00:18.214526 /GVMM/HostCpus/1                                   1 
00:00:18.214529 /GVMM/HostCpus/1/CurTimerHz                        0 Hz
00:00:18.214532 /GVMM/HostCpus/1/DesiredHz                         0 Hz
00:00:18.214535 /GVMM/HostCpus/1/PPTChanges                        0 times
00:00:18.214538 /GVMM/HostCpus/1/PPTStarts                         0 times
00:00:18.214541 /GVMM/HostCpus/1/idxCpuSet                         1 
00:00:18.214544 /GVMM/HostCpus/2                                   2 
00:00:18.214547 /GVMM/HostCpus/2/CurTimerHz                        0 Hz
00:00:18.214550 /GVMM/HostCpus/2/DesiredHz                         0 Hz
00:00:18.214553 /GVMM/HostCpus/2/PPTChanges                        0 times
00:00:18.214556 /GVMM/HostCpus/2/PPTStarts                         0 times
00:00:18.214559 /GVMM/HostCpus/2/idxCpuSet                         2 
00:00:18.214562 /GVMM/HostCpus/3                                   3 
00:00:18.214565 /GVMM/HostCpus/3/CurTimerHz                        0 Hz
00:00:18.214568 /GVMM/HostCpus/3/DesiredHz                         0 Hz
00:00:18.214571 /GVMM/HostCpus/3/PPTChanges                        0 times
00:00:18.214574 /GVMM/HostCpus/3/PPTStarts                         0 times
00:00:18.214577 /GVMM/HostCpus/3/idxCpuSet                         3 
00:00:18.214580 /GVMM/HostCpus/4                                   4 
00:00:18.214585 /GVMM/HostCpus/4/CurTimerHz                        0 Hz
00:00:18.214590 /GVMM/HostCpus/4/DesiredHz                         0 Hz
00:00:18.214679 /GVMM/HostCpus/4/PPTChanges                        0 times
00:00:18.214682 /GVMM/HostCpus/4/PPTStarts                         0 times
00:00:18.214685 /GVMM/HostCpus/4/idxCpuSet                         4 
00:00:18.214688 /GVMM/HostCpus/5                                   5 
00:00:18.214691 /GVMM/HostCpus/5/CurTimerHz                        0 Hz
00:00:18.214694 /GVMM/HostCpus/5/DesiredHz                         0 Hz
00:00:18.214697 /GVMM/HostCpus/5/PPTChanges                        0 times
00:00:18.214700 /GVMM/HostCpus/5/PPTStarts                         0 times
00:00:18.214703 /GVMM/HostCpus/5/idxCpuSet                         5 
00:00:18.214706 /GVMM/HostCpus/6                                   6 
00:00:18.214709 /GVMM/HostCpus/6/CurTimerHz                        0 Hz
00:00:18.214712 /GVMM/HostCpus/6/DesiredHz                         0 Hz
00:00:18.214715 /GVMM/HostCpus/6/PPTChanges                        0 times
00:00:18.214718 /GVMM/HostCpus/6/PPTStarts                         0 times
00:00:18.214721 /GVMM/HostCpus/6/idxCpuSet                         6 
00:00:18.214724 /GVMM/HostCpus/7                                   7 
00:00:18.214727 /GVMM/HostCpus/7/CurTimerHz                        0 Hz
00:00:18.214730 /GVMM/HostCpus/7/DesiredHz                         0 Hz
00:00:18.214733 /GVMM/HostCpus/7/PPTChanges                        0 times
00:00:18.214736 /GVMM/HostCpus/7/PPTStarts                         0 times
00:00:18.214739 /GVMM/HostCpus/7/idxCpuSet                         7 
00:00:18.214744 /GVMM/Sum/HaltBlocking                           280 calls
00:00:18.214759 /GVMM/Sum/HaltCalls                              280 calls
00:00:18.214763 /GVMM/Sum/HaltNotBlocking                          0 calls
00:00:18.214766 /GVMM/Sum/HaltTimeouts                           258 calls
00:00:18.214769 /GVMM/Sum/HaltWakeUps                              0 calls
00:00:18.214773 /GVMM/Sum/PokeCalls                                0 calls
00:00:18.214776 /GVMM/Sum/PokeNotBusy                              0 calls
00:00:18.214779 /GVMM/Sum/PollCalls                                0 calls
00:00:18.214782 /GVMM/Sum/PollHalts                                0 calls
00:00:18.214785 /GVMM/Sum/PollWakeUps                              0 calls
00:00:18.214788 /GVMM/Sum/WakeUpCalls                             22 calls
00:00:18.214791 /GVMM/Sum/WakeUpNotHalted                          1 calls
00:00:18.214794 /GVMM/Sum/WakeUpWakeUps                            0 calls
00:00:18.214798 /GVMM/VCpus/0/Start                                0 ticks/call (           0 ticks,       0 calls, max         0, min       0)
00:00:18.214802 /GVMM/VCpus/0/Stop                                 0 ticks/call (           0 ticks,       0 calls, max         0, min       0)
00:00:18.214806 /GVMM/VCpus/0/cWakeUpTimerCanceled                 0 times
00:00:18.214809 /GVMM/VCpus/0/cWakeUpTimerHits                     0 times
00:00:18.214812 /GVMM/VCpus/0/cWakeUpTimerMisses                   0 times
00:00:18.214815 /GVMM/VCpus/0/cWakeUpTimerSameCpu                  0 times
00:00:18.214818 /GVMM/VM/HaltBlocking                            280 calls
00:00:18.214821 /GVMM/VM/HaltCalls                               280 calls
00:00:18.214824 /GVMM/VM/HaltNotBlocking                           0 calls
00:00:18.214827 /GVMM/VM/HaltTimeouts                            258 calls
00:00:18.214830 /GVMM/VM/HaltWakeUps                               0 calls
00:00:18.214834 /GVMM/VM/PokeCalls                                 0 calls
00:00:18.214837 /GVMM/VM/PokeNotBusy                               0 calls
00:00:18.214840 /GVMM/VM/PollCalls                                 0 calls
00:00:18.214843 /GVMM/VM/PollHalts                                 0 calls
00:00:18.214846 /GVMM/VM/PollWakeUps                               0 calls
00:00:18.214849 /GVMM/VM/WakeUpCalls                              22 calls
00:00:18.214852 /GVMM/VM/WakeUpNotHalted                           1 calls
00:00:18.214855 /GVMM/VM/WakeUpWakeUps                             0 calls
00:00:18.214858 /GVMM/VMs                                          1 count
00:00:18.214862 /HGCM/FailedPageListLocking                        0 count
00:00:18.214867 /HGCM/LargeCmdAllocs                               0 count
00:00:18.214872 /HGCM/MsgArrival                                   0 ticks/call (           0 ticks,       0 calls, max         0, min      -1)
00:00:18.214878 /HGCM/MsgCompletion                                0 ticks/call (           0 ticks,       0 calls, max         0, min      -1)
00:00:18.214884 /HGCM/MsgTotal                                     0 ticks/call (           0 ticks,       0 calls, max         0, min      -1)
00:00:18.214891 /HM/CPU0/Exit/HostNmiInGC                          0 times
00:00:18.214896 /HM/CPU0/Exit/HostNmiInGCIpi                       0 times
00:00:18.214900 /HM/CPU0/Exit/PreemptTimer                         0 times
00:00:18.214905 /HM/CPU0/Exit/Trap/Gst/#AC                         0 times
00:00:18.214910 /HM/CPU0/Exit/Trap/Gst/#AC-split-lock              0 times
00:00:18.214914 /HM/CPU0/ImportGuestStateFallback                  0 times
00:00:18.214918 /HM/CPU0/PreemptTimer                              0 times
00:00:18.214923 /HM/CPU0/PreemptTimer/RecalcingDeadline          242 times
00:00:18.214928 /HM/CPU0/PreemptTimer/RecalcingDeadlineExpired         0 times
00:00:18.214933 /HM/CPU0/PreemptTimer/ReusingDeadline            860 times
00:00:18.214938 /HM/CPU0/PreemptTimer/ReusingDeadlineExpired         0 times
00:00:18.214940 /HM/CPU0/ReadToTransientFallback                   0 times
00:00:18.214943 /HM/CPU0/Switch/Preempting                         0 times
00:00:18.214963 /IEM/CPU0/Tlb/Code/InvlPg                          0 
00:00:18.214966 /IEM/CPU0/Tlb/Code/InvlPg/LargeGlobal              0 
00:00:18.214969 /IEM/CPU0/Tlb/Code/InvlPg/LargeNonGlobal           0 
00:00:18.214972 /IEM/CPU0/Tlb/Code/LargePageGlobalCurLoads         0 count
00:00:18.214975 /IEM/CPU0/Tlb/Code/LargePageGlobalFirstTag ffffffffffffffff count
00:00:18.214978 /IEM/CPU0/Tlb/Code/LargePageGlobalLastTag          0 count
00:00:18.214981 /IEM/CPU0/Tlb/Code/LargePageNonGlobalCurLoads         0 count
00:00:18.214984 /IEM/CPU0/Tlb/Code/LargePageNonGlobalFirstTag ffffffffffffffff count
00:00:18.214987 /IEM/CPU0/Tlb/Code/LargePageNonGlobalLastTag         0 count
00:00:18.214990 /IEM/CPU0/Tlb/Code/Misses                          0 count
00:00:18.214993 /IEM/CPU0/Tlb/Code/Misses/GlobalLoads              0 count
00:00:18.214996 /IEM/CPU0/Tlb/Code/PhysicalRevision        fffffffffffce000 
00:00:18.214999 /IEM/CPU0/Tlb/Code/PhysicalRevisionFlushes         0 
00:00:18.215002 /IEM/CPU0/Tlb/Code/PhysicalRevisionRollovers         0 
00:00:18.215005 /IEM/CPU0/Tlb/Code/RevisionGlobal          fffff38000000000 
00:00:18.215008 /IEM/CPU0/Tlb/Code/RevisionGlobalFlushes           0 
00:00:18.215011 /IEM/CPU0/Tlb/Code/RevisionNonGlobal       fffff38000000000 
00:00:18.215014 /IEM/CPU0/Tlb/Code/RevisionNonGlobalFlushes         0 
00:00:18.215017 /IEM/CPU0/Tlb/Code/RevisionRollovers               0 
00:00:18.215020 /IEM/CPU0/Tlb/Code/SlowReads                       0 count
00:00:18.215023 /IEM/CPU0/Tlb/Data/InvlPg                          0 
00:00:18.215026 /IEM/CPU0/Tlb/Data/InvlPg/LargeGlobal              0 
00:00:18.215030 /IEM/CPU0/Tlb/Data/InvlPg/LargeNonGlobal           0 
00:00:18.215034 /IEM/CPU0/Tlb/Data/LargePageGlobalCurLoads         0 count
00:00:18.215039 /IEM/CPU0/Tlb/Data/LargePageGlobalFirstTag ffffffffffffffff count
00:00:18.215043 /IEM/CPU0/Tlb/Data/LargePageGlobalLastTag          0 count
00:00:18.215048 /IEM/CPU0/Tlb/Data/LargePageNonGlobalCurLoads         0 count
00:00:18.215052 /IEM/CPU0/Tlb/Data/LargePageNonGlobalFirstTag ffffffffffffffff count
00:00:18.215057 /IEM/CPU0/Tlb/Data/LargePageNonGlobalLastTag         0 count
00:00:18.215062 /IEM/CPU0/Tlb/Data/Misses                          0 count
00:00:18.215065 /IEM/CPU0/Tlb/Data/Misses/Core                     0 count
00:00:18.215068 /IEM/CPU0/Tlb/Data/Misses/Core/GlobalLoads         0 count
00:00:18.215071 /IEM/CPU0/Tlb/Data/Misses/Safe                     0 count
00:00:18.215074 /IEM/CPU0/Tlb/Data/Misses/Safe/Reads               0 count
00:00:18.215077 /IEM/CPU0/Tlb/Data/Misses/Safe/SubPartHits         0 count
00:00:18.215082 /IEM/CPU0/Tlb/Data/Misses/Safe/SubPartMisses         0 count
00:00:18.215086 /IEM/CPU0/Tlb/Data/Misses/Safe/SubPartMisses/GlobalLoads         0 count
00:00:18.215090 /IEM/CPU0/Tlb/Data/Misses/Safe/Writes              0 count
00:00:18.215094 /IEM/CPU0/Tlb/Data/PhysicalRevision        fffffffffffce000 
00:00:18.215097 /IEM/CPU0/Tlb/Data/PhysicalRevisionFlushes         0 
00:00:18.215100 /IEM/CPU0/Tlb/Data/PhysicalRevisionRollovers         0 
00:00:18.215103 /IEM/CPU0/Tlb/Data/RevisionGlobal          fffff38000000000 
00:00:18.215106 /IEM/CPU0/Tlb/Data/RevisionGlobalFlushes           0 
00:00:18.215109 /IEM/CPU0/Tlb/Data/RevisionNonGlobal       fffff38000000000 
00:00:18.215112 /IEM/CPU0/Tlb/Data/RevisionNonGlobalFlushes         0 
00:00:18.215115 /IEM/CPU0/Tlb/Data/RevisionRollovers               0 
00:00:18.215118 /IEM/CPU0/cInstructions                          892 count
00:00:18.215121 /IEM/CPU0/cLongJumps                               0 bytes
00:00:18.215125 /IEM/CPU0/cMisalignedAtomics                       0 count
00:00:18.215128 /IEM/CPU0/cPendingCommit                           0 count
00:00:18.215131 /IEM/CPU0/cPotentialExits                         46 count
00:00:18.215134 /IEM/CPU0/cRetAspectNotImplemented                 0 count
00:00:18.215138 /IEM/CPU0/cRetErrStatuses                          0 count
00:00:18.215143 /IEM/CPU0/cRetInfStatuses                          0 count
00:00:18.215147 /IEM/CPU0/cRetInstrNotImplemented                  0 count
00:00:18.215159 /IOM/MmioMappingsStale                             0 ticks/call
00:00:18.215165 /IOM/MmioTooDeepRecursion                          0 times
00:00:18.215170 /PDM/BlkCache/cbCached                             0 bytes
00:00:18.215174 /PDM/BlkCache/cbCachedFru                          0 bytes
00:00:18.215179 /PDM/BlkCache/cbCachedMruIn                        0 bytes
00:00:18.215183 /PDM/BlkCache/cbCachedMruOut                       0 bytes
00:00:18.215187 /PDM/BlkCache/cbMax                          5242880 bytes
00:00:18.215192 /PDM/CritSects/00-AbortedEnters                    0 times
00:00:18.215197 /PDM/CritSects/00-EntersWhileAborting              0 times
00:00:18.215202 /PDM/CritSects/00-Non-interruptible-Waits-VINF_SUCCESS         0 times
00:00:18.215206 /PDM/CritSects/00-QueuedLeaves                     0 times
00:00:18.215210 /PDM/CritSects/00-VERR_INTERRUPTED                 0 times
00:00:18.215215 /PDM/CritSects/00-VERR_TIMEOUT                     0 times
00:00:18.215220 /PDM/CritSects/8237A#0Auto/ContentionR3            0 times
00:00:18.215225 /PDM/CritSects/8237A#0Auto/ContentionR3Wait         0 ticks/time (           0 ticks,       0 times, max         0, min      -1)
00:00:18.215231 /PDM/CritSects/8237A#0Auto/ContentionRZLock         0 times
00:00:18.215235 /PDM/CritSects/8237A#0Auto/ContentionRZLockBusy         0 times
00:00:18.215240 /PDM/CritSects/8237A#0Auto/ContentionRZUnlock         0 times
00:00:18.215244 /PDM/CritSects/8237A#0Auto/ContentionRZWait         0 ticks/time (           0 ticks,       0 times, max         0, min      -1)
00:00:18.215250 /PDM/CritSects/AC'97/ContentionR3                  0 times
00:00:18.215254 /PDM/CritSects/AC'97/ContentionR3Wait              0 ticks/time (           0 ticks,       0 times, max         0, min      -1)
00:00:18.215260 /PDM/CritSects/AC'97/ContentionRZLock              0 times
00:00:18.215265 /PDM/CritSects/AC'97/ContentionRZLockBusy          0 times
00:00:18.215269 /PDM/CritSects/AC'97/ContentionRZUnlock            0 times
00:00:18.215273 /PDM/CritSects/AC'97/ContentionRZWait              0 ticks/time (           0 ticks,       0 times, max         0, min      -1)
00:00:18.215279 /PDM/CritSects/AHCI#0/ContentionR3                 0 times
00:00:18.215284 /PDM/CritSects/AHCI#0/ContentionR3Wait             0 ticks/time (           0 ticks,       0 times, max         0, min      -1)
00:00:18.215290 /PDM/CritSects/AHCI#0/ContentionRZLock             0 times
00:00:18.215294 /PDM/CritSects/AHCI#0/ContentionRZLockBusy         0 times
00:00:18.215298 /PDM/CritSects/AHCI#0/ContentionRZUnlock           0 times
00:00:18.215302 /PDM/CritSects/AHCI#0/ContentionRZWait             0 ticks/time (           0 ticks,       0 times, max         0, min      -1)
00:00:18.215308 /PDM/CritSects/ATA#0-Ctl/ContentionR3              0 times
00:00:18.215313 /PDM/CritSects/ATA#0-Ctl/ContentionR3Wait          0 ticks/time (           0 ticks,       0 times, max         0, min      -1)
00:00:18.215319 /PDM/CritSects/ATA#0-Ctl/ContentionRZLock          0 times
00:00:18.215322 /PDM/CritSects/ATA#0-Ctl/ContentionRZLockBusy         0 times
00:00:18.215325 /PDM/CritSects/ATA#0-Ctl/ContentionRZUnlock         0 times
00:00:18.215328 /PDM/CritSects/ATA#0-Ctl/ContentionRZWait          0 ticks/time (           0 ticks,       0 times, max         0, min      -1)
00:00:18.215331 /PDM/CritSects/ATA#0-Req/ContentionR3              0 times
00:00:18.215334 /PDM/CritSects/ATA#0-Req/ContentionR3Wait          0 ticks/time (           0 ticks,       0 times, max         0, min      -1)
00:00:18.215338 /PDM/CritSects/ATA#0-Req/ContentionRZLock          0 times
00:00:18.215340 /PDM/CritSects/ATA#0-Req/ContentionRZLockBusy         0 times
00:00:18.215343 /PDM/CritSects/ATA#0-Req/ContentionRZUnlock         0 times
00:00:18.215346 /PDM/CritSects/ATA#0-Req/ContentionRZWait          0 ticks/time (           0 ticks,       0 times, max         0, min      -1)
00:00:18.215351 /PDM/CritSects/ATA#1-Ctl/ContentionR3              0 times
00:00:18.215363 /PDM/CritSects/ATA#1-Ctl/ContentionR3Wait          0 ticks/time (           0 ticks,       0 times, max         0, min      -1)
00:00:18.215369 /PDM/CritSects/ATA#1-Ctl/ContentionRZLock          0 times
00:00:18.215373 /PDM/CritSects/ATA#1-Ctl/ContentionRZLockBusy         0 times
00:00:18.215377 /PDM/CritSects/ATA#1-Ctl/ContentionRZUnlock         0 times
00:00:18.215381 /PDM/CritSects/ATA#1-Ctl/ContentionRZWait          0 ticks/time (           0 ticks,       0 times, max         0, min      -1)
00:00:18.215386 /PDM/CritSects/ATA#1-Req/ContentionR3              0 times
00:00:18.215391 /PDM/CritSects/ATA#1-Req/ContentionR3Wait          0 ticks/time (           0 ticks,       0 times, max         0, min      -1)
00:00:18.215396 /PDM/CritSects/ATA#1-Req/ContentionRZLock          0 times
00:00:18.215400 /PDM/CritSects/ATA#1-Req/ContentionRZLockBusy         0 times
00:00:18.215404 /PDM/CritSects/ATA#1-Req/ContentionRZUnlock         0 times
00:00:18.215408 /PDM/CritSects/ATA#1-Req/ContentionRZWait          0 ticks/time (           0 ticks,       0 times, max         0, min      -1)
00:00:18.215414 /PDM/CritSects/E1000#0/ContentionR3                0 times
00:00:18.215419 /PDM/CritSects/E1000#0/ContentionR3Wait            0 ticks/time (           0 ticks,       0 times, max         0, min      -1)
00:00:18.215425 /PDM/CritSects/E1000#0/ContentionRZLock            0 times
00:00:18.215429 /PDM/CritSects/E1000#0/ContentionRZLockBusy         0 times
00:00:18.215433 /PDM/CritSects/E1000#0/ContentionRZUnlock          0 times
00:00:18.215437 /PDM/CritSects/E1000#0/ContentionRZWait            0 ticks/time (           0 ticks,       0 times, max         0, min      -1)
00:00:18.215443 /PDM/CritSects/E1000#0RX/ContentionR3              0 times
00:00:18.215448 /PDM/CritSects/E1000#0RX/ContentionR3Wait          0 ticks/time (           0 ticks,       0 times, max         0, min      -1)
00:00:18.215453 /PDM/CritSects/E1000#0RX/ContentionRZLock          0 times
00:00:18.215457 /PDM/CritSects/E1000#0RX/ContentionRZLockBusy         0 times
00:00:18.215461 /PDM/CritSects/E1000#0RX/ContentionRZUnlock         0 times
00:00:18.215465 /PDM/CritSects/E1000#0RX/ContentionRZWait          0 ticks/time (           0 ticks,       0 times, max         0, min      -1)
00:00:18.215469 /PDM/CritSects/E1000#0TX/ContentionR3              0 times
00:00:18.215472 /PDM/CritSects/E1000#0TX/ContentionR3Wait          0 ticks/time (           0 ticks,       0 times, max         0, min      -1)
00:00:18.215476 /PDM/CritSects/E1000#0TX/ContentionRZLock          0 times
00:00:18.215481 /PDM/CritSects/E1000#0TX/ContentionRZLockBusy         0 times
00:00:18.215485 /PDM/CritSects/E1000#0TX/ContentionRZUnlock         0 times
00:00:18.215489 /PDM/CritSects/E1000#0TX/ContentionRZWait          0 ticks/time (           0 ticks,       0 times, max         0, min      -1)
00:00:18.215492 /PDM/CritSects/EHCI#0Irq/ContentionR3              0 times
00:00:18.215495 /PDM/CritSects/EHCI#0Irq/ContentionR3Wait          0 ticks/time (           0 ticks,       0 times, max         0, min      -1)
00:00:18.215499 /PDM/CritSects/EHCI#0Irq/ContentionRZLock          0 times
00:00:18.215501 /PDM/CritSects/EHCI#0Irq/ContentionRZLockBusy         0 times
00:00:18.215504 /PDM/CritSects/EHCI#0Irq/ContentionRZUnlock         0 times
00:00:18.215507 /PDM/CritSects/EHCI#0Irq/ContentionRZWait          0 ticks/time (           0 ticks,       0 times, max         0, min      -1)
00:00:18.215510 /PDM/CritSects/GIMDev#0Auto/ContentionR3           0 times
00:00:18.215513 /PDM/CritSects/GIMDev#0Auto/ContentionR3Wait         0 ticks/time (           0 ticks,       0 times, max         0, min      -1)
00:00:18.215517 /PDM/CritSects/GIMDev#0Auto/ContentionRZLock         0 times
00:00:18.215519 /PDM/CritSects/GIMDev#0Auto/ContentionRZLockBusy         0 times
00:00:18.215522 /PDM/CritSects/GIMDev#0Auto/ContentionRZUnlock         0 times
00:00:18.215525 /PDM/CritSects/GIMDev#0Auto/ContentionRZWait         0 ticks/time (           0 ticks,       0 times, max         0, min      -1)
00:00:18.215529 /PDM/CritSects/NOP/ContentionR3                    0 times
00:00:18.215538 /PDM/CritSects/NOP/ContentionR3Wait                0 ticks/time (           0 ticks,       0 times, max         0, min      -1)
00:00:18.215542 /PDM/CritSects/NOP/ContentionRZLock                0 times
00:00:18.215545 /PDM/CritSects/NOP/ContentionRZLockBusy            0 times
00:00:18.215550 /PDM/CritSects/NOP/ContentionRZUnlock              0 times
00:00:18.215554 /PDM/CritSects/NOP/ContentionRZWait                0 ticks/time (           0 ticks,       0 times, max         0, min      -1)
00:00:18.215560 /PDM/CritSects/OHCI#0Irq/ContentionR3              0 times
00:00:18.215565 /PDM/CritSects/OHCI#0Irq/ContentionR3Wait          0 ticks/time (           0 ticks,       0 times, max         0, min      -1)
00:00:18.215570 /PDM/CritSects/OHCI#0Irq/ContentionRZLock          0 times
00:00:18.215574 /PDM/CritSects/OHCI#0Irq/ContentionRZLockBusy         0 times
00:00:18.215576 /PDM/CritSects/OHCI#0Irq/ContentionRZUnlock         0 times
00:00:18.215579 /PDM/CritSects/OHCI#0Irq/ContentionRZWait          0 ticks/time (           0 ticks,       0 times, max         0, min      -1)
00:00:18.215583 /PDM/CritSects/PDM/ContentionR3                    0 times
00:00:18.215588 /PDM/CritSects/PDM/ContentionR3Wait                0 ticks/time (           0 ticks,       0 times, max         0, min      -1)
00:00:18.215627 /PDM/CritSects/PDM/ContentionRZLock                0 times
00:00:18.215632 /PDM/CritSects/PDM/ContentionRZLockBusy            0 times
00:00:18.215636 /PDM/CritSects/PDM/ContentionRZUnlock              0 times
00:00:18.215640 /PDM/CritSects/PDM/ContentionRZWait                0 ticks/time (           0 ticks,       0 times, max         0, min      -1)
00:00:18.215645 /PDM/CritSects/PGM/ContentionR3                    0 times
00:00:18.215650 /PDM/CritSects/PGM/ContentionR3Wait                0 ticks/time (           0 ticks,       0 times, max         0, min      -1)
00:00:18.215655 /PDM/CritSects/PGM/ContentionRZLock                0 times
00:00:18.215658 /PDM/CritSects/PGM/ContentionRZLockBusy            0 times
00:00:18.215662 /PDM/CritSects/PGM/ContentionRZUnlock              0 times
00:00:18.215666 /PDM/CritSects/PGM/ContentionRZWait                0 ticks/time (           0 ticks,       0 times, max         0, min      -1)
00:00:18.215672 /PDM/CritSects/TM VirtualSync Lock/ContentionR3         0 times
00:00:18.215676 /PDM/CritSects/TM VirtualSync Lock/ContentionR3Wait         0 ticks/time (           0 ticks,       0 times, max         0, min      -1)
00:00:18.215681 /PDM/CritSects/TM VirtualSync Lock/ContentionRZLock         0 times
00:00:18.215685 /PDM/CritSects/TM VirtualSync Lock/ContentionRZLockBusy         0 times
00:00:18.215689 /PDM/CritSects/TM VirtualSync Lock/ContentionRZUnlock         0 times
00:00:18.215693 /PDM/CritSects/TM VirtualSync Lock/ContentionRZWait         0 ticks/time (           0 ticks,       0 times, max         0, min      -1)
00:00:18.215698 /PDM/CritSects/TM real queue timer lock/ContentionR3         0 times
00:00:18.215702 /PDM/CritSects/TM real queue timer lock/ContentionR3Wait         0 ticks/time (           0 ticks,       0 times, max         0, min      -1)
00:00:18.215707 /PDM/CritSects/TM real queue timer lock/ContentionRZLock         0 times
00:00:18.215711 /PDM/CritSects/TM real queue timer lock/ContentionRZLockBusy         0 times
00:00:18.215715 /PDM/CritSects/TM real queue timer lock/ContentionRZUnlock         0 times
00:00:18.215720 /PDM/CritSects/TM real queue timer lock/ContentionRZWait         0 ticks/time (           0 ticks,       0 times, max         0, min      -1)
00:00:18.215725 /PDM/CritSects/TM tsc queue timer lock/ContentionR3         0 times
00:00:18.215729 /PDM/CritSects/TM tsc queue timer lock/ContentionR3Wait         0 ticks/time (           0 ticks,       0 times, max         0, min      -1)
00:00:18.215734 /PDM/CritSects/TM tsc queue timer lock/ContentionRZLock         0 times
00:00:18.215738 /PDM/CritSects/TM tsc queue timer lock/ContentionRZLockBusy         0 times
00:00:18.215742 /PDM/CritSects/TM tsc queue timer lock/ContentionRZUnlock         0 times
00:00:18.215756 /PDM/CritSects/TM tsc queue timer lock/ContentionRZWait         0 ticks/time (           0 ticks,       0 times, max         0, min      -1)
00:00:18.215761 /PDM/CritSects/TM virtual queue timer lock/ContentionR3         0 times
00:00:18.215765 /PDM/CritSects/TM virtual queue timer lock/ContentionR3Wait         0 ticks/time (           0 ticks,       0 times, max         0, min      -1)
00:00:18.215770 /PDM/CritSects/TM virtual queue timer lock/ContentionRZLock         0 times
00:00:18.215774 /PDM/CritSects/TM virtual queue timer lock/ContentionRZLockBusy         0 times
00:00:18.215779 /PDM/CritSects/TM virtual queue timer lock/ContentionRZUnlock         0 times
00:00:18.215784 /PDM/CritSects/TM virtual queue timer lock/ContentionRZWait         0 ticks/time (           0 ticks,       0 times, max         0, min      -1)
00:00:18.215790 /PDM/CritSects/TM virtual_sync queue timer lock/ContentionR3         0 times
00:00:18.215794 /PDM/CritSects/TM virtual_sync queue timer lock/ContentionR3Wait         0 ticks/time (           0 ticks,       0 times, max         0, min      -1)
00:00:18.215799 /PDM/CritSects/TM virtual_sync queue timer lock/ContentionRZLock         0 times
00:00:18.215803 /PDM/CritSects/TM virtual_sync queue timer lock/ContentionRZLockBusy         0 times
00:00:18.215808 /PDM/CritSects/TM virtual_sync queue timer lock/ContentionRZUnlock         0 times
00:00:18.215812 /PDM/CritSects/TM virtual_sync queue timer lock/ContentionRZWait         0 ticks/time (           0 ticks,       0 times, max         0, min      -1)
00:00:18.215818 /PDM/CritSects/VGA#0/ContentionR3                  0 times
00:00:18.215822 /PDM/CritSects/VGA#0/ContentionR3Wait              0 ticks/time (           0 ticks,       0 times, max         0, min      -1)
00:00:18.215827 /PDM/CritSects/VGA#0/ContentionRZLock              0 times
00:00:18.215832 /PDM/CritSects/VGA#0/ContentionRZLockBusy          0 times
00:00:18.215836 /PDM/CritSects/VGA#0/ContentionRZUnlock            0 times
00:00:18.215841 /PDM/CritSects/VGA#0/ContentionRZWait              0 ticks/time (           0 ticks,       0 times, max         0, min      -1)
00:00:18.215847 /PDM/CritSects/VGA#0_IRQ/ContentionR3              0 times
00:00:18.215852 /PDM/CritSects/VGA#0_IRQ/ContentionR3Wait          0 ticks/time (           0 ticks,       0 times, max         0, min      -1)
00:00:18.215857 /PDM/CritSects/VGA#0_IRQ/ContentionRZLock          0 times
00:00:18.215860 /PDM/CritSects/VGA#0_IRQ/ContentionRZLockBusy         0 times
00:00:18.215864 /PDM/CritSects/VGA#0_IRQ/ContentionRZUnlock         0 times
00:00:18.215868 /PDM/CritSects/VGA#0_IRQ/ContentionRZWait          0 ticks/time (           0 ticks,       0 times, max         0, min      -1)
00:00:18.215873 /PDM/CritSects/VMMDev#0/ContentionR3               0 times
00:00:18.215877 /PDM/CritSects/VMMDev#0/ContentionR3Wait           0 ticks/time (           0 ticks,       0 times, max         0, min      -1)
00:00:18.215882 /PDM/CritSects/VMMDev#0/ContentionRZLock           0 times
00:00:18.215885 /PDM/CritSects/VMMDev#0/ContentionRZLockBusy         0 times
00:00:18.215889 /PDM/CritSects/VMMDev#0/ContentionRZUnlock         0 times
00:00:18.215893 /PDM/CritSects/VMMDev#0/ContentionRZWait           0 ticks/time (           0 ticks,       0 times, max         0, min      -1)
00:00:18.215898 /PDM/CritSects/acpi#0/ContentionR3                 0 times
00:00:18.215902 /PDM/CritSects/acpi#0/ContentionR3Wait             0 ticks/time (           0 ticks,       0 times, max         0, min      -1)
00:00:18.215907 /PDM/CritSects/acpi#0/ContentionRZLock             0 times
00:00:18.215911 /PDM/CritSects/acpi#0/ContentionRZLockBusy         0 times
00:00:18.215915 /PDM/CritSects/acpi#0/ContentionRZUnlock           0 times
00:00:18.215918 /PDM/CritSects/acpi#0/ContentionRZWait             0 ticks/time (           0 ticks,       0 times, max         0, min      -1)
00:00:18.215924 /PDM/CritSects/mc146818#0Auto/ContentionR3         0 times
00:00:18.215928 /PDM/CritSects/mc146818#0Auto/ContentionR3Wait         0 ticks/time (           0 ticks,       0 times, max         0, min      -1)
00:00:18.215944 /PDM/CritSects/mc146818#0Auto/ContentionRZLock         0 times
00:00:18.215948 /PDM/CritSects/mc146818#0Auto/ContentionRZLockBusy         0 times
00:00:18.215953 /PDM/CritSects/mc146818#0Auto/ContentionRZUnlock         0 times
00:00:18.215957 /PDM/CritSects/mc146818#0Auto/ContentionRZWait         0 ticks/time (           0 ticks,       0 times, max         0, min      -1)
00:00:18.215962 /PDM/CritSects/pcarch#0Auto/ContentionR3           0 times
00:00:18.215966 /PDM/CritSects/pcarch#0Auto/ContentionR3Wait         0 ticks/time (           0 ticks,       0 times, max         0, min      -1)
00:00:18.215972 /PDM/CritSects/pcarch#0Auto/ContentionRZLock         0 times
00:00:18.215976 /PDM/CritSects/pcarch#0Auto/ContentionRZLockBusy         0 times
00:00:18.215980 /PDM/CritSects/pcarch#0Auto/ContentionRZUnlock         0 times
00:00:18.215984 /PDM/CritSects/pcarch#0Auto/ContentionRZWait         0 ticks/time (           0 ticks,       0 times, max         0, min      -1)
00:00:18.215989 /PDM/CritSects/pcbios#0Auto/ContentionR3           0 times
00:00:18.215994 /PDM/CritSects/pcbios#0Auto/ContentionR3Wait         0 ticks/time (           0 ticks,       0 times, max         0, min      -1)
00:00:18.215999 /PDM/CritSects/pcbios#0Auto/ContentionRZLock         0 times
00:00:18.216003 /PDM/CritSects/pcbios#0Auto/ContentionRZLockBusy         0 times
00:00:18.216008 /PDM/CritSects/pcbios#0Auto/ContentionRZUnlock         0 times
00:00:18.216012 /PDM/CritSects/pcbios#0Auto/ContentionRZWait         0 ticks/time (           0 ticks,       0 times, max         0, min      -1)
00:00:18.216017 /PDM/CritSects/pckbd#0Auto/ContentionR3            0 times
00:00:18.216022 /PDM/CritSects/pckbd#0Auto/ContentionR3Wait         0 ticks/time (           0 ticks,       0 times, max         0, min      -1)
00:00:18.216027 /PDM/CritSects/pckbd#0Auto/ContentionRZLock         0 times
00:00:18.216032 /PDM/CritSects/pckbd#0Auto/ContentionRZLockBusy         0 times
00:00:18.216036 /PDM/CritSects/pckbd#0Auto/ContentionRZUnlock         0 times
00:00:18.216040 /PDM/CritSects/pckbd#0Auto/ContentionRZWait         0 ticks/time (           0 ticks,       0 times, max         0, min      -1)
00:00:18.216045 /PDM/CritSects/pit#0/ContentionR3                  0 times
00:00:18.216050 /PDM/CritSects/pit#0/ContentionR3Wait              0 ticks/time (           0 ticks,       0 times, max         0, min      -1)
00:00:18.216055 /PDM/CritSects/pit#0/ContentionRZLock              0 times
00:00:18.216060 /PDM/CritSects/pit#0/ContentionRZLockBusy          0 times
00:00:18.216064 /PDM/CritSects/pit#0/ContentionRZUnlock            0 times
00:00:18.216069 /PDM/CritSects/pit#0/ContentionRZWait              0 ticks/time (           0 ticks,       0 times, max         0, min      -1)
00:00:18.216074 /PDM/CritSects/usb-ehci#0Auto/ContentionR3         0 times
00:00:18.216079 /PDM/CritSects/usb-ehci#0Auto/ContentionR3Wait         0 ticks/time (           0 ticks,       0 times, max         0, min      -1)
00:00:18.216084 /PDM/CritSects/usb-ehci#0Auto/ContentionRZLock         0 times
00:00:18.216088 /PDM/CritSects/usb-ehci#0Auto/ContentionRZLockBusy         0 times
00:00:18.216093 /PDM/CritSects/usb-ehci#0Auto/ContentionRZUnlock         0 times
00:00:18.216097 /PDM/CritSects/usb-ehci#0Auto/ContentionRZWait         0 ticks/time (           0 ticks,       0 times, max         0, min      -1)
00:00:18.216102 /PDM/CritSects/usb-ohci#0Auto/ContentionR3         0 times
00:00:18.216106 /PDM/CritSects/usb-ohci#0Auto/ContentionR3Wait         0 ticks/time (           0 ticks,       0 times, max         0, min      -1)
00:00:18.216111 /PDM/CritSects/usb-ohci#0Auto/ContentionRZLock         0 times
00:00:18.216114 /PDM/CritSects/usb-ohci#0Auto/ContentionRZLockBusy         0 times
00:00:18.216118 /PDM/CritSects/usb-ohci#0Auto/ContentionRZUnlock         0 times
00:00:18.216122 /PDM/CritSects/usb-ohci#0Auto/ContentionRZWait         0 ticks/time (           0 ticks,       0 times, max         0, min      -1)
00:00:18.216140 /PDM/CritSectsRw/00-EnterSharedWhileAborting         0 times
00:00:18.216145 /PDM/CritSectsRw/00-Excl-Non-interruptible-Waits-VINF_SUCCESS         0 times
00:00:18.216151 /PDM/CritSectsRw/00-Excl-VERR_INTERRUPTED          0 times
00:00:18.216155 /PDM/CritSectsRw/00-Excl-VERR_TIMEOUT              0 times
00:00:18.216159 /PDM/CritSectsRw/00-Shared-Non-interruptible-Waits-VINF_SUCCESS         0 times
00:00:18.216163 /PDM/CritSectsRw/00-Shared-VERR_INTERRUPTED         0 times
00:00:18.216167 /PDM/CritSectsRw/00-Shared-VERR_TIMEOUT            0 times
00:00:18.216171 /PDM/CritSectsRw/IOM Lock/ContentionR3EnterExcl         0 times
00:00:18.216176 /PDM/CritSectsRw/IOM Lock/ContentionR3EnterShared         0 times
00:00:18.216180 /PDM/CritSectsRw/IOM Lock/ContentionR3LeaveExcl         0 times
00:00:18.216184 /PDM/CritSectsRw/IOM Lock/ContentionRZEnterExcl         0 times
00:00:18.216188 /PDM/CritSectsRw/IOM Lock/ContentionRZEnterShared         0 times
00:00:18.216192 /PDM/CritSectsRw/IOM Lock/ContentionRZLeaveExcl         0 times
00:00:18.216195 /PDM/CritSectsRw/IOM Lock/ContentionRZLeaveShared         0 times
00:00:18.216200 /PDM/CritSectsRw/IOM Lock/R3EnterExcl             77 times
00:00:18.216204 /PDM/CritSectsRw/IOM Lock/R3EnterShared          719 times
00:00:18.216208 /PDM/CritSectsRw/IOM Lock/RZEnterExcl              0 times
00:00:18.216212 /PDM/CritSectsRw/IOM Lock/RZEnterShared        10047 times
00:00:18.216217 /PDM/CritSectsRw/TM real queue alloc lock/ContentionR3EnterExcl         0 times
00:00:18.216222 /PDM/CritSectsRw/TM real queue alloc lock/ContentionR3EnterShared         0 times
00:00:18.216226 /PDM/CritSectsRw/TM real queue alloc lock/ContentionR3LeaveExcl         0 times
00:00:18.216231 /PDM/CritSectsRw/TM real queue alloc lock/ContentionRZEnterExcl         0 times
00:00:18.216236 /PDM/CritSectsRw/TM real queue alloc lock/ContentionRZEnterShared         0 times
00:00:18.216240 /PDM/CritSectsRw/TM real queue alloc lock/ContentionRZLeaveExcl         0 times
00:00:18.216244 /PDM/CritSectsRw/TM real queue alloc lock/ContentionRZLeaveShared         0 times
00:00:18.216248 /PDM/CritSectsRw/TM real queue alloc lock/R3EnterExcl         8 times
00:00:18.216252 /PDM/CritSectsRw/TM real queue alloc lock/R3EnterShared         1 times
00:00:18.216257 /PDM/CritSectsRw/TM real queue alloc lock/RZEnterExcl         0 times
00:00:18.216261 /PDM/CritSectsRw/TM real queue alloc lock/RZEnterShared         0 times
00:00:18.216265 /PDM/CritSectsRw/TM tsc queue alloc lock/ContentionR3EnterExcl         0 times
00:00:18.216269 /PDM/CritSectsRw/TM tsc queue alloc lock/ContentionR3EnterShared         0 times
00:00:18.216273 /PDM/CritSectsRw/TM tsc queue alloc lock/ContentionR3LeaveExcl         0 times
00:00:18.216278 /PDM/CritSectsRw/TM tsc queue alloc lock/ContentionRZEnterExcl         0 times
00:00:18.216282 /PDM/CritSectsRw/TM tsc queue alloc lock/ContentionRZEnterShared         0 times
00:00:18.216286 /PDM/CritSectsRw/TM tsc queue alloc lock/ContentionRZLeaveExcl         0 times
00:00:18.216290 /PDM/CritSectsRw/TM tsc queue alloc lock/ContentionRZLeaveShared         0 times
00:00:18.216294 /PDM/CritSectsRw/TM tsc queue alloc lock/R3EnterExcl         0 times
00:00:18.216299 /PDM/CritSectsRw/TM tsc queue alloc lock/R3EnterShared         1 times
00:00:18.216304 /PDM/CritSectsRw/TM tsc queue alloc lock/RZEnterExcl         0 times
00:00:18.216307 /PDM/CritSectsRw/TM tsc queue alloc lock/RZEnterShared         0 times
00:00:18.216312 /PDM/CritSectsRw/TM virtual queue alloc lock/ContentionR3EnterExcl         0 times
00:00:18.216316 /PDM/CritSectsRw/TM virtual queue alloc lock/ContentionR3EnterShared         0 times
00:00:18.216320 /PDM/CritSectsRw/TM virtual queue alloc lock/ContentionR3LeaveExcl         0 times
00:00:18.216325 /PDM/CritSectsRw/TM virtual queue alloc lock/ContentionRZEnterExcl         0 times
00:00:18.216330 /PDM/CritSectsRw/TM virtual queue alloc lock/ContentionRZEnterShared         0 times
00:00:18.216334 /PDM/CritSectsRw/TM virtual queue alloc lock/ContentionRZLeaveExcl         0 times
00:00:18.216348 /PDM/CritSectsRw/TM virtual queue alloc lock/ContentionRZLeaveShared         0 times
00:00:18.216352 /PDM/CritSectsRw/TM virtual queue alloc lock/R3EnterExcl        11 times
00:00:18.216356 /PDM/CritSectsRw/TM virtual queue alloc lock/R3EnterShared         1 times
00:00:18.216359 /PDM/CritSectsRw/TM virtual queue alloc lock/RZEnterExcl         0 times
00:00:18.216363 /PDM/CritSectsRw/TM virtual queue alloc lock/RZEnterShared         0 times
00:00:18.216368 /PDM/CritSectsRw/TM virtual_sync queue alloc lock/ContentionR3EnterExcl         0 times
00:00:18.216372 /PDM/CritSectsRw/TM virtual_sync queue alloc lock/ContentionR3EnterShared         0 times
00:00:18.216376 /PDM/CritSectsRw/TM virtual_sync queue alloc lock/ContentionR3LeaveExcl         0 times
00:00:18.216379 /PDM/CritSectsRw/TM virtual_sync queue alloc lock/ContentionRZEnterExcl         0 times
00:00:18.216383 /PDM/CritSectsRw/TM virtual_sync queue alloc lock/ContentionRZEnterShared         0 times
00:00:18.216387 /PDM/CritSectsRw/TM virtual_sync queue alloc lock/ContentionRZLeaveExcl         0 times
00:00:18.216391 /PDM/CritSectsRw/TM virtual_sync queue alloc lock/ContentionRZLeaveShared         0 times
00:00:18.216395 /PDM/CritSectsRw/TM virtual_sync queue alloc lock/R3EnterExcl         9 times
00:00:18.216399 /PDM/CritSectsRw/TM virtual_sync queue alloc lock/R3EnterShared         1 times
00:00:18.216402 /PDM/CritSectsRw/TM virtual_sync queue alloc lock/RZEnterExcl         0 times
00:00:18.216406 /PDM/CritSectsRw/TM virtual_sync queue alloc lock/RZEnterShared         0 times
00:00:18.216410 /PDM/Queue/DevHlp/AllocFailures                    0 times
00:00:18.216415 /PDM/Queue/DevHlp/Flush                            0 calls
00:00:18.216420 /PDM/Queue/DevHlp/FlushLeftovers                   0 times
00:00:18.216424 /PDM/Queue/DevHlp/Insert                           0 calls
00:00:18.216429 /PDM/Queue/DevHlp/cItems                           8 count
00:00:18.216434 /PDM/Queue/DevHlp/cbItem                          56 bytes
00:00:18.216439 /PDM/Queue/DevHlp/rcOkay                           0 
00:00:18.216445 /PDM/Queue/Keyboard/AllocFailures                  0 times
00:00:18.216450 /PDM/Queue/Keyboard/Flush                          0 calls
00:00:18.216455 /PDM/Queue/Keyboard/FlushLeftovers                 0 times
00:00:18.216459 /PDM/Queue/Keyboard/Insert                         0 calls
00:00:18.216463 /PDM/Queue/Keyboard/cItems                        64 count
00:00:18.216468 /PDM/Queue/Keyboard/cbItem                        16 bytes
00:00:18.216472 /PDM/Queue/Keyboard/rcOkay                         0 
00:00:18.216477 /PDM/Queue/Mouse/AllocFailures                     0 times
00:00:18.216482 /PDM/Queue/Mouse/Flush                             0 calls
00:00:18.216487 /PDM/Queue/Mouse/FlushLeftovers                    0 times
00:00:18.216491 /PDM/Queue/Mouse/Insert                            0 calls
00:00:18.216496 /PDM/Queue/Mouse/cItems                          128 count
00:00:18.216501 /PDM/Queue/Mouse/cbItem                           32 bytes
00:00:18.216506 /PDM/Queue/Mouse/rcOkay                            0 
00:00:18.216511 /PDM/Queue/Mouse_1/AllocFailures                   0 times
00:00:18.216516 /PDM/Queue/Mouse_1/Flush                           0 calls
00:00:18.216520 /PDM/Queue/Mouse_1/FlushLeftovers                  0 times
00:00:18.216525 /PDM/Queue/Mouse_1/Insert                          0 calls
00:00:18.216530 /PDM/Queue/Mouse_1/cItems                        128 count
00:00:18.216535 /PDM/Queue/Mouse_1/cbItem                         32 bytes
00:00:18.216540 /PDM/Queue/Mouse_1/rcOkay                          0 
00:00:18.216544 /PDM/Tasks/000-E1000-Xmit-retriggered              0 times
00:00:18.216548 /PDM/Tasks/000-E1000-Xmit-runs                     0 times
00:00:18.216553 /PGM/CPU0/R3/Page/MapTlbMisses                     0 times
00:00:18.216558 /PGM/CPU0/R3/RamRange/TlbLocking                   0 times
00:00:18.216563 /PGM/CPU0/R3/RamRange/TlbMisses                    0 times
00:00:18.216567 /PGM/CPU0/RZ/Page/MapTlbMisses                     0 times
00:00:18.216581 /PGM/CPU0/RZ/RamRange/TlbLocking                   0 times
00:00:18.216586 /PGM/CPU0/RZ/RamRange/TlbMisses                    0 times
00:00:18.216662 /PGM/CPU0/cA20Changes                              1 times
00:00:18.216679 /PGM/CPU0/cGuestModeChanges                        4 times
00:00:18.216685 /PGM/ChunkR3Map/Mapped                             2 count
00:00:18.216690 /PGM/ChunkR3Map/Unmapped                           0 count
00:00:18.216696 /PGM/ChunkR3Map/c                                  2 count
00:00:18.216701 /PGM/ChunkR3Map/cMax                       4294967295 count
00:00:18.216707 /PGM/LargePage/Alloc                               0 ns/call (           0 ns,       0 calls, max         0, min      -1)
00:00:18.216714 /PGM/LargePage/AllocFailed                         0 times
00:00:18.216719 /PGM/LargePage/Overflow                            0 times
00:00:18.216724 /PGM/LargePage/Recheck                             0 times
00:00:18.216729 /PGM/LargePage/Refused                             0 times
00:00:18.216734 /PGM/LargePage/Reused                              0 times
00:00:18.216738 /PGM/LargePage/TlbFlush                            0 times
00:00:18.216744 /PGM/LargePage/ZeroEvict                           0 times
00:00:18.216750 /PGM/Mmio2QueryAndResetDirtyBitmap                 0 ticks/call (           0 ticks,       0 calls, max         0, min      -1)
00:00:18.216757 /PGM/Page/cAllPages                           405041 count
00:00:18.216762 /PGM/Page/cBalloonedPages                          0 count
00:00:18.216767 /PGM/Page/cHandyPages                             55 count
00:00:18.216773 /PGM/Page/cLargePages                              0 count
00:00:18.216778 /PGM/Page/cLargePagesDisabled                      0 count
00:00:18.216782 /PGM/Page/cMonitoredPages                          0 count
00:00:18.216788 /PGM/Page/cPrivatePages                         6126 count
00:00:18.216793 /PGM/Page/cPureMmioPages                          70 count
00:00:18.216798 /PGM/Page/cReadLockedPages                         0 count
00:00:18.216803 /PGM/Page/cReusedSharedPages                       0 count
00:00:18.216808 /PGM/Page/cSharedPages                             0 count
00:00:18.216813 /PGM/Page/cWriteLockedPages                        0 count
00:00:18.216818 /PGM/Page/cWrittenToPages                          0 count
00:00:18.216823 /PGM/Page/cZeroPages                          398845 count
00:00:18.216828 /PGM/PhysHandlerTree/ErrorsAllocatorR3             0 times
00:00:18.216833 /PGM/PhysHandlerTree/ErrorsTree                    0 times
00:00:18.216838 /PGM/PhysHandlerTree/Inserts                      14 times
00:00:18.216842 /PGM/PhysHandlerTree/MaxHandlers                6144 times
00:00:18.216847 /PGM/PhysHandlerTree/RebalancingOperations         6 times
00:00:18.216851 /PGM/PhysHandlerTree/Removals                      0 times
00:00:18.216856 /PGM/Pool/Grow                               1207148 ticks/call (     1207148 ticks,       1 calls, max   1207148, min 1207148)
00:00:18.216863 /PGM/ShMod/Check                                   0 ticks/call (           0 ticks,       0 calls, max         0, min      -1)
00:00:18.216869 /PROF/CPU0/EM/Capped                               0 ticks/call (           0 ticks,       0 calls, max         0, min      -1)
00:00:18.216875 /PROF/CPU0/EM/ForcedActions                      254 times
00:00:18.216880 /PROF/CPU0/EM/HMExec                        13224879 ticks/call ( 14587041586 ticks,    1103 calls, max 129104208, min   13348)
00:00:18.216887 /PROF/CPU0/EM/HMExecuteCalled                    237 times
00:00:18.216892 /PROF/CPU0/EM/Halted                             237 times
00:00:18.216898 /PROF/CPU0/EM/NEMExec                              0 ticks/call (           0 ticks,       0 calls, max         0, min      -1)
00:00:18.216903 /PROF/CPU0/EM/NEMExecuteCalled                     0 times
00:00:18.216908 /PROF/CPU0/EM/REMTotal                             0 times
00:00:18.216914 /PROF/CPU0/EM/RecordedExits                    11203 times
00:00:18.216929 /PROF/CPU0/EM/Total                        15997644198 ticks/call ( 15997644198 ticks,       1 calls, max 15997644198, min 15997644198)
00:00:18.216937 /PROF/CPU0/VM/Halt/Block                    13890954 ns/call (   402837668 ns,      29 calls, max  54231510, min       1)
00:00:18.216945 /PROF/CPU0/VM/Halt/BlockInsomnia            16251993 ns/call (    48755981 ns,       3 calls, max  40908584, min       1)
00:00:18.216951 /PROF/CPU0/VM/Halt/BlockOnTime              15147010 ns/call (   242352170 ns,      16 calls, max  54231510, min  218831)
00:00:18.216958 /PROF/CPU0/VM/Halt/BlockOverslept             448828 ns/call (     4488285 ns,      10 calls, max   2859379, min   50190)
00:00:18.216965 /PROF/CPU0/VM/Halt/R0HaltBlock              26406963 ns/call (  6258450256 ns,     237 calls, max  56198904, min    2705)
00:00:18.216971 /PROF/CPU0/VM/Halt/R0HaltBlockInsomnia      19958077 ns/call (   299371159 ns,      15 calls, max  53504226, min    2705)
00:00:18.216977 /PROF/CPU0/VM/Halt/R0HaltBlockOnTime        25634353 ns/call (  1435523810 ns,      56 calls, max  54886892, min  303887)
00:00:18.216983 /PROF/CPU0/VM/Halt/R0HaltBlockOverslept       106399 ns/call (    17662399 ns,     166 calls, max   1349155, min   50165)
00:00:18.216989 /PROF/CPU0/VM/Halt/R0HaltExec                      0 times
00:00:18.216993 /PROF/CPU0/VM/Halt/R0HaltExec/FromBlock            0 times
00:00:18.216998 /PROF/CPU0/VM/Halt/R0HaltExec/FromSpin             0 times
00:00:18.217002 /PROF/CPU0/VM/Halt/R0HaltHistoryCounter          237 times
00:00:18.217006 /PROF/CPU0/VM/Halt/R0HaltHistorySucceeded          0 times
00:00:18.217010 /PROF/CPU0/VM/Halt/R0HaltHistoryToRing3          237 times
00:00:18.217015 /PROF/CPU0/VM/Halt/R0HaltToR3                    237 times
00:00:18.217019 /PROF/CPU0/VM/Halt/R0HaltToR3/FromSpin             0 times
00:00:18.217023 /PROF/CPU0/VM/Halt/R0HaltToR3/Other                0 times
00:00:18.217028 /PROF/CPU0/VM/Halt/R0HaltToR3/PendingFF            0 times
00:00:18.217032 /PROF/CPU0/VM/Halt/R0HaltToR3/PostWaitNoInt       226 times
00:00:18.217036 /PROF/CPU0/VM/Halt/R0HaltToR3/PostWaitPendingFF        11 times
00:00:18.217040 /PROF/CPU0/VM/Halt/R0HaltToR3/SmallDelta           0 times
00:00:18.217045 /PROF/CPU0/VM/Halt/Timers                      53355 ns/call (    14192556 ns,     266 calls, max   2110916, min       2)
00:00:18.217051 /PROF/CPU0/VM/Halt/Yield                           0 ns/call (           0 ns,       0 calls, max         0, min      -1)
00:00:18.217058 /Public/NetAdapter/0/BytesReceived                 0 bytes
00:00:18.217062 /Public/NetAdapter/0/BytesTransmitted              0 bytes
00:00:18.217067 /Public/NetAdapter/0/e1000                         0 
00:00:18.217073 /Public/Storage/AHCI0/Port0/BytesRead            512 bytes
00:00:18.217077 /Public/Storage/AHCI0/Port0/QueryBufAttempts         0 count
00:00:18.217082 /Public/Storage/AHCI0/Port0/QueryBufSuccess         0 count
00:00:18.217087 /Public/Storage/AHCI0/Port0/ReqsRead               1 count
00:00:18.217091 /Public/Storage/AHCI0/Port0/ReqsSubmitted          1 count
00:00:18.217096 /Public/Storage/AHCI0/Port0/ReqsSucceeded          1 count
00:00:18.217100 /Public/Storage/PIIX3IDE0/Port0/QueryBufAttempts         0 count
00:00:18.217104 /Public/Storage/PIIX3IDE0/Port0/QueryBufSuccess         0 count
00:00:18.217109 /SELM/LoadHidSel/GstReadErrors                     0 times
00:00:18.217113 /SELM/LoadHidSel/NoGoodGuest                       0 times
00:00:18.217118 /TM/CPU/00/cNsExecuting                     14239731 ns
00:00:18.217123 /TM/CPU/00/cNsHalted                       417541052 ns
00:00:18.217129 /TM/CPU/00/cNsOther                        6539626859 ns
00:00:18.217134 /TM/CPU/00/cNsTotal                        6971407642 ns
00:00:18.217139 /TM/CPU/00/cPeriodsExecuting                   11203 count
00:00:18.217144 /TM/CPU/00/cPeriodsHalted                        237 count
00:00:18.217149 /TM/CPU/00/pctExecuting                            0 %
00:00:18.217154 /TM/CPU/00/pctHalted                               8 %
00:00:18.217159 /TM/CPU/00/pctOther                               91 %
00:00:18.217173 /TM/CPU/pctExecuting                               0 %
00:00:18.217178 /TM/CPU/pctHalted                                  8 %
00:00:18.217183 /TM/CPU/pctOther                                  91 %
00:00:18.217189 /TM/MaxHzHint                                      0 Hz
00:00:18.217194 /TM/MaxHzHint/real                                 0 Hz
00:00:18.217200 /TM/MaxHzHint/tsc                                  0 Hz
00:00:18.217205 /TM/MaxHzHint/virtual                              0 Hz
00:00:18.217210 /TM/MaxHzHint/virtual_sync                         0 Hz
00:00:18.217215 /TM/PIT/Handler                                    0 ticks/call (           0 ticks,       0 calls, max         0, min      -1)
00:00:18.217222 /TM/PIT/Irq                                        0 times
00:00:18.217228 /TM/R3/1nsSteps                                  121 times
00:00:18.217233 /TM/TSC/offCPU0                                    0 ticks
00:00:18.217239 /TM/VirtualSync/CurrentOffset                 152318 ns
00:00:18.217254 /TRPM/ForwardRaw/TRAP/08                         236 times
00:00:18.217263 /VMM/EmtHashCollisions/Emt00                       0 times
00:00:18.217268 /VMM/LogFlush/00-Flushes                           0 times
00:00:18.217272 /VMM/LogFlush/00-NoWakups                          0 times
00:00:18.217279 /VMM/LogFlush/CPU0/Rel/cbBuf                    4096 bytes
00:00:18.217284 /VUSB/0/cUrbsInPool                                0 count
00:00:18.217289 /VUSB/1/cUrbsInPool                                0 count
00:00:18.217297 ********************* End of statistics **********************
00:00:18.217468 VUSB: Detached 'HidMouse' from port 4294967295 on RootHub#1
00:00:18.219740 E1000#0: Interrupt attempts: 0
00:00:18.219752 E1000#0: Interrupts raised : 0
00:00:18.219757 E1000#0: Interrupts lowered: 0
00:00:18.219761 E1000#0: ICR outside ISR   : 0
00:00:18.219765 E1000#0: IMS raised ints   : 0
00:00:18.219769 E1000#0: Interrupts skipped: 0
00:00:18.219774 E1000#0: Masked interrupts : 0
00:00:18.219778 E1000#0: Early interrupts  : 0
00:00:18.219782 E1000#0: Late interrupts   : 0
00:00:18.219786 E1000#0: Lost interrupts   : 0
00:00:18.219790 E1000#0: Interrupts by RX  : 0
00:00:18.219794 E1000#0: Interrupts by TX  : 0
00:00:18.219799 E1000#0: Interrupts by ICS : 0
00:00:18.219803 E1000#0: Interrupts by RDTR: 0
00:00:18.219807 E1000#0: Interrupts by RDMT: 0
00:00:18.219811 E1000#0: Interrupts by TXQE: 0
00:00:18.219815 E1000#0: TX int delay asked: 0
00:00:18.219819 E1000#0: TX delayed:         0
00:00:18.219823 E1000#0: TX delay expired:   0
00:00:18.219827 E1000#0: TX no report asked: 0
00:00:18.219831 E1000#0: TX abs timer expd : 0
00:00:18.219835 E1000#0: TX int timer expd : 0
00:00:18.219840 E1000#0: RX abs timer expd : 0
00:00:18.219844 E1000#0: RX int timer expd : 0
00:00:18.219848 E1000#0: TX CTX descriptors: 0
00:00:18.219852 E1000#0: TX DAT descriptors: 0
00:00:18.219856 E1000#0: TX LEG descriptors: 0
00:00:18.219860 E1000#0: Received frames   : 0
00:00:18.219865 E1000#0: Transmitted frames: 0
00:00:18.219869 E1000#0: TX frames up to 1514: 0
00:00:18.219873 E1000#0: TX frames up to 2962: 0
00:00:18.219877 E1000#0: TX frames up to 4410: 0
00:00:18.219881 E1000#0: TX frames up to 5858: 0
00:00:18.219885 E1000#0: TX frames up to 7306: 0
00:00:18.219890 E1000#0: TX frames up to 8754: 0
00:00:18.219894 E1000#0: TX frames up to 16384: 0
00:00:18.219898 E1000#0: TX frames up to 32768: 0
00:00:18.219902 E1000#0: Larger TX frames    : 0
00:00:18.219906 E1000#0: Max TX Delay        : 0
00:00:18.259289 GIM: KVM: Resetting MSRs
00:00:18.262168 vmmR3LogFlusher: Terminating (VERR_OBJECT_DESTROYED)
00:00:18.262772 Changing the VM state from 'DESTROYING' to 'TERMINATED'
00:00:18.262854 Console: Machine state changed to 'Saved'
00:00:18.738673 GUI: Request for async QApp quit.
00:00:18.742096 GUI: Cannot notify guest about VM window out-of-focus event
00:00:18.745580 GUI: UICommon: Handling aboutToQuit request..
00:00:19.806045 GUI: UICommon: aboutToQuit request handled!
