00:00:01.627238 VirtualBox VM 7.2.8 r173730 linux.amd64 (Apr 20 2026 12:47:37) release log
00:00:01.627245 Log opened 2026-06-21T14:08:46.190345000Z
00:00:01.627247 Build Type: release
00:00:01.627256 OS Product: Linux
00:00:01.627260 OS Release: 6.8.0-124-generic
00:00:01.627262 OS Version: #124~22.04.1-Ubuntu SMP PREEMPT_DYNAMIC Tue May 26 21:05:19 UTC 
00:00:01.627395 DMI Product Name: HP EliteBook 850 G1
00:00:01.627439 DMI Product Version: A3009DD10303
00:00:01.627454 Firmware type: UEFI
00:00:01.631750 Secure Boot: Enabled
00:00:01.631750 Host RAM: 3811MB (3.7GB) total, 2907MB (2.8GB) available
00:00:01.631750 Executable: /usr/lib/virtualbox/VirtualBoxVM
00:00:01.631750 Process ID: 10568
00:00:01.631750 Package type: LINUX_64BITS_UBUNTU_22_04
00:00:01.677873 Installed Extension Packs:
00:00:01.677926   None installed!
00:00:01.679636 Console: Machine state changed to 'Restoring'
00:00:01.681485 GUI: Qt version: 6.8.0
00:00:01.681515 GUI: X11 Window Manager code: 2
00:00:01.681523 GUI: HID LEDs sync is not supported on this platform
00:00:01.693447 SUP: seg #0: R   0x00000000 LB 0x0004d000
00:00:01.693503 SUP: seg #1: R X 0x0004d000 LB 0x00246000
00:00:01.693512 SUP: seg #2: R   0x00293000 LB 0x00078000
00:00:01.693517 SUP: seg #3: RW  0x0030b000 LB 0x0002db48
00:00:01.700194 SUP: Loaded VMMR0.r0 (/usr/lib/virtualbox/VMMR0.r0) at 0xXXXXXXXXXXXXXXXX - ModuleInit at XXXXXXXXXXXXXXXX and ModuleTerm at XXXXXXXXXXXXXXXX
00:00:01.700251 SUP: VMMR0EntryEx located at XXXXXXXXXXXXXXXX and VMMR0EntryFast at XXXXXXXXXXXXXXXX
00:00:01.701395 GUI: UIMediumEnumerator: Medium-enumeration finished!
00:00:01.702266 X Server details: vendor: The X.Org Foundation, release: 12201001, protocol version: 11.0, display string: :0
00:00:01.702305 Using known keycode mapping for keycode to scan code conversion
00:00:01.724632 Guest architecture: x86
00:00:01.724985 Guest OS type: 'Windows2022_64'
00:00:01.734730 fHMForced=true - No raw-mode support in this build!
00:00:01.734786 Using execution engine 1
00:00:01.793334 File system of '/home/gekko/Documents/Estudos/VM-VirtualBox/Clones/Clones/windowa Clone/Snapshots' (snapshots) is ext4
00:00:01.793361 File system of '/home/gekko/Documents/Estudos/VM-VirtualBox/Clones/Clones/windowa Clone/Snapshots/{91fcb8c0-32d1-4390-a753-2698b683f59a}.vdi' is ext4
00:00:01.813909 File system of '/usr/share/virtualbox/VBoxGuestAdditions.iso' (DVD) is ext4
00:00:01.844830 Shared Clipboard: Service loaded
00:00:01.844868 Shared Clipboard: Mode: Off
00:00:01.844941 Shared Clipboard: Service running in normal mode
00:00:01.846202 Drag and drop service loaded
00:00:01.846225 Drag and drop mode: Off
00:00:01.854310 Audio: Detected default audio driver type is 'PulseAudio'
00:00:01.884633 ERROR [COM]: aRC=VBOX_E_IPRT_ERROR (0x80bb0005) aIID={6ac83d89-6ee7-4e33-8ae6-b257b2e81be8} aComponent={ConsoleWrap} aText={The VBoxGuestPropSvc service call failed with the error VERR_HGCM_SERVICE_NOT_FOUND}, preserve=false aResultDetail=-2900
00:00:01.887190 ************************* CFGM dump *************************
00:00:01.887193 [/] (level 0)
00:00:01.887209   CpuExecutionCap   <integer> = 0x0000000000000064 (100)
00:00:01.887221   EnablePAE         <integer> = 0x0000000000000001 (1)
00:00:01.887223   HMEnabled         <integer> = 0x0000000000000001 (1)
00:00:01.887225   MemBalloonSize    <integer> = 0x0000000000000000 (0, 0 B)
00:00:01.887228   Name              <string>  = "windowa Clone" (cb=14)
00:00:01.887230   NumCPUs           <integer> = 0x0000000000000001 (1)
00:00:01.887232   PageFusionAllowed <integer> = 0x0000000000000000 (0)
00:00:01.887234   RamHoleSize       <integer> = 0x0000000020000000 (536 870 912, 512.0 MiB)
00:00:01.887237   RamSize           <integer> = 0x0000000080000000 (2 147 483 648, 2.0 GiB)
00:00:01.887240   TimerMillies      <integer> = 0x000000000000000a (10)
00:00:01.887242   UUID              <bytes>   = "3b c7 f7 96 b4 99 2a 43 a0 8c f7 93 dd 23 4d 98" (cb=16)
00:00:01.887248 
00:00:01.887249 [/CPUM/] (level 1)
00:00:01.887251   Enable64bit        <integer> = 0x0000000000000001 (1)
00:00:01.887253   GuestCpuName       <string>  = "host" (cb=5)
00:00:01.887255   NestedHWVirt       <integer> = 0x0000000000000000 (0)
00:00:01.887256   PortableCpuIdLevel <integer> = 0x0000000000000000 (0)
00:00:01.887258   SpecCtrl           <integer> = 0x0000000000000000 (0)
00:00:01.887260 
00:00:01.887260 [/CPUM/IsaExts/] (level 2)
00:00:01.887262 
00:00:01.887263 [/DBGC/] (level 1)
00:00:01.887265   GlobalInitScript <string>  = "/home/gekko/.config/VirtualBox/dbgc-init" (cb=41)
00:00:01.887267   HistoryFile      <string>  = "/home/gekko/.config/VirtualBox/dbgc-history" (cb=44)
00:00:01.887268   LocalInitScript  <string>  = "/home/gekko/Documents/Estudos/VM-VirtualBox/Clones/Clones/windowa Clone/dbgc-init" (cb=82)
00:00:01.887270 
00:00:01.887271 [/DBGF/] (level 1)
00:00:01.887272   Path <string>  = "/home/gekko/Documents/Estudos/VM-VirtualBox/Clones/Clones/windowa Clone/debug/;/home/gekko/Documents/Estudos/VM-VirtualBox/Clones/Clones/windowa Clone/;cache*/home/gekko/Documents/Estudos/VM-VirtualBox/Clones/Clones/windowa Clone/dbgcache/;/home/gekko/" (cb=253)
00:00:01.887274 
00:00:01.887275 [/Devices/] (level 1)
00:00:01.887276 
00:00:01.887277 [/Devices/3c501/] (level 2)
00:00:01.887279 
00:00:01.887280 [/Devices/8237A/] (level 2)
00:00:01.887282 
00:00:01.887282 [/Devices/8237A/0/] (level 3)
00:00:01.887285   Trusted <integer> = 0x0000000000000001 (1)
00:00:01.887286 
00:00:01.887287 [/Devices/GIMDev/] (level 2)
00:00:01.887289 
00:00:01.887289 [/Devices/GIMDev/0/] (level 3)
00:00:01.887292   Trusted <integer> = 0x0000000000000001 (1)
00:00:01.887293 
00:00:01.887294 [/Devices/VMMDev/] (level 2)
00:00:01.887296 
00:00:01.887297 [/Devices/VMMDev/0/] (level 3)
00:00:01.887299   PCIBusNo      <integer> = 0x0000000000000000 (0)
00:00:01.887301   PCIDeviceNo   <integer> = 0x0000000000000004 (4)
00:00:01.887302   PCIFunctionNo <integer> = 0x0000000000000000 (0)
00:00:01.887304   Trusted       <integer> = 0x0000000000000001 (1)
00:00:01.887306 
00:00:01.887306 [/Devices/VMMDev/0/Config/] (level 4)
00:00:01.887309   GuestCoreDumpDir <string>  = "/home/gekko/Documents/Estudos/VM-VirtualBox/Clones/Clones/windowa Clone/Snapshots" (cb=82)
00:00:01.887311 
00:00:01.887311 [/Devices/VMMDev/0/LUN#0/] (level 4)
00:00:01.887314   Driver <string>  = "HGCM" (cb=5)
00:00:01.887315 
00:00:01.887316 [/Devices/VMMDev/0/LUN#0/Config/] (level 5)
00:00:01.887318 
00:00:01.887319 [/Devices/VMMDev/0/LUN#999/] (level 4)
00:00:01.887322   Driver <string>  = "MainStatus" (cb=11)
00:00:01.887323 
00:00:01.887323 [/Devices/VMMDev/0/LUN#999/Config/] (level 5)
00:00:01.887326   First                <integer> = 0x0000000000000000 (0)
00:00:01.887328   HasMediumAttachments <integer> = 0x0000000000000000 (0)
00:00:01.887330   Last                 <integer> = 0x0000000000000000 (0)
00:00:01.887332   iLedSet              <integer> = 0x0000000000000004 (4)
00:00:01.887334 
00:00:01.887335 [/Devices/acpi/] (level 2)
00:00:01.887337 
00:00:01.887337 [/Devices/acpi/0/] (level 3)
00:00:01.887340   PCIBusNo      <integer> = 0x0000000000000000 (0)
00:00:01.887342   PCIDeviceNo   <integer> = 0x0000000000000007 (7)
00:00:01.887343   PCIFunctionNo <integer> = 0x0000000000000000 (0)
00:00:01.887345   Trusted       <integer> = 0x0000000000000001 (1)
00:00:01.887346 
00:00:01.887347 [/Devices/acpi/0/Config/] (level 4)
00:00:01.887350   CpuHotPlug          <integer> = 0x0000000000000000 (0)
00:00:01.887352   FdcEnabled          <integer> = 0x0000000000000000 (0)
00:00:01.887354   HostBusPciAddress   <integer> = 0x0000000000000000 (0)
00:00:01.887355   HpetEnabled         <integer> = 0x0000000000000000 (0)
00:00:01.887357   IOAPIC              <integer> = 0x0000000000000001 (1)
00:00:01.887359   IocPciAddress       <integer> = 0x0000000000010000 (65 536)
00:00:01.887361   NumCPUs             <integer> = 0x0000000000000001 (1)
00:00:01.887363   Parallel0IoPortBase <integer> = 0x0000000000000000 (0)
00:00:01.887364   Parallel0Irq        <integer> = 0x0000000000000000 (0)
00:00:01.887366   Parallel1IoPortBase <integer> = 0x0000000000000000 (0)
00:00:01.887367   Parallel1Irq        <integer> = 0x0000000000000000 (0)
00:00:01.887369   Serial0IoPortBase   <integer> = 0x0000000000000000 (0)
00:00:01.887371   Serial0Irq          <integer> = 0x0000000000000000 (0)
00:00:01.887372   Serial1IoPortBase   <integer> = 0x0000000000000000 (0)
00:00:01.887374   Serial1Irq          <integer> = 0x0000000000000000 (0)
00:00:01.887376   ShowCpu             <integer> = 0x0000000000000001 (1)
00:00:01.887378   ShowRtc             <integer> = 0x0000000000000000 (0)
00:00:01.887379   SmcEnabled          <integer> = 0x0000000000000000 (0)
00:00:01.887381 
00:00:01.887382 [/Devices/acpi/0/LUN#0/] (level 4)
00:00:01.887385   Driver <string>  = "ACPIHost" (cb=9)
00:00:01.887386 
00:00:01.887387 [/Devices/acpi/0/LUN#0/Config/] (level 5)
00:00:01.887389 
00:00:01.887390 [/Devices/ahci/] (level 2)
00:00:01.887392 
00:00:01.887393 [/Devices/ahci/0/] (level 3)
00:00:01.887395   PCIBusNo      <integer> = 0x0000000000000000 (0)
00:00:01.887397   PCIDeviceNo   <integer> = 0x000000000000000d (13)
00:00:01.887399   PCIFunctionNo <integer> = 0x0000000000000000 (0)
00:00:01.887400   Trusted       <integer> = 0x0000000000000001 (1)
00:00:01.887402 
00:00:01.887402 [/Devices/ahci/0/Config/] (level 4)
00:00:01.887405   Bootable  <integer> = 0x0000000000000001 (1)
00:00:01.887406   PortCount <integer> = 0x0000000000000002 (2)
00:00:01.887408 
00:00:01.887408 [/Devices/ahci/0/Config/Port0/] (level 5)
00:00:01.887411   Hotpluggable <integer> = 0x0000000000000000 (0)
00:00:01.887413 
00:00:01.887413 [/Devices/ahci/0/Config/Port1/] (level 5)
00:00:01.887416   Hotpluggable <integer> = 0x0000000000000000 (0)
00:00:01.887417 
00:00:01.887418 [/Devices/ahci/0/LUN#0/] (level 4)
00:00:01.887421   Driver <string>  = "VD" (cb=3)
00:00:01.887422 
00:00:01.887423 [/Devices/ahci/0/LUN#0/Config/] (level 5)
00:00:01.887426   BlockCache <integer> = 0x0000000000000001 (1)
00:00:01.887427   Format     <string>  = "VDI" (cb=4)
00:00:01.887429   Mountable  <integer> = 0x0000000000000000 (0)
00:00:01.887430   Path       <string>  = "/home/gekko/Documents/Estudos/VM-VirtualBox/Clones/Clones/windowa Clone/Snapshots/{91fcb8c0-32d1-4390-a753-2698b683f59a}.vdi" (cb=125)
00:00:01.887432   Type       <string>  = "HardDisk" (cb=9)
00:00:01.887433   UseNewIo   <integer> = 0x0000000000000001 (1)
00:00:01.887435 
00:00:01.887435 [/Devices/ahci/0/LUN#0/Config/Parent/] (level 6)
00:00:01.887439   Format <string>  = "VDI" (cb=4)
00:00:01.887440   Path   <string>  = "/home/gekko/Documents/Estudos/VM-VirtualBox/VM Original/windowa/windowa.vdi" (cb=76)
00:00:01.887441 
00:00:01.887442 [/Devices/ahci/0/LUN#0/Config/Parent/VDConfig/] (level 7)
00:00:01.887446   AllocationBlockSize <string>  = "1048576" (cb=8)
00:00:01.887447 
00:00:01.887447 [/Devices/ahci/0/LUN#0/Config/VDConfig/] (level 6)
00:00:01.887450   AllocationBlockSize <string>  = "1048576" (cb=8)
00:00:01.887452 
00:00:01.887452 [/Devices/ahci/0/LUN#1/] (level 4)
00:00:01.887455   Driver <string>  = "SCSI" (cb=5)
00:00:01.887456 
00:00:01.887457 [/Devices/ahci/0/LUN#1/AttachedDriver/] (level 5)
00:00:01.887460   Driver <string>  = "VD" (cb=3)
00:00:01.887461 
00:00:01.887461 [/Devices/ahci/0/LUN#1/AttachedDriver/Config/] (level 6)
00:00:01.887464   Format    <string>  = "RAW" (cb=4)
00:00:01.887466   Mountable <integer> = 0x0000000000000001 (1)
00:00:01.887467   Path      <string>  = "/usr/share/virtualbox/VBoxGuestAdditions.iso" (cb=45)
00:00:01.887469   ReadOnly  <integer> = 0x0000000000000001 (1)
00:00:01.887470   Type      <string>  = "DVD" (cb=4)
00:00:01.887472   UseNewIo  <integer> = 0x0000000000000001 (1)
00:00:01.887473 
00:00:01.887474 [/Devices/ahci/0/LUN#999/] (level 4)
00:00:01.887476   Driver <string>  = "MainStatus" (cb=11)
00:00:01.887478 
00:00:01.887478 [/Devices/ahci/0/LUN#999/Config/] (level 5)
00:00:01.887481   DeviceInstance       <string>  = "ahci/0" (cb=7)
00:00:01.887483   First                <integer> = 0x0000000000000000 (0)
00:00:01.887485   HasMediumAttachments <integer> = 0x0000000000000001 (1)
00:00:01.887486   Last                 <integer> = 0x0000000000000001 (1)
00:00:01.887488   iLedSet              <integer> = 0x0000000000000002 (2)
00:00:01.887490 
00:00:01.887491 [/Devices/apic/] (level 2)
00:00:01.887493 
00:00:01.887493 [/Devices/apic/0/] (level 3)
00:00:01.887496   Trusted <integer> = 0x0000000000000001 (1)
00:00:01.887497 
00:00:01.887498 [/Devices/apic/0/Config/] (level 4)
00:00:01.887500   IOAPIC  <integer> = 0x0000000000000001 (1)
00:00:01.887502   Mode    <integer> = 0x0000000000000002 (2)
00:00:01.887503   NumCPUs <integer> = 0x0000000000000001 (1)
00:00:01.887505 
00:00:01.887505 [/Devices/dp8390/] (level 2)
00:00:01.887507 
00:00:01.887508 [/Devices/e1000/] (level 2)
00:00:01.887510 
00:00:01.887510 [/Devices/e1000/0/] (level 3)
00:00:01.887513   PCIBusNo      <integer> = 0x0000000000000000 (0)
00:00:01.887514   PCIDeviceNo   <integer> = 0x0000000000000003 (3)
00:00:01.887516   PCIFunctionNo <integer> = 0x0000000000000000 (0)
00:00:01.887517   Trusted       <integer> = 0x0000000000000001 (1)
00:00:01.887519 
00:00:01.887519 [/Devices/e1000/0/Config/] (level 4)
00:00:01.887522   AdapterType    <integer> = 0x0000000000000000 (0)
00:00:01.887524   CableConnected <integer> = 0x0000000000000001 (1)
00:00:01.887525   LineSpeed      <integer> = 0x0000000000000000 (0)
00:00:01.887527   MAC            <bytes>   = "08 00 27 da 3d 28" (cb=6)
00:00:01.887530 
00:00:01.887531 [/Devices/e1000/0/LUN#0/] (level 4)
00:00:01.887534   Driver <string>  = "NAT" (cb=4)
00:00:01.887535 
00:00:01.887535 [/Devices/e1000/0/LUN#0/Config/] (level 5)
00:00:01.887538   AliasMode          <integer> = 0x0000000000000000 (0)
00:00:01.887540   DNSProxy           <integer> = 0x0000000000000000 (0)
00:00:01.887542   EnableTFTP         <integer> = 0x0000000000000000 (0)
00:00:01.887544   ForwardBroadcast   <integer> = 0x0000000000000000 (0)
00:00:01.887545   LocalhostReachable <integer> = 0x0000000000000001 (1)
00:00:01.887547   Network            <string>  = "10.0.2.0/24" (cb=12)
00:00:01.887548   PassDomain         <integer> = 0x0000000000000001 (1)
00:00:01.887550   UseHostResolver    <integer> = 0x0000000000000000 (0)
00:00:01.887552 
00:00:01.887552 [/Devices/e1000/0/LUN#999/] (level 4)
00:00:01.887555   Driver <string>  = "MainStatus" (cb=11)
00:00:01.887556 
00:00:01.887556 [/Devices/e1000/0/LUN#999/Config/] (level 5)
00:00:01.887560   First                <integer> = 0x0000000000000000 (0)
00:00:01.887562   HasMediumAttachments <integer> = 0x0000000000000000 (0)
00:00:01.887563   Last                 <integer> = 0x0000000000000000 (0)
00:00:01.887565   iLedSet              <integer> = 0x0000000000000003 (3)
00:00:01.887567 
00:00:01.887568 [/Devices/hda/] (level 2)
00:00:01.887570 
00:00:01.887571 [/Devices/hda/0/] (level 3)
00:00:01.887573   PCIBusNo      <integer> = 0x0000000000000000 (0)
00:00:01.887575   PCIDeviceNo   <integer> = 0x0000000000000005 (5)
00:00:01.887576   PCIFunctionNo <integer> = 0x0000000000000000 (0)
00:00:01.887578   Trusted       <integer> = 0x0000000000000001 (1)
00:00:01.887579 
00:00:01.887580 [/Devices/hda/0/AudioConfig/] (level 4)
00:00:01.887583 
00:00:01.887583 [/Devices/hda/0/Config/] (level 4)
00:00:01.887586   DebugEnabled <integer> = 0x0000000000000000 (0)
00:00:01.887587 
00:00:01.887588 [/Devices/hda/0/LUN#0/] (level 4)
00:00:01.887591   Driver <string>  = "AUDIO" (cb=6)
00:00:01.887592 
00:00:01.887592 [/Devices/hda/0/LUN#0/AttachedDriver/] (level 5)
00:00:01.887595   Driver <string>  = "PulseAudio" (cb=11)
00:00:01.887597 
00:00:01.887597 [/Devices/hda/0/LUN#0/AttachedDriver/Config/] (level 6)
00:00:01.887600   VmName <string>  = "windowa Clone" (cb=14)
00:00:01.887602 
00:00:01.887602 [/Devices/hda/0/LUN#0/Config/] (level 5)
00:00:01.887605   DriverName    <string>  = "PulseAudio" (cb=11)
00:00:01.887607   InputEnabled  <integer> = 0x0000000000000000 (0)
00:00:01.887608   OutputEnabled <integer> = 0x0000000000000001 (1)
00:00:01.887610 
00:00:01.887610 [/Devices/hda/0/LUN#1/] (level 4)
00:00:01.887613   Driver <string>  = "AUDIO" (cb=6)
00:00:01.887614 
00:00:01.887614 [/Devices/hda/0/LUN#2/] (level 4)
00:00:01.887617   Driver <string>  = "AUDIO" (cb=6)
00:00:01.887618 
00:00:01.887619 [/Devices/i8254/] (level 2)
00:00:01.887621 
00:00:01.887622 [/Devices/i8254/0/] (level 3)
00:00:01.887624 
00:00:01.887625 [/Devices/i8254/0/Config/] (level 4)
00:00:01.887627 
00:00:01.887628 [/Devices/i8259/] (level 2)
00:00:01.887630 
00:00:01.887630 [/Devices/i8259/0/] (level 3)
00:00:01.887632   Trusted <integer> = 0x0000000000000001 (1)
00:00:01.887634 
00:00:01.887634 [/Devices/i8259/0/Config/] (level 4)
00:00:01.887637 
00:00:01.887638 [/Devices/ioapic/] (level 2)
00:00:01.887640 
00:00:01.887640 [/Devices/ioapic/0/] (level 3)
00:00:01.887642   Trusted <integer> = 0x0000000000000001 (1)
00:00:01.887644 
00:00:01.887644 [/Devices/ioapic/0/Config/] (level 4)
00:00:01.887647   NumCPUs <integer> = 0x0000000000000001 (1)
00:00:01.887648 
00:00:01.887649 [/Devices/mc146818/] (level 2)
00:00:01.887651 
00:00:01.887652 [/Devices/mc146818/0/] (level 3)
00:00:01.887654 
00:00:01.887654 [/Devices/mc146818/0/Config/] (level 4)
00:00:01.887657   UseUTC <integer> = 0x0000000000000000 (0)
00:00:01.887658 
00:00:01.887659 [/Devices/parallel/] (level 2)
00:00:01.887661 
00:00:01.887662 [/Devices/pcarch/] (level 2)
00:00:01.887664 
00:00:01.887664 [/Devices/pcarch/0/] (level 3)
00:00:01.887666   Trusted <integer> = 0x0000000000000001 (1)
00:00:01.887668 
00:00:01.887669 [/Devices/pcarch/0/Config/] (level 4)
00:00:01.887671 
00:00:01.887672 [/Devices/pcbios/] (level 2)
00:00:01.887674 
00:00:01.887674 [/Devices/pcbios/0/] (level 3)
00:00:01.887677   Trusted <integer> = 0x0000000000000001 (1)
00:00:01.887678 
00:00:01.887679 [/Devices/pcbios/0/Config/] (level 4)
00:00:01.887682   APIC               <integer> = 0x0000000000000001 (1)
00:00:01.887684   BootDevice0        <string>  = "FLOPPY" (cb=7)
00:00:01.887685   BootDevice1        <string>  = "DVD" (cb=4)
00:00:01.887687   BootDevice2        <string>  = "IDE" (cb=4)
00:00:01.887688   BootDevice3        <string>  = "NONE" (cb=5)
00:00:01.887690   DmiSystemSerial    <string>  = "VirtualBox-<DmiSystemUuid>" (cb=27)
00:00:01.887691   FloppyDevice       <string>  = "i82078" (cb=7)
00:00:01.887692   HardDiskDevice     <string>  = "piix3ide" (cb=9)
00:00:01.887694   IOAPIC             <integer> = 0x0000000000000001 (1)
00:00:01.887696   McfgBase           <integer> = 0x0000000000000000 (0)
00:00:01.887697   McfgLength         <integer> = 0x0000000000000000 (0)
00:00:01.887699   NumCPUs            <integer> = 0x0000000000000001 (1)
00:00:01.887701   PXEDebug           <integer> = 0x0000000000000000 (0)
00:00:01.887703   SataHardDiskDevice <string>  = "ahci" (cb=5)
00:00:01.887704   SataLUN1           <integer> = 0x0000000000000000 (0)
00:00:01.887706   UUID               <bytes>   = "3b c7 f7 96 b4 99 2a 43 a0 8c f7 93 dd 23 4d 98" (cb=16)
00:00:01.887711   UuidLe             <integer> = 0x0000000000000001 (1)
00:00:01.887713 
00:00:01.887713 [/Devices/pcbios/0/Config/NetBoot/] (level 5)
00:00:01.887716 
00:00:01.887717 [/Devices/pcbios/0/Config/NetBoot/0/] (level 6)
00:00:01.887720   NIC           <integer> = 0x0000000000000000 (0)
00:00:01.887722   PCIBusNo      <integer> = 0x0000000000000000 (0)
00:00:01.887724   PCIDeviceNo   <integer> = 0x0000000000000003 (3)
00:00:01.887725   PCIFunctionNo <integer> = 0x0000000000000000 (0)
00:00:01.887727 
00:00:01.887728 [/Devices/pci/] (level 2)
00:00:01.887730 
00:00:01.887730 [/Devices/pci/0/] (level 3)
00:00:01.887733   Trusted <integer> = 0x0000000000000001 (1)
00:00:01.887734 
00:00:01.887745 [/Devices/pci/0/Config/] (level 4)
00:00:01.887748   IOAPIC <integer> = 0x0000000000000001 (1)
00:00:01.887749 
00:00:01.887750 [/Devices/pcibridge/] (level 2)
00:00:01.887752 
00:00:01.887752 [/Devices/pckbd/] (level 2)
00:00:01.887754 
00:00:01.887755 [/Devices/pckbd/0/] (level 3)
00:00:01.887757   Trusted <integer> = 0x0000000000000001 (1)
00:00:01.887758 
00:00:01.887759 [/Devices/pckbd/0/Config/] (level 4)
00:00:01.887761 
00:00:01.887762 [/Devices/pckbd/0/LUN#0/] (level 4)
00:00:01.887764   Driver <string>  = "KeyboardQueue" (cb=14)
00:00:01.887765 
00:00:01.887766 [/Devices/pckbd/0/LUN#0/AttachedDriver/] (level 5)
00:00:01.887769   Driver <string>  = "MainKeyboard" (cb=13)
00:00:01.887770 
00:00:01.887770 [/Devices/pckbd/0/LUN#0/Config/] (level 5)
00:00:01.887773   QueueSize <integer> = 0x0000000000000040 (64, 64 B)
00:00:01.887775 
00:00:01.887776 [/Devices/pckbd/0/LUN#1/] (level 4)
00:00:01.887779   Driver <string>  = "MouseQueue" (cb=11)
00:00:01.887780 
00:00:01.887780 [/Devices/pckbd/0/LUN#1/AttachedDriver/] (level 5)
00:00:01.887783   Driver <string>  = "MainMouse" (cb=10)
00:00:01.887785 
00:00:01.887785 [/Devices/pckbd/0/LUN#1/Config/] (level 5)
00:00:01.887788   QueueSize <integer> = 0x0000000000000080 (128, 128 B)
00:00:01.887790 
00:00:01.887791 [/Devices/pcnet/] (level 2)
00:00:01.887792 
00:00:01.887793 [/Devices/serial/] (level 2)
00:00:01.887795 
00:00:01.887795 [/Devices/usb-xhci/] (level 2)
00:00:01.887798 
00:00:01.887798 [/Devices/usb-xhci/0/] (level 3)
00:00:01.887800   PCIBusNo      <integer> = 0x0000000000000000 (0)
00:00:01.887802   PCIDeviceNo   <integer> = 0x000000000000000c (12)
00:00:01.887804   PCIFunctionNo <integer> = 0x0000000000000000 (0)
00:00:01.887805   Trusted       <integer> = 0x0000000000000001 (1)
00:00:01.887807 
00:00:01.887807 [/Devices/usb-xhci/0/Config/] (level 4)
00:00:01.887810 
00:00:01.887811 [/Devices/usb-xhci/0/LUN#0/] (level 4)
00:00:01.887813   Driver <string>  = "VUSBRootHub" (cb=12)
00:00:01.887814 
00:00:01.887815 [/Devices/usb-xhci/0/LUN#0/Config/] (level 5)
00:00:01.887817 
00:00:01.887818 [/Devices/usb-xhci/0/LUN#1/] (level 4)
00:00:01.887820   Driver <string>  = "VUSBRootHub" (cb=12)
00:00:01.887821 
00:00:01.887822 [/Devices/usb-xhci/0/LUN#1/Config/] (level 5)
00:00:01.887824 
00:00:01.887825 [/Devices/usb-xhci/0/LUN#999/] (level 4)
00:00:01.887828   Driver <string>  = "MainStatus" (cb=11)
00:00:01.887828 
00:00:01.887829 [/Devices/usb-xhci/0/LUN#999/Config/] (level 5)
00:00:01.887832   First                <integer> = 0x0000000000000000 (0)
00:00:01.887833   HasMediumAttachments <integer> = 0x0000000000000000 (0)
00:00:01.887835   Last                 <integer> = 0x0000000000000001 (1)
00:00:01.887837   iLedSet              <integer> = 0x0000000000000001 (1)
00:00:01.887838 
00:00:01.887839 [/Devices/vga/] (level 2)
00:00:01.887841 
00:00:01.887842 [/Devices/vga/0/] (level 3)
00:00:01.887845   PCIBusNo      <integer> = 0x0000000000000000 (0)
00:00:01.887847   PCIDeviceNo   <integer> = 0x0000000000000002 (2)
00:00:01.887848   PCIFunctionNo <integer> = 0x0000000000000000 (0)
00:00:01.887849   Trusted       <integer> = 0x0000000000000001 (1)
00:00:01.887851 
00:00:01.887851 [/Devices/vga/0/Config/] (level 4)
00:00:01.887855   3DEnabled             <integer> = 0x0000000000000000 (0)
00:00:01.887857   CustomVideoModes      <integer> = 0x0000000000000000 (0)
00:00:01.887859   FadeIn                <integer> = 0x0000000000000001 (1)
00:00:01.887861   FadeOut               <integer> = 0x0000000000000001 (1)
00:00:01.887863   HeightReduction       <integer> = 0x0000000000000000 (0)
00:00:01.887864   LogoFile              <string>  = "" (cb=1)
00:00:01.887866   LogoTime              <integer> = 0x0000000000000000 (0)
00:00:01.887868   MonitorCount          <integer> = 0x0000000000000001 (1)
00:00:01.887869   ShowBootMenu          <integer> = 0x0000000000000002 (2)
00:00:01.887871   VMSVGA3dEnabled       <integer> = 0x0000000000000000 (0)
00:00:01.887873   VMSVGAEnabled         <integer> = 0x0000000000000001 (1)
00:00:01.887874   VRamSize              <integer> = 0x0000000008000000 (134 217 728, 128.0 MiB)
00:00:01.887878   VmSvga3               <integer> = 0x0000000000000000 (0)
00:00:01.887879   VmSvgaExposeLegacyVga <integer> = 0x0000000000000001 (1)
00:00:01.887881 
00:00:01.887882 [/Devices/vga/0/LUN#0/] (level 4)
00:00:01.887884   Driver <string>  = "MainDisplay" (cb=12)
00:00:01.887885 
00:00:01.887886 [/Devices/vga/0/LUN#0/Config/] (level 5)
00:00:01.887889 
00:00:01.887889 [/Devices/vga/0/LUN#999/] (level 4)
00:00:01.887892   Driver <string>  = "MainStatus" (cb=11)
00:00:01.887893 
00:00:01.887894 [/Devices/vga/0/LUN#999/Config/] (level 5)
00:00:01.887896   First                <integer> = 0x0000000000000000 (0)
00:00:01.887898   HasMediumAttachments <integer> = 0x0000000000000000 (0)
00:00:01.887900   Last                 <integer> = 0x0000000000000000 (0)
00:00:01.887902   iLedSet              <integer> = 0x0000000000000000 (0)
00:00:01.887904 
00:00:01.887904 [/Devices/virtio-net/] (level 2)
00:00:01.887906 
00:00:01.887907 [/EM/] (level 1)
00:00:01.887909   TripleFaultReset <integer> = 0x0000000000000000 (0)
00:00:01.887910 
00:00:01.887911 [/GCM/] (level 1)
00:00:01.887913 
00:00:01.887913 [/GIM/] (level 1)
00:00:01.887915   Provider <string>  = "HyperV" (cb=7)
00:00:01.887916 
00:00:01.887917 [/HM/] (level 1)
00:00:01.887920   64bitEnabled        <integer> = 0x0000000000000001 (1)
00:00:01.887922   EnableLargePages    <integer> = 0x0000000000000000 (0)
00:00:01.887923   EnableNestedPaging  <integer> = 0x0000000000000001 (1)
00:00:01.887925   EnableUX            <integer> = 0x0000000000000001 (1)
00:00:01.887927   EnableVPID          <integer> = 0x0000000000000001 (1)
00:00:01.887928   Exclusive           <integer> = 0x0000000000000001 (1)
00:00:01.887930   HMForced            <integer> = 0x0000000000000001 (1)
00:00:01.887932   IBPBOnVMEntry       <integer> = 0x0000000000000000 (0)
00:00:01.887934   IBPBOnVMExit        <integer> = 0x0000000000000000 (0)
00:00:01.887936   L1DFlushOnSched     <integer> = 0x0000000000000001 (1)
00:00:01.887937   L1DFlushOnVMEntry   <integer> = 0x0000000000000000 (0)
00:00:01.887939   MDSClearOnSched     <integer> = 0x0000000000000001 (1)
00:00:01.887940   MDSClearOnVMEntry   <integer> = 0x0000000000000000 (0)
00:00:01.887942   SpecCtrlByHost      <integer> = 0x0000000000000000 (0)
00:00:01.887943   SvmVirtVmsaveVmload <integer> = 0x0000000000000000 (0)
00:00:01.887945   UseNEMInstead       <integer> = 0x0000000000000000 (0)
00:00:01.887947 
00:00:01.887947 [/MM/] (level 1)
00:00:01.887949   CanUseLargerHeap <integer> = 0x0000000000000000 (0)
00:00:01.887950 
00:00:01.887951 [/NEM/] (level 1)
00:00:01.887953   Allow64BitGuests  <integer> = 0x0000000000000001 (1)
00:00:01.887954   IBPBOnVMEntry     <integer> = 0x0000000000000000 (0)
00:00:01.887956   IBPBOnVMExit      <integer> = 0x0000000000000000 (0)
00:00:01.887982   L1DFlushOnSched   <integer> = 0x0000000000000001 (1)
00:00:01.887984   L1DFlushOnVMEntry <integer> = 0x0000000000000000 (0)
00:00:01.887985   MDSClearOnSched   <integer> = 0x0000000000000001 (1)
00:00:01.887987   MDSClearOnVMEntry <integer> = 0x0000000000000000 (0)
00:00:01.887988 
00:00:01.887989 [/PDM/] (level 1)
00:00:01.887990 
00:00:01.887991 [/PDM/AsyncCompletion/] (level 2)
00:00:01.887993 
00:00:01.887993 [/PDM/AsyncCompletion/File/] (level 3)
00:00:01.887996 
00:00:01.887996 [/PDM/AsyncCompletion/File/BwGroups/] (level 4)
00:00:01.887999 
00:00:01.887999 [/PDM/BlkCache/] (level 2)
00:00:01.888002   CacheSize <integer> = 0x0000000000500000 (5 242 880, 5.0 MiB)
00:00:01.888004 
00:00:01.888005 [/PDM/Devices/] (level 2)
00:00:01.888007 
00:00:01.888007 [/PDM/Drivers/] (level 2)
00:00:01.888009 
00:00:01.888010 [/PDM/Drivers/VBoxC/] (level 3)
00:00:01.888012   Path <string>  = "/usr/lib/virtualbox/components/VBoxC" (cb=37)
00:00:01.888013 
00:00:01.888014 [/PDM/NetworkShaper/] (level 2)
00:00:01.888016 
00:00:01.888016 [/PDM/NetworkShaper/BwGroups/] (level 3)
00:00:01.888019 
00:00:01.888019 [/TM/] (level 1)
00:00:01.888021   UTCOffset <integer> = 0x0000000000000000 (0)
00:00:01.888022 
00:00:01.888023 [/USB/] (level 1)
00:00:01.888025 
00:00:01.888025 [/USB/HidMouse/] (level 2)
00:00:01.888028 
00:00:01.888029 [/USB/HidMouse/0/] (level 3)
00:00:01.888031 
00:00:01.888031 [/USB/HidMouse/0/Config/] (level 4)
00:00:01.888034   Mode <string>  = "absolute" (cb=9)
00:00:01.888035 
00:00:01.888036 [/USB/HidMouse/0/LUN#0/] (level 4)
00:00:01.888038   Driver <string>  = "MouseQueue" (cb=11)
00:00:01.888040 
00:00:01.888040 [/USB/HidMouse/0/LUN#0/AttachedDriver/] (level 5)
00:00:01.888044   Driver <string>  = "MainMouse" (cb=10)
00:00:01.888045 
00:00:01.888046 [/USB/HidMouse/0/LUN#0/Config/] (level 5)
00:00:01.888048   QueueSize <integer> = 0x0000000000000080 (128, 128 B)
00:00:01.888050 
00:00:01.888051 [/USB/USBProxy/] (level 2)
00:00:01.888053 
00:00:01.888054 [/USB/USBProxy/GlobalConfig/] (level 3)
00:00:01.888056 
00:00:01.888057 ********************* End of CFGM dump **********************
00:00:01.888142 HM: HMR3Init: VT-x w/ nested paging and unrestricted guest execution hw support
00:00:01.888238 CPUM: fXStateHostMask=0x7; host XCR0=0x7
00:00:01.888681 CPUM: Matched host CPU INTEL 0x6/0x45/0x1 Intel_Core7_Haswell with CPU DB entry 'Intel Core i7-5600U' (INTEL 0x6/0x3d/0x4 Intel_Core7_Broadwell)
00:00:01.888765 CPUM: MXCSR_MASK=0xffff (host: 0xffff)
00:00:01.888794 CPUM: Microcode revision 0x00000026
00:00:01.888813 CPUM: MSR/CPUID reconciliation insert: 0x0000010b IA32_FLUSH_CMD
00:00:01.888831 CPUM: SetGuestCpuIdFeature: Enabled SYSENTER/EXIT
00:00:01.888837 CPUM: SetGuestCpuIdFeature: Enabled SYSCALL/RET
00:00:01.888841 CPUM: SetGuestCpuIdFeature: Enabled PAE
00:00:01.888845 CPUM: SetGuestCpuIdFeature: Enabled LAHF/SAHF
00:00:01.888849 CPUM: SetGuestCpuIdFeature: Enabled NX
00:00:01.888854 CPUM: SetGuestCpuIdFeature: Enabled LONG MODE
00:00:01.888858 CPUM: Enabled MTRR read-write support
00:00:01.888863 CPUM: Enabled fixed-range MTRRs and 16 (virtualized) variable-range MTRRs
00:00:01.889976 PGM: Host paging mode: AMD64+PGE+NX
00:00:01.890010 PGM: PGMPool: cMaxPages=1280 (u64MaxPages=1058)
00:00:01.890019 PGM: pgmR3PoolInit: cMaxPages=0x500 cMaxUsers=0xa00 cMaxPhysExts=0xa00 fCacheEnable=true
00:00:01.891362 PGM: /proc/sys/vm/max_map_count = 65530 (rc2=VWRN_TRAILING_CHARS); cGuessNeeded=16384
00:00:01.898822 TM: GIP - u32Mode=3 (Invariant) u32UpdateHz=100 u32UpdateIntervalNS=10000000 enmUseTscDelta=2 (Practically Zero) fGetGipCpu=0x1b cCpus=8
00:00:01.898859 TM: GIP - u64CpuHz=2 294 690 103 (0x88c63137)  SUPGetCpuHzFromGip => 2 294 690 103
00:00:01.898871 TM: GIP - CPU: iCpuSet=0x0 idCpu=0x0 idApic=0x0 iGipCpu=0x0 i64TSCDelta=0 enmState=3 u64CpuHz=2294690103(*) cErrors=0
00:00:01.898879 TM: GIP - CPU: iCpuSet=0x1 idCpu=0x1 idApic=0x1 iGipCpu=0x1 i64TSCDelta=0 enmState=3 u64CpuHz=2294686764(*) cErrors=0
00:00:01.898885 TM: GIP - CPU: iCpuSet=0x2 idCpu=0x2 idApic=0x2 iGipCpu=0x3 i64TSCDelta=0 enmState=3 u64CpuHz=2294689854(*) cErrors=0
00:00:01.898890 TM: GIP - CPU: iCpuSet=0x3 idCpu=0x3 idApic=0x3 iGipCpu=0x2 i64TSCDelta=0 enmState=3 u64CpuHz=2294689684(*) cErrors=0
00:00:01.898910 TM:     cTSCTicksPerSecond=2 294 690 103 (0x88c63137) enmTSCMode=3 (Dynamic) TSCMultiplier=1
00:00:01.898913 TM: cTSCTicksPerSecondHost=2 294 690 103 (0x88c63137)
00:00:01.898915 TM: TSCTiedToExecution=false TSCNotTiedToHalt=false
00:00:01.899725 EMR3Init: fIemExecutesAll=false fGuruOnTripleFault=true
00:00:01.899940 IEM: TargetCpu=CURRENT, Microarch=Intel_Core7_Haswell aidxTargetCpuEflFlavour={1,0}
00:00:01.900610 GIM: Using provider 'HyperV' (Implementation version: 0)
00:00:01.900632 GIM: HyperV: Reporting vendor as 'VBoxVBoxVBox'
00:00:01.900640 CPUM: SetGuestCpuIdFeature: Enabled Hypervisor Present bit
00:00:01.900682 GCM: Initialized - Fixer bits: 0x0
00:00:01.910775 AIOMgr: Default manager type is 'Async'
00:00:01.910829 AIOMgr: Default file backend is 'NonBuffered'
00:00:01.910969 BlkCache: Cache successfully initialized. Cache size is 5242880 bytes
00:00:01.910982 BlkCache: Cache commit interval is 10000 ms
00:00:01.910987 BlkCache: Cache commit threshold is 2621440 bytes
00:00:01.914237 PcBios: [SMP] BIOS with 1 CPUs
00:00:01.914295 PcBios: Using the 386+ BIOS image.
00:00:01.914475 PcBios: MPS table at 000e1300
00:00:01.915705 PcBios: fCheckShutdownStatusForSoftReset=true  fClearShutdownStatusOnHardReset=true
00:00:01.916702 SUP: seg #0: R   0x00000000 LB 0x00009000
00:00:01.916729 SUP: seg #1: R X 0x00009000 LB 0x00030000
00:00:01.916745 SUP: seg #2: R   0x00039000 LB 0x00010000
00:00:01.916755 SUP: seg #3: RW  0x00049000 LB 0x00007500
00:00:01.917031 SUP: Loaded VBoxDDR0.r0 (/usr/lib/virtualbox/VBoxDDR0.r0) at 0xXXXXXXXXXXXXXXXX - ModuleInit at XXXXXXXXXXXXXXXX and ModuleTerm at XXXXXXXXXXXXXXXX
00:00:01.917439 PDM: VirtualBox APIC backend registered
00:00:01.917459 CPUM: SetGuestCpuIdFeature: Enabled xAPIC
00:00:01.918681 IOAPIC: Version=2.0 ChipType=ICH9
00:00:01.918893 PIT: mode=3 count=0x10000 (65536) - 18.20 Hz (ch=0)
00:00:01.919292 VMMDev: cbDefaultBudget: 166 538 581 (9ed2d55)
00:00:01.923907 Shared Folders service loaded
00:00:01.925036 Guest Control service loaded
00:00:01.958593 GUI: UIDesktopWidgetWatchdog::sltHandleHostScreenAvailableGeometryCalculated: Screen 0 work area is actually resized to: 0x27 x 1920x1053
00:00:01.995040 VGA: Using the 386+ BIOS image.
00:00:01.998897 DrvVD: Flushes will be ignored
00:00:01.999037 DrvVD: Async flushes will be passed to the disk
00:00:02.004502 VD: VDInit finished with VINF_SUCCESS
00:00:02.006856 AIOMgr: Endpoint for file '/home/gekko/Documents/Estudos/VM-VirtualBox/VM Original/windowa/windowa.vdi' (flags 000c0781) created successfully
00:00:02.044423 AIOMgr: Endpoint for file '/home/gekko/Documents/Estudos/VM-VirtualBox/Clones/Clones/windowa Clone/Snapshots/{91fcb8c0-32d1-4390-a753-2698b683f59a}.vdi' (flags 000c0723) created successfully
00:00:02.062646 VD: Opening the disk took 58470641 ns
00:00:02.062760 AHCI: LUN#0: disk, PCHS=16383/16/63, total number of sectors 105111744
00:00:02.063914 DrvVD: Flushes will be ignored
00:00:02.064036 DrvVD: Async flushes will be passed to the disk
00:00:02.075039 AIOMgr: Endpoint for file '/usr/share/virtualbox/VBoxGuestAdditions.iso' (flags 000c0781) created successfully
00:00:02.075076 VD: Opening the disk took 155295 ns
00:00:02.075153 AHCI: LUN#1: CD/DVD
00:00:02.075465 AHCI#0: Reset the HBA
00:00:02.075474 VD#0: Cancelling all active requests
00:00:02.075611 E1000#0: Chip=82540EM LinkUpDelay=5000ms EthernetCRC=on GSO=enabled Itr=disabled ItrRx=enabled TID=disabled R0=enabled RC=disabled
00:00:02.077296 Audio: Initializing PulseAudio driver
00:00:02.077917 PulseAudio: Using version 15.99.0
00:00:02.086783 PulseAudio: Retrieving server information ...
00:00:02.087279 Audio: Found 5 devices for driver 'PulseAudio'
00:00:02.087293 Audio: Device 'Built-in Audio Analog Stereo':
00:00:02.087293 Audio:   ID              = alsa_output.pci-0000_00_1b.0.analog-stereo
00:00:02.087294 Audio:   Usage           = output
00:00:02.087295 Audio:   Flags           = NONE
00:00:02.087295 Audio:   Input channels  = 0
00:00:02.087296 Audio:   Output channels = 2
00:00:02.087300 Audio: Device 'LP-V89':
00:00:02.087301 Audio:   ID              = bluez_sink.1A_E6_B1_0B_C8_62.a2dp_sink
00:00:02.087301 Audio:   Usage           = output
00:00:02.087301 Audio:   Flags           = DEFAULT_OUT
00:00:02.087302 Audio:   Input channels  = 0
00:00:02.087302 Audio:   Output channels = 2
00:00:02.087305 Audio: Device 'Monitor of Built-in Audio Analog Stereo':
00:00:02.087306 Audio:   ID              = alsa_output.pci-0000_00_1b.0.analog-stereo.monitor
00:00:02.087306 Audio:   Usage           = input
00:00:02.087314 Audio:   Flags           = NONE
00:00:02.087315 Audio:   Input channels  = 2
00:00:02.087315 Audio:   Output channels = 0
00:00:02.087318 Audio: Device 'Built-in Audio Analog Stereo':
00:00:02.087318 Audio:   ID              = alsa_input.pci-0000_00_1b.0.analog-stereo
00:00:02.087319 Audio:   Usage           = input
00:00:02.087319 Audio:   Flags           = DEFAULT_IN
00:00:02.087319 Audio:   Input channels  = 2
00:00:02.087320 Audio:   Output channels = 0
00:00:02.087323 Audio: Device 'Monitor of LP-V89':
00:00:02.087323 Audio:   ID              = bluez_sink.1A_E6_B1_0B_C8_62.a2dp_sink.monitor
00:00:02.087324 Audio:   Usage           = input
00:00:02.087324 Audio:   Flags           = NONE
00:00:02.087324 Audio:   Input channels  = 2
00:00:02.087325 Audio:   Output channels = 0
00:00:02.087426 Audio Mixer: Setting master volume of 'HDA Mixer' -- channel volumes: ff ff ff ff ff ff ff ff ff ff ff ff
00:00:02.087435 Audio Mixer: Setting sink 'HDA Mixer/PCM Output' -- channel volumes: ff ff ff ff ff ff ff ff ff ff ff ff
00:00:02.087440 Audio Mixer: Setting sink 'HDA Mixer/Line In' -- channel volumes: ff ff ff ff ff ff ff ff ff ff ff ff
00:00:02.087449 Audio Mixer: MUTING sink 'HDA Mixer/PCM Output' -- channel volumes: 00 00 00 00 00 00 00 00 00 00 00 00
00:00:02.087464 Audio Mixer: MUTING sink 'HDA Mixer/Line In' -- channel volumes: 00 00 00 00 00 00 00 00 00 00 00 00
00:00:02.087502 HDA: Codec reset
00:00:02.087508 HDA: Reset
00:00:02.088586 GIMDev: Registered Hyper-V hypercall page
00:00:02.088665 GIMDev: Registered Hyper-V TSC page
00:00:02.089050 VUSB: Attached 'HidMouse' to port 1 on RootHub#1 (FullSpeed)
00:00:02.089088 PGM: The CPU physical address width is 39 bits
00:00:02.089097 PGM: PGMR3InitFinalize: 4 MB PSE mask 0000007fffffffff -> VINF_SUCCESS
00:00:02.089118 TM: TMR3InitFinalize: fTSCModeSwitchAllowed=true
00:00:02.089377 CPUM: Mapped 1.0MiB (1048576 bytes) of RAM using fixed-range MTRRs
00:00:02.089394 CPUM: Mapped 2.0GiB (2147483648 bytes) of RAM using 1 variable-range MTRRs
00:00:02.089511 VMM: Enabled thread-context hooks
00:00:02.089518 VMM: RTThreadPreemptIsPending() can be trusted
00:00:02.089522 VMM: Kernel preemption is possible
00:00:02.089533 HM: Host MSR_IA32_FEATURE_CONTROL = 0x5
00:00:02.089578 HM: fWorldSwitcher=0x30000 (fIbpbOnVmExit=false fIbpbOnVmEntry=false fL1dFlushOnVmEntry=false); fL1dFlushOnSched=true fMdsClearOnVmEntry=false
00:00:02.089589 HM: Using VT-x implementation 3.0
00:00:02.089589 HM: Max resume loops                  = 8192
00:00:02.089590 HM: Host CR0                          = 0x80050033
00:00:02.089592 HM: Host CR4                          = 0x1706f0
00:00:02.089593 HM: Host EFER                         = 0xd01
00:00:02.089594 HM: Host SMM_MONITOR_CTL              = 0x0
00:00:02.089595 HM: Host CORE_CAPABILITIES            = 0x0
00:00:02.089595 HM: Host MEMORY_CTRL                  = 0x0
00:00:02.089597 HM: Host DR6 zero'ed                  = 0xffff0ff0
00:00:02.089598 HM: MSR_IA32_FEATURE_CONTROL          = 0x5
00:00:02.089600 HM:   LOCK
00:00:02.089600 HM:   VMXON
00:00:02.089601 HM: MSR_IA32_VMX_BASIC                = 0xda040000000012
00:00:02.089602 HM:   VMCS id                           = 0x12
00:00:02.089603 HM:   VMCS size                         = 1024 bytes
00:00:02.089604 HM:   VMCS physical address limit       = None
00:00:02.089605 HM:   VMCS memory type                  = Write Back (WB)
00:00:02.089606 HM:   Dual-monitor treatment support    = true
00:00:02.089607 HM:   OUTS & INS instruction-info       = true
00:00:02.089608 HM:   Supports true-capability MSRs     = true
00:00:02.089609 HM:   VM-entry Xcpt error-code optional = false
00:00:02.089610 HM: MSR_IA32_VMX_PINBASED_CTLS        = 0x7f00000016
00:00:02.089611 HM:   EXT_INT_EXIT
00:00:02.089611 HM:   NMI_EXIT
00:00:02.089612 HM:   VIRTUAL_NMI
00:00:02.089613 HM:   PREEMPT_TIMER
00:00:02.089613 HM:   POSTED_INT (must be cleared)
00:00:02.089614 HM: MSR_IA32_VMX_PROCBASED_CTLS       = 0xfff9fffe0401e172
00:00:02.089615 HM:   INT_WINDOW_EXIT
00:00:02.089616 HM:   USE_TSC_OFFSETTING
00:00:02.089617 HM:   HLT_EXIT
00:00:02.089617 HM:   INVLPG_EXIT
00:00:02.089618 HM:   MWAIT_EXIT
00:00:02.089619 HM:   RDPMC_EXIT
00:00:02.089619 HM:   RDTSC_EXIT
00:00:02.089620 HM:   CR3_LOAD_EXIT (must be set)
00:00:02.089621 HM:   CR3_STORE_EXIT (must be set)
00:00:02.089621 HM:   USE_TERTIARY_CTLS (must be cleared)
00:00:02.089622 HM:   CR8_LOAD_EXIT
00:00:02.089622 HM:   CR8_STORE_EXIT
00:00:02.089623 HM:   USE_TPR_SHADOW
00:00:02.089624 HM:   NMI_WINDOW_EXIT
00:00:02.089624 HM:   MOV_DR_EXIT
00:00:02.089625 HM:   UNCOND_IO_EXIT
00:00:02.089626 HM:   USE_IO_BITMAPS
00:00:02.089626 HM:   MONITOR_TRAP_FLAG
00:00:02.089627 HM:   USE_MSR_BITMAPS
00:00:02.089627 HM:   MONITOR_EXIT
00:00:02.089628 HM:   PAUSE_EXIT
00:00:02.089629 HM:   USE_SECONDARY_CTLS
00:00:02.089629 HM: MSR_IA32_VMX_PROCBASED_CTLS2      = 0x3cff00000000
00:00:02.089631 HM:   VIRT_APIC_ACCESS
00:00:02.089632 HM:   EPT
00:00:02.089632 HM:   DESC_TABLE_EXIT
00:00:02.089633 HM:   RDTSCP
00:00:02.089634 HM:   VIRT_X2APIC_MODE
00:00:02.089634 HM:   VPID
00:00:02.089635 HM:   WBINVD_EXIT
00:00:02.089636 HM:   UNRESTRICTED_GUEST
00:00:02.089637 HM:   APIC_REG_VIRT (must be cleared)
00:00:02.089637 HM:   VIRT_INT_DELIVERY (must be cleared)
00:00:02.089638 HM:   PAUSE_LOOP_EXIT
00:00:02.089639 HM:   RDRAND_EXIT
00:00:02.089639 HM:   INVPCID
00:00:02.089640 HM:   VMFUNC
00:00:02.089641 HM:   VMCS_SHADOWING (must be cleared)
00:00:02.089641 HM:   ENCLS_EXIT (must be cleared)
00:00:02.089642 HM:   RDSEED_EXIT (must be cleared)
00:00:02.089642 HM:   PML (must be cleared)
00:00:02.089643 HM:   EPT_XCPT_VE (must be cleared)
00:00:02.089644 HM:   CONCEAL_VMX_FROM_PT (must be cleared)
00:00:02.089644 HM:   XSAVES_XRSTORS (must be cleared)
00:00:02.089645 HM:   PASID_TRANSLATE (must be cleared)
00:00:02.089646 HM:   MODE_BASED_EPT_PERM (must be cleared)
00:00:02.089646 HM:   SPP_EPT (must be cleared)
00:00:02.089647 HM:   PT_EPT (must be cleared)
00:00:02.089647 HM:   TSC_SCALING (must be cleared)
00:00:02.089648 HM:   USER_WAIT_PAUSE (must be cleared)
00:00:02.089649 HM:   PCONFIG (must be cleared)
00:00:02.089649 HM:   ENCLV_EXIT (must be cleared)
00:00:02.089650 HM:   BUS_LOCK_DETECT (must be cleared)
00:00:02.089650 HM:   INSTR_TIMEOUT (must be cleared)
00:00:02.089651 HM: MSR_IA32_VMX_ENTRY_CTLS           = 0xffff000011ff
00:00:02.089652 HM:   LOAD_DEBUG (must be set)
00:00:02.089653 HM:   IA32E_MODE_GUEST
00:00:02.089654 HM:   ENTRY_TO_SMM
00:00:02.089655 HM:   DEACTIVATE_DUAL_MON
00:00:02.089655 HM:   LOAD_PERF_MSR
00:00:02.089656 HM:   LOAD_PAT_MSR
00:00:02.089657 HM:   LOAD_EFER_MSR
00:00:02.089657 HM:   LOAD_BNDCFGS_MSR (must be cleared)
00:00:02.089658 HM:   CONCEAL_VMX_FROM_PT (must be cleared)
00:00:02.089659 HM:   LOAD_RTIT_CTL_MSR (must be cleared)
00:00:02.089659 HM:   LOAD_UINV (must be cleared)
00:00:02.089660 HM:   LOAD_CET_STATE (must be cleared)
00:00:02.089661 HM:   LOAD_LBR_CTL_MSR (must be cleared)
00:00:02.089661 HM:   LOAD_PKRS_MSR (must be cleared)
00:00:02.089662 HM: MSR_IA32_VMX_EXIT_CTLS            = 0x7fffff00036dff
00:00:02.089663 HM:   SAVE_DEBUG (must be set)
00:00:02.089664 HM:   HOST_ADDR_SPACE_SIZE
00:00:02.089665 HM:   LOAD_PERF_MSR
00:00:02.089666 HM:   ACK_EXT_INT
00:00:02.089666 HM:   SAVE_PAT_MSR
00:00:02.089667 HM:   LOAD_PAT_MSR
00:00:02.089668 HM:   SAVE_EFER_MSR
00:00:02.089668 HM:   LOAD_EFER_MSR
00:00:02.089669 HM:   SAVE_PREEMPT_TIMER
00:00:02.089670 HM:   CLEAR_BNDCFGS_MSR (must be cleared)
00:00:02.089671 HM:   CONCEAL_VMX_FROM_PT (must be cleared)
00:00:02.089671 HM:   CLEAR_RTIT_CTL_MSR (must be cleared)
00:00:02.089672 HM:   CLEAR_LBR_CTL_MSR (must be cleared)
00:00:02.089673 HM:   CLEAR_UINV (must be cleared)
00:00:02.089673 HM:   LOAD_CET_STATE (must be cleared)
00:00:02.089674 HM:   LOAD_PKRS_MSR (must be cleared)
00:00:02.089675 HM:   SAVE_PERF_MSR (must be cleared)
00:00:02.089676 HM: MSR_IA32_VMX_TRUE_PINBASED_CTLS   = 0x7f00000016
00:00:02.089677 HM: MSR_IA32_VMX_TRUE_PROCBASED_CTLS  = 0xfff9fffe04006172
00:00:02.089679 HM: MSR_IA32_VMX_TRUE_ENTRY_CTLS      = 0xffff000011fb
00:00:02.089680 HM: MSR_IA32_VMX_TRUE_EXIT_CTLS       = 0x7fffff00036dfb
00:00:02.089682 HM: MSR_IA32_VMX_MISC                 = 0x300481e5
00:00:02.089683 HM:   PREEMPT_TIMER_TSC                 = 0x5
00:00:02.089684 HM:   EXIT_SAVE_EFER_LMA                = true
00:00:02.089685 HM:   ACTIVITY_STATES                   = 0x7 ( HLT SHUTDOWN SIPI_WAIT )
00:00:02.089686 HM:   INTEL_PT                          = false
00:00:02.089687 HM:   SMM_READ_SMBASE_MSR               = true
00:00:02.089688 HM:   CR3_TARGET                        = 0x4
00:00:02.089689 HM:   MAX_MSR                           = 0x0 ( 512 )
00:00:02.089690 HM:   VMXOFF_BLOCK_SMI                  = true
00:00:02.089692 HM:   VMWRITE_ALL                       = true
00:00:02.089693 HM:   ENTRY_INJECT_SOFT_INT             = 0x0
00:00:02.089693 HM:   MSEG_ID                           = 0x0
00:00:02.089694 HM: MSR_IA32_VMX_VMCS_ENUM            = 0x2a
00:00:02.089696 HM:   HIGHEST_IDX                       = 0x15
00:00:02.089697 HM: MSR_IA32_VMX_EPT_VPID_CAP         = 0xf0106334141
00:00:02.089698 HM:   RWX_X_ONLY
00:00:02.089699 HM:   PAGE_WALK_LENGTH_4
00:00:02.089699 HM:   MEMTYPE_UC
00:00:02.089700 HM:   MEMTYPE_WB
00:00:02.089701 HM:   PDE_2M
00:00:02.089701 HM:   PDPTE_1G
00:00:02.089702 HM:   INVEPT
00:00:02.089703 HM:   ACCESS_DIRTY
00:00:02.089703 HM:   INVEPT_SINGLE_CONTEXT
00:00:02.089704 HM:   INVEPT_ALL_CONTEXTS
00:00:02.089705 HM:   INVVPID
00:00:02.089706 HM:   INVVPID_INDIV_ADDR
00:00:02.089706 HM:   INVVPID_SINGLE_CONTEXT
00:00:02.089707 HM:   INVVPID_ALL_CONTEXTS
00:00:02.089708 HM:   INVVPID_SINGLE_CONTEXT_RETAIN_GLOBALS
00:00:02.089708 HM: MSR_IA32_VMX_VMFUNC               = 0x1
00:00:02.089709 HM:   EPTP_SWITCHING
00:00:02.089710 HM: MSR_IA32_VMX_CR0_FIXED0           = 0x80000021
00:00:02.089711 HM: MSR_IA32_VMX_CR0_FIXED1           = 0xffffffff
00:00:02.089712 HM: MSR_IA32_VMX_CR4_FIXED0           = 0x2000
00:00:02.089714 HM: MSR_IA32_VMX_CR4_FIXED1           = 0x1727ff
00:00:02.089715 HM: Guest support: 32-bit and 64-bit
00:00:02.089724 HM: Supports VMCS EFER fields         = true
00:00:02.089725 HM: Enabled VMX
00:00:02.089729 HM: Enabled nested paging
00:00:02.089729 HM:   EPT flush type                  = Single context
00:00:02.089730 HM: Enabled unrestricted guest execution
00:00:02.089731 HM: Enabled VPID
00:00:02.089731 HM:   VPID flush type                 = Single context
00:00:02.089732 HM: Enabled VMX-preemption timer (cPreemptTimerShift=5)
00:00:02.089733 HM: VT-x/AMD-V init method: Global
00:00:02.089745 HM: VT-x/AMD-V enable method: VirtualBox
00:00:02.089747 EM: Exit history optimizations: enabled=true enabled-r0=true enabled-r0-no-preemption=false
00:00:02.089802 PcBios: SATA LUN#0 LCHS=1024/255/63
00:00:02.089819 APIC: fPostedIntrsEnabled=false fVirtApicRegsEnabled=false fSupportsTscDeadline=false
00:00:02.089828 TMR3UtcNow: nsNow=1 782 050 926 652 982 000 nsPrev=0 -> cNsDelta=1 782 050 926 652 982 000 (offLag=0 offVirtualSync=0 offVirtualSyncGivenUp=0, NowAgain=1 782 050 926 652 982 000)
00:00:02.089852 VMM: fUsePeriodicPreemptionTimers=false
00:00:02.089860 APIC: Enabling Hyper-V x2APIC compatibility mode
00:00:02.095356 CPUM: Logical host processors: 4 present, 4 max, 4 online, online mask: 000000000000000f
00:00:02.095626 CPUM: Physical host cores: 2
00:00:02.095627 ************************ CPUID dump *************************
00:00:02.096217          Raw Standard CPUID Leaves
00:00:02.096221      Leaf/sub-leaf  eax      ebx      ecx      edx
00:00:02.096225 Gst: 00000000/0000  0000000d 756e6547 6c65746e 49656e69
00:00:02.096229 Hst:                0000000d 756e6547 6c65746e 49656e69
00:00:02.096231 Gst: 00000001/0000  00040651 00010800 f6da320b 178bfbff
00:00:02.096232 Hst:                00040651 00100800 7fdafbbf bfebfbff
00:00:02.096235 Gst: 00000002/0000  76036301 00f0b5ff 00000000 00c10000
00:00:02.096238 Hst:                76036301 00f0b5ff 00000000 00c10000
00:00:02.096240 Gst: 00000003/0000  00000000 00000000 00000000 00000000
00:00:02.096241 Hst:                00000000 00000000 00000000 00000000
00:00:02.096242 Gst: 00000004/0000  00000121 01c0003f 0000003f 00000000
00:00:02.096244 Hst:                1c004121 01c0003f 0000003f 00000000
00:00:02.096246 Gst: 00000004/0001  00000122 01c0003f 0000003f 00000000
00:00:02.096248 Hst:                1c004122 01c0003f 0000003f 00000000
00:00:02.096250 Gst: 00000004/0002  00000143 01c0003f 000001ff 00000000
00:00:02.096251 Hst:                1c004143 01c0003f 000001ff 00000000
00:00:02.096252 Gst: 00000004/0003  00000163 02c0003f 00000fff 00000006
00:00:02.096254 Hst:                1c03c163 02c0003f 00000fff 00000006
00:00:02.096255 Gst: 00000004/0004  00000000 00000000 00000000 00000000
00:00:02.096257 Hst:                00000000 00000000 00000000 00000000
00:00:02.096258 Gst: 00000005/0000  00000040 00000040 00000000 00000000
00:00:02.096260 Hst:                00000040 00000040 00000003 11142120
00:00:02.096262 Gst: 00000006/0000  00000004 00000000 00000000 00000000
00:00:02.096263 Hst:                00000077 00000002 00000009 00000000
00:00:02.096264 Gst: 00000007/0000  00000000 00002529 00000000 10000400
00:00:02.096267 Hst:                00000000 000027ab 00000000 9c000600
00:00:02.096269 Gst: 00000007/0001  00000000 00000000 00000000 00000000
00:00:02.096270 Hst:                00000000 00000000 00000000 00000000
00:00:02.096271 Gst: 00000007/0002  00000000 00000000 00000000 00000000
00:00:02.096272 Hst:                00000000 00000000 00000000 00000000
00:00:02.096274 Gst: 00000008/0000  00000000 00000000 00000000 00000000
00:00:02.096276 Hst:                00000000 00000000 00000000 00000000
00:00:02.096277 Gst: 00000009/0000  00000000 00000000 00000000 00000000
00:00:02.096279 Hst:                00000000 00000000 00000000 00000000
00:00:02.096280 Gst: 0000000a/0000  00000000 00000000 00000000 00000000
00:00:02.096280 Hst:                07300403 00000000 00000000 00000603
00:00:02.096281 Gst: 0000000b/0000  00000000 00000001 00000100 00000000
00:00:02.096282 Hst:                00000001 00000002 00000100 00000000
00:00:02.096283 Gst: 0000000b/0001  00000001 00000001 00000201 00000000
00:00:02.096284 Hst:                00000004 00000004 00000201 00000000
00:00:02.096285 Gst: 0000000b/0002  00000000 00000000 00000002 00000000
00:00:02.096286 Hst:                00000000 00000000 00000002 00000000
00:00:02.096287 Gst: 0000000c/0000  00000000 00000000 00000000 00000000
00:00:02.096288 Hst:                00000000 00000000 00000000 00000000
00:00:02.096289 Gst: 0000000d/0000  00000007 00000340 00000340 00000000
00:00:02.096290 Hst:                00000007 00000340 00000340 00000000
00:00:02.096291 Gst: 0000000d/0001  00000000 00000000 00000000 00000000
00:00:02.096292 Hst:                00000001 00000000 00000000 00000000
00:00:02.096293 Gst: 0000000d/0002  00000100 00000240 00000000 00000000
00:00:02.096294 Hst:                00000100 00000240 00000000 00000000
00:00:02.096297 Gst: 0000000d/0003  00000000 00000000 00000000 00000000
00:00:02.096299 Hst:                00000000 00000000 00000000 00000000
00:00:02.096300                                Name: GenuineIntel
00:00:02.096303                            Supports: 0x00000000-0x0000000d
00:00:02.096308                              Family:  6 	Extended: 0 	Effective: 6
00:00:02.096312                               Model:  5 	Extended: 4 	Effective: 69
00:00:02.096313                            Stepping: 1
00:00:02.096314                                Type: 0 (primary)
00:00:02.096316                             APIC ID: 0x00
00:00:02.096317                        Logical CPUs: 1
00:00:02.096318                        CLFLUSH Size: 8
00:00:02.096318                            Brand ID: 0x00
00:00:02.096322 Features
00:00:02.096323   Mnemonic - Description                                  = Guest (Host)
00:00:02.096331   FPU - x87 FPU on Chip                                   = 1 (1)
00:00:02.096334   VME - Virtual 8086 Mode Enhancements                    = 1 (1)
00:00:02.096336   DE - Debugging extensions                               = 1 (1)
00:00:02.096338   PSE - Page Size Extension                               = 1 (1)
00:00:02.096340   TSC - Time Stamp Counter                                = 1 (1)
00:00:02.096343   MSR - Model Specific Registers                          = 1 (1)
00:00:02.096345   PAE - Physical Address Extension                        = 1 (1)
00:00:02.096348   MCE - Machine Check Exception                           = 1 (1)
00:00:02.096350   CX8 - CMPXCHG8B instruction                             = 1 (1)
00:00:02.096352   APIC - APIC On-Chip                                     = 1 (1)
00:00:02.096354   SEP - SYSENTER and SYSEXIT Present                      = 1 (1)
00:00:02.096356   MTRR - Memory Type Range Registers                      = 1 (1)
00:00:02.096359   PGE - PTE Global Bit                                    = 1 (1)
00:00:02.096361   MCA - Machine Check Architecture                        = 1 (1)
00:00:02.096363   CMOV - Conditional Move instructions                    = 1 (1)
00:00:02.096366   PAT - Page Attribute Table                              = 1 (1)
00:00:02.096368   PSE-36 - 36-bit Page Size Extension                     = 1 (1)
00:00:02.096370   PSN - Processor Serial Number                           = 0 (0)
00:00:02.096448   CLFSH - CLFLUSH instruction                             = 1 (1)
00:00:02.096452   DS - Debug Store                                        = 0 (1)
00:00:02.096454   ACPI - Thermal Mon. & Soft. Clock Ctrl.                 = 0 (1)
00:00:02.096456   MMX - Intel MMX Technology                              = 1 (1)
00:00:02.096458   FXSR - FXSAVE and FXRSTOR instructions                  = 1 (1)
00:00:02.096460   SSE - SSE support                                       = 1 (1)
00:00:02.096462   SSE2 - SSE2 support                                     = 1 (1)
00:00:02.096464   SS - Self Snoop                                         = 0 (1)
00:00:02.096466   HTT - Hyper-Threading Technology                        = 1 (1)
00:00:02.096468   TM - Therm. Monitor                                     = 0 (1)
00:00:02.096471   PBE - Pending Break Enabled                             = 0 (1)
00:00:02.096475   SSE3 - SSE3 support                                     = 1 (1)
00:00:02.096478   PCLMUL - PCLMULQDQ support (for AES-GCM)                = 1 (1)
00:00:02.096480   DTES64 - DS Area 64-bit Layout                          = 0 (1)
00:00:02.096481   MONITOR - MONITOR/MWAIT instructions                    = 1 (1)
00:00:02.096484   CPL-DS - CPL Qualified Debug Store                      = 0 (1)
00:00:02.096485   VMX - Virtual Machine Extensions                        = 0 (1)
00:00:02.096487   SMX - Safer Mode Extensions                             = 0 (0)
00:00:02.096488   EST - Enhanced SpeedStep Technology                     = 0 (1)
00:00:02.096490   TM2 - Terminal Monitor 2                                = 0 (1)
00:00:02.096492   SSSE3 - Supplemental Streaming SIMD Extensions 3        = 1 (1)
00:00:02.096494   CNTX-ID - L1 Context ID                                 = 0 (0)
00:00:02.096496   SDBG - Silicon Debug interface                          = 0 (1)
00:00:02.096498   FMA - Fused Multiply Add extensions                     = 1 (1)
00:00:02.096500   CX16 - CMPXCHG16B instruction                           = 1 (1)
00:00:02.096501   TPRUPDATE - xTPR Update Control                         = 0 (1)
00:00:02.096502   PDCM - Perf/Debug Capability MSR                        = 0 (1)
00:00:02.096503   PCID - Process Context Identifiers                      = 1 (1)
00:00:02.096504   DCA - Direct Cache Access                               = 0 (0)
00:00:02.096506   SSE4_1 - SSE4_1 support                                 = 1 (1)
00:00:02.096508   SSE4_2 - SSE4_2 support                                 = 1 (1)
00:00:02.096511   X2APIC - x2APIC support                                 = 0 (0)
00:00:02.096513   MOVBE - MOVBE instruction                               = 1 (1)
00:00:02.096515   POPCNT - POPCNT instruction                             = 1 (1)
00:00:02.096517   TSCDEADL - Time Stamp Counter Deadline                  = 0 (1)
00:00:02.096519   AES - AES instructions                                  = 1 (1)
00:00:02.096522   XSAVE - XSAVE instruction                               = 1 (1)
00:00:02.096524   OSXSAVE - OSXSAVE instruction                           = 0 (1)
00:00:02.096526   AVX - AVX support                                       = 1 (1)
00:00:02.096528   F16C - 16-bit floating point conversion instructions    = 1 (1)
00:00:02.096530   RDRAND - RDRAND instruction                             = 1 (1)
00:00:02.096532   HVP - Hypervisor Present (we're a guest)                = 1 (0)
00:00:02.096535 Structured Extended Feature Flags Enumeration (leaf 7):
00:00:02.096538 Sub-leaf 0
00:00:02.096538   Mnemonic - Description                                  = Guest (Host)
00:00:02.096543   FSGSBASE - RDFSBASE/RDGSBASE/WRFSBASE/WRGSBASE instr.   = 1 (1)
00:00:02.096545   TSCADJUST - Supports MSR_IA32_TSC_ADJUST                = 0 (1)
00:00:02.096547   SGX - Supports Software Guard Extensions                = 0 (0)
00:00:02.096549   BMI1 - Advanced Bit Manipulation extension 1            = 1 (1)
00:00:02.096550   HLE - Hardware Lock Elision                             = 0 (0)
00:00:02.096552   AVX2 - Advanced Vector Extensions 2                     = 1 (1)
00:00:02.096555   FDP_EXCPTN_ONLY - FPU DP only updated on exceptions     = 0 (0)
00:00:02.096557   SMEP - Supervisor Mode Execution Prevention             = 0 (1)
00:00:02.096558   BMI2 - Advanced Bit Manipulation extension 2            = 1 (1)
00:00:02.096560   ERMS - Enhanced REP MOVSB/STOSB instructions            = 0 (1)
00:00:02.096562   INVPCID - INVPCID instruction                           = 1 (1)
00:00:02.096564   RTM - Restricted Transactional Memory                   = 0 (0)
00:00:02.096565   PQM - Platform Quality of Service Monitoring            = 0 (0)
00:00:02.096566   DEPFPU_CS_DS - Deprecates FPU CS, FPU DS values if set  = 1 (1)
00:00:02.096566   MPE - Intel Memory Protection Extensions                = 0 (0)
00:00:02.096568   PQE - Platform Quality of Service Enforcement           = 0 (0)
00:00:02.096569   AVX512F - AVX512 Foundation instructions                = 0 (0)
00:00:02.096571   AVX512DQ - Supports the AVX512DQ instructions           = 0 (0)
00:00:02.096573   RDSEED - RDSEED instruction                             = 0 (0)
00:00:02.096574   ADX - ADCX/ADOX instructions                            = 0 (0)
00:00:02.096577   SMAP - Supervisor Mode Access Prevention                = 0 (0)
00:00:02.096578   AVX512_IFMA - Supports the AVX512_IFMA instructions     = 0 (0)
00:00:02.096579   CLFLUSHOPT - CLFLUSHOPT (Cache Line Flush) instruction  = 0 (0)
00:00:02.096581   CLWB - CLWB instruction                                 = 0 (0)
00:00:02.096582   INTEL_PT - Intel Processor Trace                        = 0 (0)
00:00:02.096583   AVX512PF - AVX512 Prefetch instructions                 = 0 (0)
00:00:02.096584   AVX512ER - AVX512 Exponential & Reciprocal instructions = 0 (0)
00:00:02.096585   AVX512CD - AVX512 Conflict Detection instructions       = 0 (0)
00:00:02.096586   SHA - Secure Hash Algorithm extensions                  = 0 (0)
00:00:02.096587   AVX512BW - Supports the AVX512BW instructions           = 0 (0)
00:00:02.096589   AVX512VL - Supports the AVX512VL instructions           = 0 (0)
00:00:02.096591   PREFETCHWT1 - PREFETCHWT1 instruction                   = 0 (0)
00:00:02.096592   AVX512_VBMI - Supports the AVX512_VBMI instructions     = 0 (0)
00:00:02.096592   UMIP - User mode insturction prevention                 = 0 (0)
00:00:02.096594   PKU - Protection Key for Usermode pages                 = 0 (0)
00:00:02.096595   OSPKE - CR4.PKU mirror                                  = 0 (0)
00:00:02.096596   WAITPKG - TPAUSE, UMONITOR & UMWAIT support             = 0 (0)
00:00:02.096598   AVX512_VBMI2 - Supports the AVX512_VBMI2 instructions   = 0 (0)
00:00:02.096599   CET_SS - CET shadow stack support                       = 0 (0)
00:00:02.096601   GFNI - Supports the GFNI instruction set                = 0 (0)
00:00:02.096602   VAES - Supports the VEX encoded AES instruction set     = 0 (0)
00:00:02.096604   VPCLMULQDQ - Supports the VPCLMULQDQ instruction        = 0 (0)
00:00:02.096605   AVX512_VNNI - Supports the AVX512_VNNI instructions     = 0 (0)
00:00:02.096607   AVX512_BITALG - Supports the AVX512_BITALG instructions = 0 (0)
00:00:02.096608   TME_EN - Supports 4 IA32_TME_ MSRs                      = 0 (0)
00:00:02.096611   AVX512_VPOPCNTDQ - Supports the AVX512_VPOPCNTDQ instructions = 0 (0)
00:00:02.096611   LA57 - 57-bit linear addresses                          = 0 (0)
00:00:02.096614   MAWAU - Value used by BNDLDX & BNDSTX                   = 0x0 (0x0)
00:00:02.096616   RDPID - Read processor ID support                       = 0 (0)
00:00:02.096618   KEY_LOCKER - Supports Key Locker                        = 0 (0)
00:00:02.096620   BUS_LOCK_DETECT - Supports OS bus-lock detection        = 0 (0)
00:00:02.096621   CLDEMOTE - Supports cache line demote                   = 0 (0)
00:00:02.096623   MOVDIRI - Supports the MOVDIRI instruction              = 0 (0)
00:00:02.096624   MOVDIRI64B - Supports the MOVDIRI64B instruction        = 0 (0)
00:00:02.096625   ENQCMD - Supports the Eqnqueue Stores                   = 0 (0)
00:00:02.096627   SGX_LC - Supports SGX Launch Configuration              = 0 (0)
00:00:02.096629   PKS - Supports protection keys for supervisor pages     = 0 (0)
00:00:02.096631   SGX_KEYS - Supports Attestation Service for Intel SGX   = 0 (0)
00:00:02.096632   AVX512_4VNNIW - Supports the AVX512_4VNNIW instructions = 0 (0)
00:00:02.096633   AVX512_4FMAPS - Supports the AVX512_4FMAPS instructions = 0 (0)
00:00:02.096635   FAST_SHORT_REP_MOVSB - Supports fast short REP MOVSB    = 0 (0)
00:00:02.096636   UINTR - Supports user interrupts                        = 0 (0)
00:00:02.096637   AVX512_VP2INTERSECT - Supports the AVX512_VP2INTERSECT instr. = 0 (0)
00:00:02.096638   MCU_OPT_CTRL - Supports IA32_MCU_OPT_CTRL               = 0 (1)
00:00:02.096639   MD_CLEAR - Supports MDS related buffer clearing         = 1 (1)
00:00:02.096640   RTM_ALWAYS_ABORT - XBEGIN always aborts and does fallback = 0 (0)
00:00:02.096641   RTM_FORCE_ABORT - Supports IA32_TSX_FORCE_ABORT         = 0 (0)
00:00:02.096642   SERIALIZE - Supports the SERIALIZE instruction          = 0 (0)
00:00:02.096643   HYBRID - Identifiers the CPU as a hybrid part           = 0 (0)
00:00:02.096644   TSXLDTRK - Supports susp/resume of TSX ld addr tracking = 0 (0)
00:00:02.096645   PCONFIG - Supports the PCONFIG instruction              = 0 (0)
00:00:02.096646   ARCH_LBRS - Supports architectural LBRs                 = 0 (0)
00:00:02.096647   CET_IBT - Supports indirect branch tracking w/ CET      = 0 (0)
00:00:02.096648   AMX_BF16 - Supports tile comp. ops on bfloat16 number   = 0 (0)
00:00:02.096649   AVX512_FP16 - Supports the FP16 data type with AVX512   = 0 (0)
00:00:02.096650   AMX_TILE - Supports the tile architecture               = 0 (0)
00:00:02.096651   AMX_INT8 - Supports tile comp. ops on 8-bit integers    = 0 (0)
00:00:02.096652   IBRS_IBPB - IA32_SPEC_CTRL.IBRS and IA32_PRED_CMD.IBPB  = 0 (1)
00:00:02.096653   STIBP - Supports IA32_SPEC_CTRL.STIBP                   = 0 (1)
00:00:02.096654   FLUSH_CMD - Supports IA32_FLUSH_CMD                     = 1 (1)
00:00:02.096655   ARCHCAP - Supports IA32_ARCH_CAP                        = 0 (0)
00:00:02.096656   CORECAP - Supports IA32_CORE_CAP                        = 0 (0)
00:00:02.096658   SSBD - Supports IA32_SPEC_CTRL.SSBD                     = 0 (1)
00:00:02.096661  Sub-leaf 2
00:00:02.096663   Mnemonic - Description                                  = Guest (Host)
00:00:02.096667   PSFD - Supports IA32_SPEC_CTRL[7] (PSFD)                = 0 (0)
00:00:02.096669   IPRED_CTRL - Supports IA32_SPEC_CTRL[4:3] (IPRED_DIS)   = 0 (0)
00:00:02.096672   RRSBA_CTRL - Supports IA32_SPEC_CTRL[6:5] (RRSBA_DIS)   = 0 (0)
00:00:02.096673   DDPD_U - Supports IA32_SPEC_CTRL[8] (DDPD_U)            = 0 (0)
00:00:02.096675   BHI_CTRL - Supports IA32_SPEC_CTRL[10] (BHI_DIS_S)      = 0 (0)
00:00:02.096676   MCDT_NO - No MXCSR Config Dependent Timing issues       = 0 (0)
00:00:02.096678   UC_LOCK_DIS - Supports UC-lock disable and causing #AC  = 0 (0)
00:00:02.096678   MONITOR_MITG_NO - No MONITOR/UMONITOR power issues      = 0 (0)
00:00:02.096680 Processor Extended State Enumeration (leaf 0xd):
00:00:02.096684    XSAVE area cur/max size by XCR0, Guest: 0x340/0x340
00:00:02.096686    XSAVE area cur/max size by XCR0,  Host: 0x340/0x340
00:00:02.096688                    Valid XCR0 bits, Guest: 0x00000000`00000007 ( x87 SSE YMM_Hi128 )
00:00:02.096694                    Valid XCR0 bits,  Host: 0x00000000`00000007 ( x87 SSE YMM_Hi128 )
00:00:02.096697                     XSAVE features, Guest
00:00:02.096699                     XSAVE features,  Host XSAVEOPT
00:00:02.096702       XSAVE area cur size XCR0|XSS, Guest: 0x0
00:00:02.096703       XSAVE area cur size XCR0|XSS,  Host: 0x0
00:00:02.096703                Valid IA32_XSS bits, Guest: 0x00000000`00000000
00:00:02.096705                Valid IA32_XSS bits,  Host: 0x00000000`00000000
00:00:02.096707   State #2, Guest: off=0x0240, cb=0x0100 IA32_XSS-bit -- YMM_Hi128
00:00:02.096711   State #2,  Host:  off=0x0240, cb=0x0100 IA32_XSS-bit -- YMM_Hi128
00:00:02.096717          Raw Hypervisor CPUID Leaves
00:00:02.096718      Leaf/sub-leaf  eax      ebx      ecx      edx
00:00:02.096718 Gst: 40000000/0000  40000006 786f4256 786f4256 786f4256
00:00:02.096721 Gst: 40000001/0000  31237648 00000000 00000000 00000000
00:00:02.096722 Gst: 40000002/0000  00000000 00000000 00000000 00000000
00:00:02.096724 Gst: 40000003/0000  00000af2 00100000 00000000 00000500
00:00:02.096725 Gst: 40000004/0000  00000130 ffffffff 00000000 00000000
00:00:02.096726 Gst: 40000005/0000  00000000 00000000 00000000 00000000
00:00:02.096727 Gst: 40000006/0000  0000000a 00000000 00000000 00000000
00:00:02.096729          Raw Extended CPUID Leaves
00:00:02.096729      Leaf/sub-leaf  eax      ebx      ecx      edx
00:00:02.096730 Gst: 80000000/0000  80000008 00000000 00000000 00000000
00:00:02.096731 Hst:                80000008 00000000 00000000 00000000
00:00:02.096732 Gst: 80000001/0000  00000000 00000000 00000021 28100800
00:00:02.096733 Hst:                00000000 00000000 00000021 2c100800
00:00:02.096734 Gst: 80000002/0000  65746e49 2952286c 726f4320 4d542865
00:00:02.096735 Hst:                65746e49 2952286c 726f4320 4d542865
00:00:02.096758 Gst: 80000003/0000  35692029 3032342d 43205530 40205550
00:00:02.096760 Hst:                35692029 3032342d 43205530 40205550
00:00:02.096761 Gst: 80000004/0000  362e3120 7a484730 00000000 00000000
00:00:02.096763 Hst:                362e3120 7a484730 00000000 00000000
00:00:02.096764 Gst: 80000005/0000  00000000 00000000 00000000 00000000
00:00:02.096766 Hst:                00000000 00000000 00000000 00000000
00:00:02.096767 Gst: 80000006/0000  00000000 00000000 01006040 00000000
00:00:02.096769 Hst:                00000000 00000000 01006040 00000000
00:00:02.096770 Gst: 80000007/0000  00000000 00000000 00000000 00000100
00:00:02.096772 Hst:                00000000 00000000 00000000 00000100
00:00:02.096774 Gst: 80000008/0000  00003027 00000000 00000000 00000000
00:00:02.096775 Hst:                00003027 00000000 00000000 00000000
00:00:02.096777 Ext Name:                        
00:00:02.096778 Ext Supports:                    0x80000000-0x80000008
00:00:02.096779 Family:                          0  	Extended: 0 	Effective: 0
00:00:02.096780 Model:                           0  	Extended: 0 	Effective: 0
00:00:02.096781 Stepping:                        0
00:00:02.096781 Brand ID:                        0x000
00:00:02.096782 Ext Features
00:00:02.096783   Mnemonic - Description                                  = Guest (Host)
00:00:02.096786   FPU - x87 FPU on Chip                                   = 0 (0)
00:00:02.096788   VME - Virtual 8086 Mode Enhancements                    = 0 (0)
00:00:02.096789   DE - Debugging extensions                               = 0 (0)
00:00:02.096791   PSE - Page Size Extension                               = 0 (0)
00:00:02.096793   TSC - Time Stamp Counter                                = 0 (0)
00:00:02.096794   MSR - K86 Model Specific Registers                      = 0 (0)
00:00:02.096796   PAE - Physical Address Extension                        = 0 (0)
00:00:02.096797   MCE - Machine Check Exception                           = 0 (0)
00:00:02.096800   CX8 - CMPXCHG8B instruction                             = 0 (0)
00:00:02.096801   APIC - APIC On-Chip                                     = 0 (0)
00:00:02.096804   SEP - SYSCALL/SYSRET                                    = 1 (1)
00:00:02.096806   MTRR - Memory Type Range Registers                      = 0 (0)
00:00:02.096808   PGE - PTE Global Bit                                    = 0 (0)
00:00:02.096810   MCA - Machine Check Architecture                        = 0 (0)
00:00:02.096812   CMOV - Conditional Move instructions                    = 0 (0)
00:00:02.096813   PAT - Page Attribute Table                              = 0 (0)
00:00:02.096815   PSE-36 - 36-bit Page Size Extension                     = 0 (0)
00:00:02.096818   NX - No-Execute/Execute-Disable                         = 1 (1)
00:00:02.096819   AXMMX - AMD Extensions to MMX instructions              = 0 (0)
00:00:02.096821   MMX - Intel MMX Technology                              = 0 (0)
00:00:02.096824   FXSR - FXSAVE and FXRSTOR Instructions                  = 0 (0)
00:00:02.096826   FFXSR - AMD fast FXSAVE and FXRSTOR instructions        = 0 (0)
00:00:02.096827   Page1GB - 1 GB large page                               = 0 (1)
00:00:02.096829   RDTSCP - RDTSCP instruction                             = 1 (1)
00:00:02.096831   LM - AMD64 Long Mode                                    = 1 (1)
00:00:02.096832   3DNOWEXT - AMD Extensions to 3DNow                      = 0 (0)
00:00:02.096834   3DNOW - AMD 3DNow                                       = 0 (0)
00:00:02.096836   LahfSahf - LAHF/SAHF support in 64-bit mode             = 1 (1)
00:00:02.096838   CmpLegacy - Core multi-processing legacy mode           = 0 (0)
00:00:02.096838   SVM - AMD Secure Virtual Machine extensions             = 0 (0)
00:00:02.096841   EXTAPIC - AMD Extended APIC registers                   = 0 (0)
00:00:02.096842   CR8L - AMD LOCK MOV CR0 means MOV CR8                   = 0 (0)
00:00:02.096844   ABM - AMD Advanced Bit Manipulation                     = 1 (1)
00:00:02.096845   SSE4A - SSE4A instructions                              = 0 (0)
00:00:02.096846   MISALIGNSSE - AMD Misaligned SSE mode                   = 0 (0)
00:00:02.096849   3DNOWPRF - AMD PREFETCH and PREFETCHW instructions      = 0 (0)
00:00:02.096850   OSVW - AMD OS Visible Workaround                        = 0 (0)
00:00:02.096852   IBS - Instruct Based Sampling                           = 0 (0)
00:00:02.096854   XOP - Extended Operation support                        = 0 (0)
00:00:02.096856   SKINIT - SKINIT, STGI, and DEV support                  = 0 (0)
00:00:02.096857   WDT - AMD Watchdog Timer support                        = 0 (0)
00:00:02.096858   LWP - Lightweight Profiling support                     = 0 (0)
00:00:02.096859   FMA4 - Four operand FMA instruction support             = 0 (0)
00:00:02.096860   TCE - Translation Cache Extension support               = 0 (0)
00:00:02.096861   NodeId - NodeId in MSR C001_100C                        = 0 (0)
00:00:02.096864   TBM - Trailing Bit Manipulation instructions            = 0 (0)
00:00:02.096865   TOPOEXT - Topology Extensions                           = 0 (0)
00:00:02.096867   PRFEXTCORE - Performance Counter Extensions support     = 0 (0)
00:00:02.096869   PRFEXTNB - NB Performance Counter Extensions support    = 0 (0)
00:00:02.096870   DATABPEXT - Data-access Breakpoint Extension            = 0 (0)
00:00:02.096871   PERFTSC - Performance Time Stamp Counter                = 0 (0)
00:00:02.096872   PCX_L2I - L2I/L3 Performance Counter Extensions         = 0 (0)
00:00:02.096875   MONITORX - MWAITX and MONITORX instructions             = 0 (0)
00:00:02.096877   AddrMaskExt - BP Addressing masking extended to bit 31  = 0 (0)
00:00:02.096881 Full Name:                       "Intel(R) Core(TM) i5-4200U CPU @ 1.60GHz"
00:00:02.096883 TLB 2/4M Instr/Uni:              res0     0 entries
00:00:02.096884 TLB 2/4M Data:                   res0     0 entries
00:00:02.096885 TLB 4K Instr/Uni:                res0     0 entries
00:00:02.096886 TLB 4K Data:                     res0     0 entries
00:00:02.096887 L1 Instr Cache Line Size:        0 bytes
00:00:02.096888 L1 Instr Cache Lines Per Tag:    0
00:00:02.096889 L1 Instr Cache Associativity:    res0  
00:00:02.096889 L1 Instr Cache Size:             0 KB
00:00:02.096891 L1 Data Cache Line Size:         0 bytes
00:00:02.096892 L1 Data Cache Lines Per Tag:     0
00:00:02.096892 L1 Data Cache Associativity:     res0  
00:00:02.096893 L1 Data Cache Size:              0 KB
00:00:02.096894 L2 TLB 2/4M Instr/Uni:           off       0 entries
00:00:02.096895 L2 TLB 2/4M Data:                off       0 entries
00:00:02.096897 L2 TLB 4K Instr/Uni:             off       0 entries
00:00:02.096898 L2 TLB 4K Data:                  off       0 entries
00:00:02.096899 L2 Cache Line Size:              64 bytes
00:00:02.096899 L2 Cache Lines Per Tag:          0
00:00:02.096900 L2 Cache Associativity:          8 way 
00:00:02.096900 L2 Cache Size:                   256 KB
00:00:02.096901 L3 Cache Line Size:              0 bytes
00:00:02.096902 L3 Cache Lines Per Tag:          0
00:00:02.096903 L3 Cache Associativity:          off   
00:00:02.096903 L3 Cache Size:                   0 KB
00:00:02.096905 APM Features EDX
00:00:02.096905   Mnemonic - Description                                  = Guest (Host)
00:00:02.096910   TS - Temperature Sensor                                 = 0 (0)
00:00:02.096911   FID - Frequency ID control                              = 0 (0)
00:00:02.096912   VID - Voltage ID control                                = 0 (0)
00:00:02.096914   TTP - Thermal Trip                                      = 0 (0)
00:00:02.096915   TM - Hardware Thermal Control (HTC)                     = 0 (0)
00:00:02.096916   100MHzSteps - 100 MHz Multiplier control                = 0 (0)
00:00:02.096917   HwPstate - Hardware P-state control                     = 0 (0)
00:00:02.096919   TscInvariant - Invariant Time Stamp Counter             = 1 (1)
00:00:02.096919   CPB - Core Performance Boost                            = 0 (0)
00:00:02.096921   EffFreqRO - Read-only Effective Frequency Interface     = 0 (0)
00:00:02.096922   ProcFdbkIf - Processor Feedback Interface               = 0 (0)
00:00:02.096923   ProcPwrRep - Core power reporting interface support     = 0 (0)
00:00:02.096924   ConnectedStandby - Connected Standby                    = 0 (0)
00:00:02.096925   RAPL - Running average power limit                      = 0 (0)
00:00:02.096927 Physical Address Width:          39 bits
00:00:02.096928 Virtual Address Width:           48 bits
00:00:02.096930 Max page count for INVLPGB:      0x3027
00:00:02.096931 Max ECX for RDPRU:               0x0
00:00:02.096937 ********************* End of CPUID dump *********************
00:00:02.096940 *********************** VT-x features ***********************
00:00:02.096955 Nested hardware virtualization - VMX features
00:00:02.096955   Mnemonic - Description                                  = guest (host)
00:00:02.096956   VMX - Virtual-Machine Extensions                        = 0 (1)
00:00:02.096956   InsOutInfo - INS/OUTS instruction info.                 = 0 (1)
00:00:02.096957   ExtIntExit - External interrupt exiting                 = 0 (1)
00:00:02.096958   NmiExit - NMI exiting                                   = 0 (1)
00:00:02.096959   VirtNmi - Virtual NMIs                                  = 0 (1)
00:00:02.096960   PreemptTimer - VMX preemption timer                     = 0 (1)
00:00:02.096962   PostedInt - Posted interrupts                           = 0 (0)
00:00:02.096963   IntWindowExit - Interrupt-window exiting                = 0 (1)
00:00:02.096963   TscOffsetting - TSC offsetting                          = 0 (1)
00:00:02.096964   HltExit - HLT exiting                                   = 0 (1)
00:00:02.096965   InvlpgExit - INVLPG exiting                             = 0 (1)
00:00:02.096966   MwaitExit - MWAIT exiting                               = 0 (1)
00:00:02.096967   RdpmcExit - RDPMC exiting                               = 0 (1)
00:00:02.096968   RdtscExit - RDTSC exiting                               = 0 (1)
00:00:02.096970   Cr3LoadExit - CR3-load exiting                          = 0 (1)
00:00:02.096971   Cr3StoreExit - CR3-store exiting                        = 0 (1)
00:00:02.096971   TertiaryExecCtls - Activate tertiary controls           = 0 (0)
00:00:02.096972   Cr8LoadExit  - CR8-load exiting                         = 0 (1)
00:00:02.096973   Cr8StoreExit - CR8-store exiting                        = 0 (1)
00:00:02.096975   UseTprShadow - Use TPR shadow                           = 0 (1)
00:00:02.096976   NmiWindowExit - NMI-window exiting                      = 0 (1)
00:00:02.096977   MovDRxExit - Mov-DR exiting                             = 0 (1)
00:00:02.096979   UncondIoExit - Unconditional I/O exiting                = 0 (1)
00:00:02.096980   UseIoBitmaps - Use I/O bitmaps                          = 0 (1)
00:00:02.096981   MonitorTrapFlag - Monitor Trap Flag                     = 0 (1)
00:00:02.096982   UseMsrBitmaps - MSR bitmaps                             = 0 (1)
00:00:02.096983   MonitorExit - MONITOR exiting                           = 0 (1)
00:00:02.096984   PauseExit - PAUSE exiting                               = 0 (1)
00:00:02.096985   SecondaryExecCtl - Activate secondary controls          = 0 (1)
00:00:02.096986   VirtApic - Virtualize-APIC accesses                     = 0 (1)
00:00:02.096987   Ept - Extended Page Tables                              = 0 (1)
00:00:02.096988   DescTableExit - Descriptor-table exiting                = 0 (1)
00:00:02.096989   Rdtscp - Enable RDTSCP                                  = 0 (1)
00:00:02.096990   VirtX2ApicMode - Virtualize-x2APIC mode                 = 0 (1)
00:00:02.096990   Vpid - Enable VPID                                      = 0 (1)
00:00:02.096991   WbinvdExit - WBINVD exiting                             = 0 (1)
00:00:02.096991   UnrestrictedGuest - Unrestricted guest                  = 0 (1)
00:00:02.096992   ApicRegVirt - APIC-register virtualization              = 0 (0)
00:00:02.096993   VirtIntDelivery - Virtual-interrupt delivery            = 0 (0)
00:00:02.096993   PauseLoopExit - PAUSE-loop exiting                      = 0 (1)
00:00:02.096994   RdrandExit - RDRAND exiting                             = 0 (1)
00:00:02.096994   Invpcid - Enable INVPCID                                = 0 (1)
00:00:02.096995   VmFuncs - Enable VM Functions                           = 0 (1)
00:00:02.096995   VmcsShadowing - VMCS shadowing                          = 0 (0)
00:00:02.096996   RdseedExiting - RDSEED exiting                          = 0 (0)
00:00:02.096997   PML - Page-Modification Log                             = 0 (0)
00:00:02.096997   EptVe - EPT violations can cause #VE                    = 0 (0)
00:00:02.096998   ConcealVmxFromPt - Conceal VMX from Processor Trace     = 0 (0)
00:00:02.096999   XsavesXRstors - Enable XSAVES/XRSTORS                   = 0 (0)
00:00:02.096999   PasidTranslate - PASID translation                      = 0 (0)
00:00:02.097000   ModeBasedExecuteEpt - Mode-based execute permissions    = 0 (0)
00:00:02.097001   SppEpt - Sub-page page write permissions for EPT        = 0 (0)
00:00:02.097001   PtEpt - Processor Trace address' translatable by EPT    = 0 (0)
00:00:02.097002   UseTscScaling - Use TSC scaling                         = 0 (0)
00:00:02.097002   UserWaitPause - Enable TPAUSE, UMONITOR and UMWAIT      = 0 (0)
00:00:02.097003   Pconfig - Enable PCONFIG                                = 0 (0)
00:00:02.097004   EnclvExit - ENCLV exiting                               = 0 (0)
00:00:02.097005   BusLockDetect - VMM Bus-Lock detection                  = 0 (0)
00:00:02.097005   InstrTimeout - Instruction timeout                      = 0 (0)
00:00:02.097006   LoadIwKeyExit - LOADIWKEY exiting                       = 0 (0)
00:00:02.097007   HLAT - Hypervisor-managed linear-address translation    = 0 (0)
00:00:02.097007   EptPagingWrite - EPT paging-write                       = 0 (0)
00:00:02.097008   GstPagingVerify - Guest-paging verification             = 0 (0)
00:00:02.097008   IpiVirt - IPI virtualization                            = 0 (0)
00:00:02.097010   VirtSpecCtrl - Virtualize IA32_SPEC_CTRL                = 0 (0)
00:00:02.097010   EntryLoadDebugCtls - Load debug controls on VM-entry    = 0 (1)
00:00:02.097011   Ia32eModeGuest - IA-32e mode guest                      = 0 (1)
00:00:02.097011   EntryLoadEferMsr - Load IA32_EFER MSR on VM-entry       = 0 (1)
00:00:02.097012   EntryLoadPatMsr - Load IA32_PAT MSR on VM-entry         = 0 (1)
00:00:02.097013   ExitSaveDebugCtls - Save debug controls on VM-exit      = 0 (1)
00:00:02.097013   HostAddrSpaceSize - Host address-space size             = 0 (1)
00:00:02.097014   ExitAckExtInt - Acknowledge interrupt on VM-exit        = 0 (1)
00:00:02.097015   ExitSavePatMsr - Save IA32_PAT MSR on VM-exit           = 0 (1)
00:00:02.097016   ExitLoadPatMsr - Load IA32_PAT MSR on VM-exit           = 0 (1)
00:00:02.097017   ExitSaveEferMsr - Save IA32_EFER MSR on VM-exit         = 0 (1)
00:00:02.097018   ExitLoadEferMsr - Load IA32_EFER MSR on VM-exit         = 0 (1)
00:00:02.097019   SavePreemptTimer - Save VMX-preemption timer            = 0 (1)
00:00:02.097019   SecondaryExitCtls - Secondary VM-exit controls          = 0 (0)
00:00:02.097021   ExitSaveEferLma - Save IA32_EFER.LMA on VM-exit         = 0 (1)
00:00:02.097022   IntelPt - Intel Processor Trace in VMX operation        = 0 (0)
00:00:02.097023   VmwriteAll - VMWRITE to any supported VMCS field        = 0 (1)
00:00:02.097024   EntryInjectSoftInt - Inject softint. with 0-len instr.  = 0 (0)
00:00:02.097026 
00:00:02.097026 ******************* End of VT-x features ********************
00:00:02.097377 VMEmt: Halt method global1 (5)
00:00:02.097867 VMEmt: HaltedGlobal1 config: cNsSpinBlockThresholdCfg=2000
00:00:02.097942 Changing the VM state from 'CREATING' to 'CREATED'
00:00:02.113884 NAT: DNS settings changed, triggering update
00:00:02.114061 Nameserver is either on 127/8 network or failed to obtain from host. Falling back to libslirp DNS proxy.
00:00:02.114100 fallback virtual nameserver: 50462730Changing the VM state from 'CREATED' to 'LOADING'
00:00:02.117799 SSM: File header: Format 2.0, VirtualBox Version 7.2.8 r173730, 64-bit host, cbGCPhys=8, cbGCPtr=8
00:00:02.119804 SSM: Saved state info:
00:00:02.119843 SSM:   Build Type: release
00:00:02.119850 SSM:   Host OS: linux.amd64
00:00:02.119991 PCI:    PIIX3/0: register 60: 80 -> 0b
00:00:02.120000 PCI:    PIIX3/0: register 61: 00 -> 0a
00:00:02.120004 PCI:    PIIX3/0: register 62: 00 -> 09
00:00:02.120007 PCI:    PIIX3/0: register 63: 00 -> 0b
00:00:02.120014 PCI:      vga/0: 32-bit field BASE_ADDRESS_0: 8 -> e0000008
00:00:02.120019 PCI:      vga/0: 32-bit field BASE_ADDRESS_1: 1 -> d001
00:00:02.120023 PCI:      vga/0: 32-bit field BASE_ADDRESS_2: 0 -> f0000000
00:00:02.120026 PCI:      vga/0:  8-bit field INTERRUPT_LINE: 0 -> a
00:00:02.120030 PCI:      vga/0: 16-bit field COMMAND: 0 -> 3
00:00:02.122118 PCI:    e1000/0: 32-bit field BASE_ADDRESS_0: 0 -> f0200000
00:00:02.122137 PCI:    e1000/0: 32-bit field BASE_ADDRESS_2: 1 -> d011
00:00:02.122140 PCI:    e1000/0:  8-bit field INTERRUPT_LINE: 0 -> 9
00:00:02.122144 PCI:    e1000/0: 16-bit field COMMAND: 0 -> 3
00:00:02.122162 PCI:   VMMDev/0: 32-bit field BASE_ADDRESS_0: 1 -> d021
00:00:02.122166 PCI:   VMMDev/0: 32-bit field BASE_ADDRESS_1: 0 -> f0400000
00:00:02.122169 PCI:   VMMDev/0: 32-bit field BASE_ADDRESS_2: 8 -> f0800008
00:00:02.122173 PCI:   VMMDev/0:  8-bit field INTERRUPT_LINE: 0 -> b
00:00:02.122176 PCI:   VMMDev/0: 16-bit field COMMAND: 0 -> 3
00:00:02.122191 PCI:      hda/0: 32-bit field BASE_ADDRESS_0: 0 -> f0804000
00:00:02.122196 PCI:      hda/0:  8-bit field INTERRUPT_LINE: 0 -> b
00:00:02.122199 PCI:      hda/0: 16-bit field COMMAND: 0 -> 2
00:00:02.122216 PCI: usb-xhci/0: 32-bit field BASE_ADDRESS_0: 0 -> f0810000
00:00:02.122220 PCI: usb-xhci/0:  8-bit field INTERRUPT_LINE: 0 -> b
00:00:02.122223 PCI: usb-xhci/0: 16-bit field COMMAND: 0 -> 2
00:00:02.122235 PCI:     ahci/0: 32-bit field BASE_ADDRESS_0: 1 -> d041
00:00:02.122238 PCI:     ahci/0: 32-bit field BASE_ADDRESS_1: 1 -> d049
00:00:02.122241 PCI:     ahci/0: 32-bit field BASE_ADDRESS_2: 1 -> d051
00:00:02.122244 PCI:     ahci/0: 32-bit field BASE_ADDRESS_3: 1 -> d059
00:00:02.122248 PCI:     ahci/0: 32-bit field BASE_ADDRESS_4: 1 -> d061
00:00:02.122251 PCI:     ahci/0: 32-bit field BASE_ADDRESS_5: 0 -> f0820000
00:00:02.122254 PCI:     ahci/0:  8-bit field INTERRUPT_LINE: 0 -> b
00:00:02.122257 PCI:     ahci/0: 16-bit field COMMAND: 0 -> 7
00:00:02.232287 TM: cTSCTicksPerSecond=0x88c63137 (2 294 690 103) enmTSCMode=3 (Dynamic) (state load)
00:00:02.232451 PIT: mode=2 count=0x10000 (65536) - 18.20 Hz (ch=0) (restore)
00:00:02.232475 RTC: Stopped the periodic timer (restore)
00:00:02.232670 HGCM: Restoring [VBoxGuestPropSvc]
00:00:02.232688 HGCM: Restoring [VBoxGuestControlSvc]
00:00:02.232692 HGCM: Restoring [VBoxSharedFolders]
00:00:02.232695 HGCM: Restoring [VBoxDragAndDropSvc]
00:00:02.232698 HGCM: Restoring [VBoxSharedClipboard]
00:00:02.233087 GUI: UISession::sltAdditionsChange: GA state doesn't really changed, still notifying listeners.
00:00:02.233113 GUI: UIMachineLogicNormal::sltCheckForRequestedVisualStateType: Requested-state=1, Machine-state=14
00:00:02.235878 E1000#0: Interrupt attempts: 0
00:00:02.235885 E1000#0: Interrupts raised : 0
00:00:02.235887 E1000#0: Interrupts lowered: 0
00:00:02.235889 E1000#0: ICR outside ISR   : 0
00:00:02.235892 E1000#0: IMS raised ints   : 0
00:00:02.235894 E1000#0: Interrupts skipped: 0
00:00:02.235896 E1000#0: Masked interrupts : 0
00:00:02.235898 E1000#0: Early interrupts  : 0
00:00:02.235901 E1000#0: Late interrupts   : 0
00:00:02.235903 E1000#0: Lost interrupts   : 0
00:00:02.235905 E1000#0: Interrupts by RX  : 0
00:00:02.235907 E1000#0: Interrupts by TX  : 0
00:00:02.235910 E1000#0: Interrupts by ICS : 0
00:00:02.235912 E1000#0: Interrupts by RDTR: 0
00:00:02.235914 E1000#0: Interrupts by RDMT: 0
00:00:02.235916 E1000#0: Interrupts by TXQE: 0
00:00:02.235919 E1000#0: TX int delay asked: 0
00:00:02.235921 E1000#0: TX delayed:         0
00:00:02.235923 E1000#0: TX delay expired:   0
00:00:02.235925 E1000#0: TX no report asked: 0
00:00:02.235927 E1000#0: TX abs timer expd : 0
00:00:02.235930 E1000#0: TX int timer expd : 0
00:00:02.235932 E1000#0: RX abs timer expd : 0
00:00:02.235934 E1000#0: RX int timer expd : 0
00:00:02.235936 E1000#0: TX CTX descriptors: 0
00:00:02.235939 E1000#0: TX DAT descriptors: 0
00:00:02.235941 E1000#0: TX LEG descriptors: 0
00:00:02.235943 E1000#0: Received frames   : 0
00:00:02.235945 E1000#0: Transmitted frames: 0
00:00:02.235948 E1000#0: TX frames up to 1514: 0
00:00:02.235950 E1000#0: TX frames up to 2962: 0
00:00:02.235952 E1000#0: TX frames up to 4410: 0
00:00:02.235954 E1000#0: TX frames up to 5858: 0
00:00:02.235957 E1000#0: TX frames up to 7306: 0
00:00:02.235959 E1000#0: TX frames up to 8754: 0
00:00:02.235962 E1000#0: TX frames up to 16384: 0
00:00:02.235964 E1000#0: TX frames up to 32768: 0
00:00:02.235966 E1000#0: Larger TX frames    : 0
00:00:02.235968 E1000#0: Max TX Delay        : 0
00:00:02.235984 Audio Mixer: MUTING sink 'HDA Mixer/PCM Output' -- channel volumes: 00 00 00 00 00 00 00 00 00 00 00 00
00:00:02.235990 Audio Mixer: MUTING sink 'HDA Mixer/Line In' -- channel volumes: 00 00 00 00 00 00 00 00 00 00 00 00
00:00:02.237731 Changing the VM state from 'LOADING' to 'SUSPENDED'
00:00:02.238484 Changing the VM state from 'SUSPENDED' to 'RESUMING'
00:00:02.239942 Changing the VM state from 'RESUMING' to 'RUNNING'
00:00:02.239982 Console: Machine state changed to 'Running'
00:00:02.487597 GUI: UIMachineViewNormal::adjustGuestScreenSize: Adjust guest-screen size if necessary
00:00:02.509799 GUI: UIMachineLogicNormal::sltCheckForRequestedVisualStateType: Requested-state=1, Machine-state=6
00:00:02.625776 VUSB: Attached 'HidMouse' to port 1 on RootHub#1 (FullSpeed)
00:00:13.107480 GUI: UIMediumEnumerator: Medium-enumeration finished!
00:00:19.536658 GUI: UIMediumEnumerator: Medium-enumeration finished!
00:00:24.420580 GUI: UIMediumEnumerator: Medium-enumeration finished!
00:00:27.332145 GUI: UIMediumEnumerator: Medium-enumeration finished!
00:11:24.429449 Changing the VM state from 'RUNNING' to 'SUSPENDING'
00:11:24.507097 AIOMgr: Endpoint for file '/home/gekko/Documents/Estudos/VM-VirtualBox/Clones/Clones/windowa Clone/Snapshots/{91fcb8c0-32d1-4390-a753-2698b683f59a}.vdi' (flags 000c0781) created successfully
00:11:24.530012 PDMR3Suspend: 100 510 729 ns run time
00:11:24.530060 Changing the VM state from 'SUSPENDING' to 'SUSPENDED'
00:11:24.530088 Console: Machine state changed to 'Paused'
00:11:32.382899 Console: Machine state changed to 'Stopping'
00:11:32.385840 Console::powerDown(): A request to power off the VM has been issued (mMachineState=Stopping, InUninit=0)
00:11:32.397260 Changing the VM state from 'SUSPENDED' to 'POWERING_OFF'
00:11:32.397428 ****************** Guest state at power off for VCpu 0 ******************
00:11:32.397465 Guest CPUM (VCPU 0) state: 
00:11:32.397476 eax=00000000 ebx=00000133 ecx=0000f000 edx=0000040f esi=00000000 edi=0000fff0
00:11:32.397479 eip=0000f0ac esp=000077f8 ebp=000077f8 iopl=0  iopl=0 nv up ei pl zr na po nc
00:11:32.397485 cs={f000 base=00000000000f0000 limit=0000ffff flags=0000009b} dr0=00000000 dr1=00000000
00:11:32.397496 ds={f000 base=00000000000f0000 limit=0000ffff flags=00000093} dr2=00000000 dr3=00000000
00:11:32.397500 es={f000 base=00000000000f0000 limit=0000ffff flags=00000093} dr4=00000000 dr5=00000000
00:11:32.397502 fs={0000 base=0000000000000000 limit=0000ffff flags=00000093} dr6=ffff0ff0 dr7=00000400
00:11:32.397506 gs={0000 base=0000000000000000 limit=0000ffff flags=00000093} cr0=00000010 cr2=00000000
00:11:32.397510 ss={0000 base=0000000000000000 limit=0000ffff flags=00000093} cr3=00000000 cr4=00000000
00:11:32.397514 gdtr=00000000000fe89f:0047  idtr=0000000000000000:ffff  eflags=00200246
00:11:32.397519 ldtr={0000 base=00000000 limit=0000ffff flags=00000082}
00:11:32.397521 tr  ={0000 base=00000000 limit=0000ffff flags=0000008b}
00:11:32.397522 SysEnter={cs=0000 eip=00000000 esp=00000000}
00:11:32.397527 xcr=0000000000000001 xcr1=0000000000000000 xss=0000000000000000 (fXStateMask=0000000000000000)
00:11:32.397532 FCW=037f FSW=0000 FTW=0000 FOP=0000 MXCSR=00001f80 MXCSR_MASK=0000ffff
00:11:32.397534 FPUIP=00000000 CS=0000 Rsrvd1=0000  FPUDP=00000000 DS=0000 Rsvrd2=0000
00:11:32.397538 ST(0)=FPR0={0000'00000000'00000000} t0 +0.0000000000000000000000 * 2 ^ -16383 (*)
00:11:32.397547 ST(1)=FPR1={0000'00000000'00000000} t0 +0.0000000000000000000000 * 2 ^ -16383 (*)
00:11:32.397552 ST(2)=FPR2={0000'00000000'00000000} t0 +0.0000000000000000000000 * 2 ^ -16383 (*)
00:11:32.397555 ST(3)=FPR3={0000'00000000'00000000} t0 +0.0000000000000000000000 * 2 ^ -16383 (*)
00:11:32.397557 ST(4)=FPR4={0000'00000000'00000000} t0 +0.0000000000000000000000 * 2 ^ -16383 (*)
00:11:32.397560 ST(5)=FPR5={0000'00000000'00000000} t0 +0.0000000000000000000000 * 2 ^ -16383 (*)
00:11:32.397563 ST(6)=FPR6={0000'00000000'00000000} t0 +0.0000000000000000000000 * 2 ^ -16383 (*)
00:11:32.397567 ST(7)=FPR7={0000'00000000'00000000} t0 +0.0000000000000000000000 * 2 ^ -16383 (*)
00:11:32.397572 XMM0 =00000000'00000000'00000000'00000000  XMM1 =00000000'00000000'00000000'00000000
00:11:32.397580 XMM2 =00000000'00000000'00000000'00000000  XMM3 =00000000'00000000'00000000'00000000
00:11:32.397584 XMM4 =00000000'00000000'00000000'00000000  XMM5 =00000000'00000000'00000000'00000000
00:11:32.397587 XMM6 =00000000'00000000'00000000'00000000  XMM7 =00000000'00000000'00000000'00000000
00:11:32.397592 XMM8 =00000000'00000000'00000000'00000000  XMM9 =00000000'00000000'00000000'00000000
00:11:32.397598 XMM10=00000000'00000000'00000000'00000000  XMM11=00000000'00000000'00000000'00000000
00:11:32.397602 XMM12=00000000'00000000'00000000'00000000  XMM13=00000000'00000000'00000000'00000000
00:11:32.397605 XMM14=00000000'00000000'00000000'00000000  XMM15=00000000'00000000'00000000'00000000
00:11:32.397612 EFER         =0000000000000000
00:11:32.397613 PAT          =0007040600070406
00:11:32.397615 STAR         =0000000000000000
00:11:32.397616 CSTAR        =0000000000000000
00:11:32.397617 LSTAR        =0000000000000000
00:11:32.397618 SFMASK       =0000000000000000
00:11:32.397620 KERNELGSBASE =0000000000000000
00:11:32.397622 MTRR_CAP          =0000000000000510
00:11:32.397622 MTRR_DEF_TYPE     =0000000000000c00
00:11:32.397624 MTRR_FIX64K_00000 =0606060606060606
00:11:32.397625 MTRR_FIX16K_80000 =0606060606060606
00:11:32.397626 MTRR_FIX16K_A0000 =0000000000000000
00:11:32.397627 MTRR_FIX4K_C0000  =0505050505050505
00:11:32.397628 MTRR_FIX4K_C8000  =0505050505050505
00:11:32.397630 MTRR_FIX4K_D0000  =0505050505050505
00:11:32.397631 MTRR_FIX4K_D8000  =0505050505050505
00:11:32.397632 MTRR_FIX4K_E0000  =0505050505050505
00:11:32.397633 MTRR_FIX4K_E8000  =0505050505050505
00:11:32.397635 MTRR_FIX4K_F0000  =0505050505050505
00:11:32.397637 MTRR_FIX4K_F8000  =0505050505050505
00:11:32.397639 MTRR_PHYSBASE[ 0] =0000000000000006 First=0000000000000000      0 MB [WB]
00:11:32.397644 MTRR_PHYSMASK[ 0] =0000007f80000800 Last =000000007fffffff   2047 MB [2048 MB]
00:11:32.397648 MTRR_PHYSBASE[ 1] =0000000000000000
00:11:32.397649 MTRR_PHYSMASK[ 1] =0000000000000000
00:11:32.397652 MTRR_PHYSBASE[ 2] =0000000000000000
00:11:32.397653 MTRR_PHYSMASK[ 2] =0000000000000000
00:11:32.397654 MTRR_PHYSBASE[ 3] =0000000000000000
00:11:32.397656 MTRR_PHYSMASK[ 3] =0000000000000000
00:11:32.397658 MTRR_PHYSBASE[ 4] =0000000000000000
00:11:32.397660 MTRR_PHYSMASK[ 4] =0000000000000000
00:11:32.397662 MTRR_PHYSBASE[ 5] =0000000000000000
00:11:32.397662 MTRR_PHYSMASK[ 5] =0000000000000000
00:11:32.397665 MTRR_PHYSBASE[ 6] =0000000000000000
00:11:32.397666 MTRR_PHYSMASK[ 6] =0000000000000000
00:11:32.397667 MTRR_PHYSBASE[ 7] =0000000000000000
00:11:32.397668 MTRR_PHYSMASK[ 7] =0000000000000000
00:11:32.397669 MTRR_PHYSBASE[ 8] =0000000000000000
00:11:32.397669 MTRR_PHYSMASK[ 8] =0000000000000000
00:11:32.397670 MTRR_PHYSBASE[ 9] =0000000000000000
00:11:32.397671 MTRR_PHYSMASK[ 9] =0000000000000000
00:11:32.397672 MTRR_PHYSBASE[10] =0000000000000000
00:11:32.397673 MTRR_PHYSMASK[10] =0000000000000000
00:11:32.397675 MTRR_PHYSBASE[11] =0000000000000000
00:11:32.397676 MTRR_PHYSMASK[11] =0000000000000000
00:11:32.397677 MTRR_PHYSBASE[12] =0000000000000000
00:11:32.397678 MTRR_PHYSMASK[12] =0000000000000000
00:11:32.397679 MTRR_PHYSBASE[13] =0000000000000000
00:11:32.397680 MTRR_PHYSMASK[13] =0000000000000000
00:11:32.397681 MTRR_PHYSBASE[14] =0000000000000000
00:11:32.397682 MTRR_PHYSMASK[14] =0000000000000000
00:11:32.397685 MTRR_PHYSBASE[15] =0000000000000000
00:11:32.397686 MTRR_PHYSMASK[15] =0000000000000000
00:11:32.397696 ***
00:11:32.397708 VCPU[0] hardware virtualization state:
00:11:32.397712 fSavedInhibit                = 0x0
00:11:32.397713 In nested-guest hwvirt mode  = false
00:11:32.397719 Hwvirt state disabled.
00:11:32.397720 ***
00:11:32.397781 Guest paging mode (VCPU #0):  Real (changed 3 times), A20 disabled (changed 0 times)
00:11:32.397787 Guest SLAT mode (VCPU #0): Direct
00:11:32.397790 Shadow paging mode (VCPU #0): EPT
00:11:32.397791 Host paging mode:             AMD64+G+NX
00:11:32.397795 ***
00:11:32.397802 Active Timers (pVM=000079dde04c8000)
00:11:32.397803 pTimerR3         offNext  offPrev  offSched Clock               Time             Expire HzHint State                     Description
00:11:32.397816 000079ddf0013180 00000007 ffffffff ffffffff Real            15092960           15084984      0 2-ACTIVE                  VGA Refresh
00:11:32.397827 000079ddf0013380 ffffffff 00000003 ffffffff Real            15092960           15085461      0 2-ACTIVE                  CPU Load Timer
00:11:32.397839 000079dde36a2100 00000004 ffffffff ffffffff VrSy        729573760207       729628628844     18 2-ACTIVE                  i8254 PIT
00:11:32.397844 000079dde36a2200 0000000e 00000002 ffffffff VrSy        729573760207       729990000000      0 2-ACTIVE                  MC146818 RTC Second
00:11:32.397850 000079dde36a2700 ffffffff 00000004 ffffffff VrSy        729573760207      1199864032063      0 2-ACTIVE                  ACPI PM
00:11:32.397857 ***
00:11:32.397870 Guest GDT (GCAddr=00000000000fe89f limit=47):
00:11:32.397899 0010 - 0000ffff 00cf9b00 - base=00000000 limit=ffffffff dpl=0 CodeER Accessed Present Page 32-bit 
00:11:32.397904 0018 - 0000ffff 00cf9300 - base=00000000 limit=ffffffff dpl=0 DataRW Accessed Present Page 32-bit 
00:11:32.397908 0020 - 0000ffff 00009b0f - base=000f0000 limit=0000ffff dpl=0 CodeER Accessed Present 16-bit 
00:11:32.397912 0028 - 0000ffff 00009300 - base=00000000 limit=0000ffff dpl=0 DataRW Accessed Present 16-bit 
00:11:32.397919 0040 - 0400ffff 00009300 - base=00000400 limit=0000ffff dpl=0 DataRW Accessed Present 16-bit 
00:11:32.397923 ************** End of Guest state at power off ***************
00:11:32.398575 PDMR3PowerOff: 505 029 ns run time
00:11:32.398610 Changing the VM state from 'POWERING_OFF' to 'OFF'
00:11:32.405865 Changing the VM state from 'OFF' to 'DESTROYING'
00:11:32.406338 ************************* Statistics *************************
00:11:32.406429 /CPUM/MSR-Totals/Reads                             0 times
00:11:32.407065 /CPUM/MSR-Totals/ReadsRaisingGP                    0 times
00:11:32.407149 /CPUM/MSR-Totals/ReadsUnknown                      0 times
00:11:32.407169 /CPUM/MSR-Totals/Writes                            0 times
00:11:32.407265 /CPUM/MSR-Totals/WritesRaisingGP                   0 times
00:11:32.407292 /CPUM/MSR-Totals/WritesToIgnoredBits               0 times
00:11:32.407309 /CPUM/MSR-Totals/WritesUnknown                     0 times
00:11:32.407335 /CPUM/cpu0/GuestFpuLoad                        12444 calls
00:11:32.407371 /Devices/8237A/DmaRun                              0 ticks/call (           0 ticks,       0 calls, max         0, min      -1)
00:11:32.407394 /Devices/VMMDev/BalloonChunks                      0 count
00:11:32.407400 /Devices/VMMDev/FastIrqAckR3                       0 count
00:11:32.407404 /Devices/VMMDev/FastIrqAckRZ                       0 count
00:11:32.407410 /Devices/VMMDev/HGCM-Kernel/BudgetAvailable 166538581 bytes
00:11:32.407415 /Devices/VMMDev/HGCM-Kernel/BudgetConfig   166538581 bytes
00:11:32.407419 /Devices/VMMDev/HGCM-Kernel/BudgetOverruns         0 bytes
00:11:32.407424 /Devices/VMMDev/HGCM-Kernel/MessageHeapUsage         0 bytes/call (           0 bytes,       0 calls, max         0, min      -1)
00:11:32.407430 /Devices/VMMDev/HGCM-Root/BudgetAvailable  166538581 bytes
00:11:32.407434 /Devices/VMMDev/HGCM-Root/BudgetConfig     166538581 bytes
00:11:32.407439 /Devices/VMMDev/HGCM-Root/BudgetOverruns           0 bytes
00:11:32.407443 /Devices/VMMDev/HGCM-Root/MessageHeapUsage         0 bytes/call (           0 bytes,       0 calls, max         0, min      -1)
00:11:32.407448 /Devices/VMMDev/HGCM-User/BudgetAvailable  166538581 bytes
00:11:32.407453 /Devices/VMMDev/HGCM-User/BudgetConfig     166538581 bytes
00:11:32.407457 /Devices/VMMDev/HGCM-User/BudgetOverruns           0 bytes
00:11:32.407461 /Devices/VMMDev/HGCM-User/MessageHeapUsage         0 bytes/call (           0 bytes,       0 calls, max         0, min      -1)
00:11:32.407467 /Devices/VMMDev/LargeReqBufAllocs                  0 count
00:11:32.407472 /Devices/VMMDev/SlowIrqAck                         0 count
00:11:32.407477 /Devices/apic/0                                    0 times
00:11:32.407538 /Devices/e1000#0/ReceiveBytes                      0 bytes
00:11:32.407547 /Devices/e1000#0/TransmitBytes                     0 bytes
00:11:32.407552 /Devices/e1000#0/iStatIntLost                      0 ns
00:11:32.407557 /Devices/e1000#0/iStatIntLostOne                   0 ns
00:11:32.407562 /Devices/e1000#0/u64ArmedAt                        0 ns
00:11:32.407566 /Devices/e1000#0/uStatDescCtx                      0 ns
00:11:32.407571 /Devices/e1000#0/uStatDescDat                      0 ns
00:11:32.407575 /Devices/e1000#0/uStatDescLeg                      0 ns
00:11:32.407579 /Devices/e1000#0/uStatInt                          0 ns
00:11:32.407584 /Devices/e1000#0/uStatIntEarly                     0 ns
00:11:32.407588 /Devices/e1000#0/uStatIntICS                       0 ns
00:11:32.407593 /Devices/e1000#0/uStatIntIMS                       0 ns
00:11:32.407597 /Devices/e1000#0/uStatIntLate                      0 ns
00:11:32.407601 /Devices/e1000#0/uStatIntLower                     0 ns
00:11:32.407605 /Devices/e1000#0/uStatIntMasked                    0 ns
00:11:32.407679 /Devices/e1000#0/uStatIntRDTR                      0 ns
00:11:32.407689 /Devices/e1000#0/uStatIntRXDMT0                    0 ns
00:11:32.407694 /Devices/e1000#0/uStatIntRx                        0 ns
00:11:32.407699 /Devices/e1000#0/uStatIntSkip                      0 ns
00:11:32.407703 /Devices/e1000#0/uStatIntTXQE                      0 ns
00:11:32.407708 /Devices/e1000#0/uStatIntTry                       0 ns
00:11:32.407712 /Devices/e1000#0/uStatIntTx                        0 ns
00:11:32.407717 /Devices/e1000#0/uStatMaxTxDelay                   0 ns
00:11:32.407748 /Devices/e1000#0/uStatNoIntICR                     0 ns
00:11:32.407770 /Devices/e1000#0/uStatRAD                          0 ns
00:11:32.407775 /Devices/e1000#0/uStatRID                          0 ns
00:11:32.407779 /Devices/e1000#0/uStatRxFrm                        0 ns
00:11:32.407782 /Devices/e1000#0/uStatTAD                          0 ns
00:11:32.407786 /Devices/e1000#0/uStatTID                          0 ns
00:11:32.407819 /Devices/e1000#0/uStatTx1514                       0 ns
00:11:32.407826 /Devices/e1000#0/uStatTx16384                      0 ns
00:11:32.407831 /Devices/e1000#0/uStatTx2962                       0 ns
00:11:32.407835 /Devices/e1000#0/uStatTx32768                      0 ns
00:11:32.407841 /Devices/e1000#0/uStatTx4410                       0 ns
00:11:32.407846 /Devices/e1000#0/uStatTx5858                       0 ns
00:11:32.407852 /Devices/e1000#0/uStatTx7306                       0 ns
00:11:32.407859 /Devices/e1000#0/uStatTx8754                       0 ns
00:11:32.407864 /Devices/e1000#0/uStatTxDelayExp                   0 ns
00:11:32.407869 /Devices/e1000#0/uStatTxDelayed                    0 ns
00:11:32.407874 /Devices/e1000#0/uStatTxFrm                        0 ns
00:11:32.407878 /Devices/e1000#0/uStatTxIDE                        0 ns
00:11:32.407884 /Devices/e1000#0/uStatTxLarge                      0 ns
00:11:32.407890 /Devices/e1000#0/uStatTxNoRS                       0 ns
00:11:32.407898 /Devices/hda/Codec/LookupsR0                       0 times
00:11:32.408061 /Devices/mc146818/Irq                              0 times
00:11:32.408083 /Devices/mc146818/IrqClear                         0 times
00:11:32.408091 /Devices/mc146818/PiActive                         0 ticks/call (           0 ticks,       0 calls, max         0, min      -1)
00:11:32.408099 /Devices/mc146818/PieFlip                          0 times
00:11:32.408104 /Devices/mc146818/TimerCB                          0 times
00:11:32.408109 /Devices/vga/HgmsiMdaCgaAccesses                   0 times
00:11:32.408114 /Devices/vga/VMSVGA/Cmd/3dActivateSurface          0 times
00:11:32.408118 /Devices/vga/VMSVGA/Cmd/3dBeginQuery               0 times
00:11:32.408122 /Devices/vga/VMSVGA/Cmd/3dBlitSurfaceToScreenProf         0 ticks/call (           0 ticks,       0 calls, max         0, min      -1)
00:11:32.408128 /Devices/vga/VMSVGA/Cmd/3dClear                    0 times
00:11:32.408133 /Devices/vga/VMSVGA/Cmd/3dContextDefine            0 times
00:11:32.408137 /Devices/vga/VMSVGA/Cmd/3dContextDestroy           0 times
00:11:32.408141 /Devices/vga/VMSVGA/Cmd/3dDeactivateSurface         0 times
00:11:32.408145 /Devices/vga/VMSVGA/Cmd/3dDrawPrimitives           0 times
00:11:32.408148 /Devices/vga/VMSVGA/Cmd/3dEndQuery                 0 times
00:11:32.408151 /Devices/vga/VMSVGA/Cmd/3dGenerateMipmaps          0 times
00:11:32.408155 /Devices/vga/VMSVGA/Cmd/3dPresent                  0 times
00:11:32.408157 /Devices/vga/VMSVGA/Cmd/3dPresentReadBack          0 times
00:11:32.408160 /Devices/vga/VMSVGA/Cmd/3dSetClipPlane             0 times
00:11:32.408164 /Devices/vga/VMSVGA/Cmd/3dSetLightData             0 times
00:11:32.408167 /Devices/vga/VMSVGA/Cmd/3dSetLightEnable           0 times
00:11:32.408170 /Devices/vga/VMSVGA/Cmd/3dSetMaterial              0 times
00:11:32.408174 /Devices/vga/VMSVGA/Cmd/3dSetRenderState           0 times
00:11:32.408179 /Devices/vga/VMSVGA/Cmd/3dSetRenderTarget          0 times
00:11:32.408183 /Devices/vga/VMSVGA/Cmd/3dSetScissorRect           0 times
00:11:32.408186 /Devices/vga/VMSVGA/Cmd/3dSetShader                0 times
00:11:32.408190 /Devices/vga/VMSVGA/Cmd/3dSetShaderConst           0 times
00:11:32.408193 /Devices/vga/VMSVGA/Cmd/3dSetTextureState          0 times
00:11:32.408195 /Devices/vga/VMSVGA/Cmd/3dSetTransform             0 times
00:11:32.408198 /Devices/vga/VMSVGA/Cmd/3dSetViewPort              0 times
00:11:32.408201 /Devices/vga/VMSVGA/Cmd/3dSetZRange                0 times
00:11:32.408204 /Devices/vga/VMSVGA/Cmd/3dShaderDefine             0 times
00:11:32.408207 /Devices/vga/VMSVGA/Cmd/3dShaderDestroy            0 times
00:11:32.408210 /Devices/vga/VMSVGA/Cmd/3dSurfaceCopy              0 times
00:11:32.408213 /Devices/vga/VMSVGA/Cmd/3dSurfaceDefine            0 times
00:11:32.408216 /Devices/vga/VMSVGA/Cmd/3dSurfaceDefineV2          0 times
00:11:32.408218 /Devices/vga/VMSVGA/Cmd/3dSurfaceDestroy           0 times
00:11:32.408221 /Devices/vga/VMSVGA/Cmd/3dSurfaceDma               0 times
00:11:32.408249 /Devices/vga/VMSVGA/Cmd/3dSurfaceScreen            0 times
00:11:32.408252 /Devices/vga/VMSVGA/Cmd/3dSurfaceStretchBlt         0 times
00:11:32.408255 /Devices/vga/VMSVGA/Cmd/3dWaitForQuery             0 times
00:11:32.408258 /Devices/vga/VMSVGA/Cmd/AnnotationCopy             0 times
00:11:32.408261 /Devices/vga/VMSVGA/Cmd/AnnotationFill             0 times
00:11:32.408264 /Devices/vga/VMSVGA/Cmd/BlitGmrFbToScreen          0 times
00:11:32.408266 /Devices/vga/VMSVGA/Cmd/BlitScreentoGmrFb          0 times
00:11:32.408269 /Devices/vga/VMSVGA/Cmd/DefineAlphaCursor          0 times
00:11:32.408272 /Devices/vga/VMSVGA/Cmd/DefineCursor               0 times
00:11:32.408275 /Devices/vga/VMSVGA/Cmd/DefineGmr2                 0 times
00:11:32.408278 /Devices/vga/VMSVGA/Cmd/DefineGmr2/Free            0 times
00:11:32.408280 /Devices/vga/VMSVGA/Cmd/DefineGmr2/Modify          0 times
00:11:32.408283 /Devices/vga/VMSVGA/Cmd/DefineGmrFb                0 times
00:11:32.408286 /Devices/vga/VMSVGA/Cmd/DefineScreen               0 times
00:11:32.408289 /Devices/vga/VMSVGA/Cmd/DestroyScreen              0 times
00:11:32.408292 /Devices/vga/VMSVGA/Cmd/DisplayCursor              0 times
00:11:32.408295 /Devices/vga/VMSVGA/Cmd/Escape                     0 times
00:11:32.408298 /Devices/vga/VMSVGA/Cmd/Fence                      0 times
00:11:32.408301 /Devices/vga/VMSVGA/Cmd/InvalidCmd                 0 times
00:11:32.408304 /Devices/vga/VMSVGA/Cmd/MoveCursor                 0 times
00:11:32.408307 /Devices/vga/VMSVGA/Cmd/RectCopy                   0 times
00:11:32.408310 /Devices/vga/VMSVGA/Cmd/RectFill                   0 times
00:11:32.408313 /Devices/vga/VMSVGA/Cmd/RectRopCopy                0 times
00:11:32.408316 /Devices/vga/VMSVGA/Cmd/RemapGmr2                  0 times
00:11:32.408319 /Devices/vga/VMSVGA/Cmd/RemapGmr2/Modify           0 times
00:11:32.408322 /Devices/vga/VMSVGA/Cmd/Update                     0 times
00:11:32.408325 /Devices/vga/VMSVGA/Cmd/UpdateVerbose              0 times
00:11:32.408328 /Devices/vga/VMSVGA/EmtDelayOnBusyFifo             0 ticks/call (           0 ticks,       0 calls, max         0, min      -1)
00:11:32.408331 /Devices/vga/VMSVGA/FifoCommands                   0 times
00:11:32.408335 /Devices/vga/VMSVGA/FifoCursorFetchAgain           0 times
00:11:32.408337 /Devices/vga/VMSVGA/FifoCursorNoChange             0 times
00:11:32.408340 /Devices/vga/VMSVGA/FifoCursorPosition             0 times
00:11:32.408343 /Devices/vga/VMSVGA/FifoCursorVisiblity            0 times
00:11:32.408346 /Devices/vga/VMSVGA/FifoErrors                     0 times
00:11:32.408349 /Devices/vga/VMSVGA/FifoExtendedSleep      34034420647 ticks/call (1565583349784 ticks,      46 calls, max 35250921767, min   16768)
00:11:32.408354 /Devices/vga/VMSVGA/FifoStalls                     0 ticks/call (           0 ticks,       0 calls, max         0, min      -1)
00:11:32.408358 /Devices/vga/VMSVGA/FifoTodoTimeout                0 times
00:11:32.408361 /Devices/vga/VMSVGA/FifoTodoWoken                  0 times
00:11:32.408364 /Devices/vga/VMSVGA/FifoUnknownCommands            0 times
00:11:32.408367 /Devices/vga/VMSVGA/FifoWatchdogWakeUps            0 times
00:11:32.408374 /Devices/vga/VMSVGA/Reg/BitsPerPixelRead           0 times
00:11:32.408379 /Devices/vga/VMSVGA/Reg/BitsPerPixelWrite          0 times
00:11:32.408383 /Devices/vga/VMSVGA/Reg/BlueMaskRead               0 times
00:11:32.408387 /Devices/vga/VMSVGA/Reg/BusyRead                   0 times
00:11:32.408391 /Devices/vga/VMSVGA/Reg/BusyWrite                  0 times
00:11:32.408395 /Devices/vga/VMSVGA/Reg/BytesPerLineRead           0 times
00:11:32.408400 /Devices/vga/VMSVGA/Reg/CapabilitesRead            0 times
00:11:32.408404 /Devices/vga/VMSVGA/Reg/CmdPrependHighRead         0 times
00:11:32.408408 /Devices/vga/VMSVGA/Reg/CmdPrependHighWrite         0 times
00:11:32.408412 /Devices/vga/VMSVGA/Reg/CmdPrependLowRead          0 times
00:11:32.408417 /Devices/vga/VMSVGA/Reg/CmdPrependLowWrite         0 times
00:11:32.408421 /Devices/vga/VMSVGA/Reg/CommandHighRead            0 times
00:11:32.408434 /Devices/vga/VMSVGA/Reg/CommandHighWrite           0 times
00:11:32.408438 /Devices/vga/VMSVGA/Reg/CommandLowRead             0 times
00:11:32.408442 /Devices/vga/VMSVGA/Reg/CommandLowWrite            0 times
00:11:32.408446 /Devices/vga/VMSVGA/Reg/ConfigDoneRead             0 times
00:11:32.408450 /Devices/vga/VMSVGA/Reg/ConfigDoneWrite            0 times
00:11:32.408455 /Devices/vga/VMSVGA/Reg/CursorIdRead               0 times
00:11:32.408460 /Devices/vga/VMSVGA/Reg/CursorIdWrite              0 times
00:11:32.408464 /Devices/vga/VMSVGA/Reg/CursorMobIdWrite           0 times
00:11:32.408468 /Devices/vga/VMSVGA/Reg/CursorOnRead               0 times
00:11:32.408473 /Devices/vga/VMSVGA/Reg/CursorOnWrite              0 times
00:11:32.408477 /Devices/vga/VMSVGA/Reg/CursorXRead                0 times
00:11:32.408481 /Devices/vga/VMSVGA/Reg/CursorXWrite               0 times
00:11:32.408486 /Devices/vga/VMSVGA/Reg/CursorYRead                0 times
00:11:32.408491 /Devices/vga/VMSVGA/Reg/CursorYWrite               0 times
00:11:32.408496 /Devices/vga/VMSVGA/Reg/DepthRead                  0 times
00:11:32.408500 /Devices/vga/VMSVGA/Reg/DepthWrite                 0 times
00:11:32.408505 /Devices/vga/VMSVGA/Reg/DevCapRead                 0 times
00:11:32.408509 /Devices/vga/VMSVGA/Reg/DevCapWrite                0 times
00:11:32.408514 /Devices/vga/VMSVGA/Reg/DisplayHeightRead          0 times
00:11:32.408519 /Devices/vga/VMSVGA/Reg/DisplayHeightWrite         0 times
00:11:32.408524 /Devices/vga/VMSVGA/Reg/DisplayIdRead              0 times
00:11:32.408528 /Devices/vga/VMSVGA/Reg/DisplayIdWrite             0 times
00:11:32.408534 /Devices/vga/VMSVGA/Reg/DisplayIsPrimaryRead         0 times
00:11:32.408538 /Devices/vga/VMSVGA/Reg/DisplayIsPrimaryWrite         0 times
00:11:32.408543 /Devices/vga/VMSVGA/Reg/DisplayPositionXRead         0 times
00:11:32.408548 /Devices/vga/VMSVGA/Reg/DisplayPositionXWrite         0 times
00:11:32.408553 /Devices/vga/VMSVGA/Reg/DisplayPositionYRead         0 times
00:11:32.408557 /Devices/vga/VMSVGA/Reg/DisplayPositionYWrite         0 times
00:11:32.408562 /Devices/vga/VMSVGA/Reg/DisplayWidthRead           0 times
00:11:32.408567 /Devices/vga/VMSVGA/Reg/DisplayWidthWrite          0 times
00:11:32.408572 /Devices/vga/VMSVGA/Reg/EnableRead                 0 times
00:11:32.408577 /Devices/vga/VMSVGA/Reg/EnableWrite                0 times
00:11:32.408582 /Devices/vga/VMSVGA/Reg/FbOffsetRead               0 times
00:11:32.408588 /Devices/vga/VMSVGA/Reg/FbSizeRead                 0 times
00:11:32.408593 /Devices/vga/VMSVGA/Reg/FbStartRead                0 times
00:11:32.408598 /Devices/vga/VMSVGA/Reg/GBMemSizeRead              0 times
00:11:32.408603 /Devices/vga/VMSVGA/Reg/GmrDescriptorWrite         0 times
00:11:32.408608 /Devices/vga/VMSVGA/Reg/GmrDescriptorWrite/Errors         0 times
00:11:32.408613 /Devices/vga/VMSVGA/Reg/GmrDescriptorWrite/Free         0 times
00:11:32.408617 /Devices/vga/VMSVGA/Reg/GmrIdRead                  0 times
00:11:32.408623 /Devices/vga/VMSVGA/Reg/GmrIdWrite                 0 times
00:11:32.408629 /Devices/vga/VMSVGA/Reg/GmrMaxDescriptorLengthRead         0 times
00:11:32.408633 /Devices/vga/VMSVGA/Reg/GmrMaxIdsRead              0 times
00:11:32.408637 /Devices/vga/VMSVGA/Reg/GmrsMaxPagesRead           0 times
00:11:32.408642 /Devices/vga/VMSVGA/Reg/GreenMaskRead              0 times
00:11:32.408648 /Devices/vga/VMSVGA/Reg/GuestIdRead                0 times
00:11:32.408652 /Devices/vga/VMSVGA/Reg/GuestIdWrite               0 times
00:11:32.408658 /Devices/vga/VMSVGA/Reg/HeightRead                 0 times
00:11:32.408662 /Devices/vga/VMSVGA/Reg/HeightWrite                0 times
00:11:32.408668 /Devices/vga/VMSVGA/Reg/HostBitsPerPixelRead         0 times
00:11:32.408673 /Devices/vga/VMSVGA/Reg/IdRead                     0 times
00:11:32.408679 /Devices/vga/VMSVGA/Reg/IdWrite                    0 times
00:11:32.408684 /Devices/vga/VMSVGA/Reg/IrqMaskRead                0 times
00:11:32.408690 /Devices/vga/VMSVGA/Reg/IrqMaskWrite               0 times
00:11:32.408705 /Devices/vga/VMSVGA/Reg/MaxHeightRead              0 times
00:11:32.408711 /Devices/vga/VMSVGA/Reg/MaxPrimBBMemRead           0 times
00:11:32.408716 /Devices/vga/VMSVGA/Reg/MaxWidthRead               0 times
00:11:32.408721 /Devices/vga/VMSVGA/Reg/MemRegsRead                0 times
00:11:32.408726 /Devices/vga/VMSVGA/Reg/MemSizeRead                0 times
00:11:32.408731 /Devices/vga/VMSVGA/Reg/MemStartRead               0 times
00:11:32.408745 /Devices/vga/VMSVGA/Reg/MemorySizeRead             0 times
00:11:32.408759 /Devices/vga/VMSVGA/Reg/MobMaxSizeRead             0 times
00:11:32.408763 /Devices/vga/VMSVGA/Reg/NumDisplaysRead            0 times
00:11:32.408768 /Devices/vga/VMSVGA/Reg/NumDisplaysWrite           0 times
00:11:32.408772 /Devices/vga/VMSVGA/Reg/NumGuestDisplaysRead         0 times
00:11:32.408776 /Devices/vga/VMSVGA/Reg/NumGuestDisplaysWrite         0 times
00:11:32.408780 /Devices/vga/VMSVGA/Reg/PaletteRead                0 times
00:11:32.408785 /Devices/vga/VMSVGA/Reg/PaletteWrite               0 times
00:11:32.408790 /Devices/vga/VMSVGA/Reg/PitchLockRead              0 times
00:11:32.408795 /Devices/vga/VMSVGA/Reg/PitchLockWrite             0 times
00:11:32.408800 /Devices/vga/VMSVGA/Reg/PseudoColorWrite           0 times
00:11:32.408805 /Devices/vga/VMSVGA/Reg/PsuedoColorRead            0 times
00:11:32.408810 /Devices/vga/VMSVGA/Reg/ReadOnlyWrite              0 times
00:11:32.408815 /Devices/vga/VMSVGA/Reg/RedMaskRead                0 times
00:11:32.408820 /Devices/vga/VMSVGA/Reg/ScratchRead                0 times
00:11:32.408825 /Devices/vga/VMSVGA/Reg/ScratchSizeRead            0 times
00:11:32.408830 /Devices/vga/VMSVGA/Reg/ScratchWrite               0 times
00:11:32.408835 /Devices/vga/VMSVGA/Reg/ScrnTgtMaxHeightRead         0 times
00:11:32.408840 /Devices/vga/VMSVGA/Reg/ScrnTgtMaxWidthRead         0 times
00:11:32.408845 /Devices/vga/VMSVGA/Reg/SyncRead                   0 times
00:11:32.408850 /Devices/vga/VMSVGA/Reg/SyncWrite                  0 times
00:11:32.408855 /Devices/vga/VMSVGA/Reg/TopRead                    0 times
00:11:32.408860 /Devices/vga/VMSVGA/Reg/TopWrite                   0 times
00:11:32.408865 /Devices/vga/VMSVGA/Reg/TracesRead                 0 times
00:11:32.408871 /Devices/vga/VMSVGA/Reg/TracesWrite                0 times
00:11:32.408875 /Devices/vga/VMSVGA/Reg/UnknownRead                0 times
00:11:32.408881 /Devices/vga/VMSVGA/Reg/UnknownWrite               0 times
00:11:32.408886 /Devices/vga/VMSVGA/Reg/VramSizeRead               0 times
00:11:32.408891 /Devices/vga/VMSVGA/Reg/WidthRead                  0 times
00:11:32.408896 /Devices/vga/VMSVGA/Reg/WidthWrite                 0 times
00:11:32.408901 /Devices/vga/VMSVGA/Reg/WriteOnlyRead              0 times
00:11:32.408907 /Drivers/AUDIO-0/TotalStreamsCreated               0 count
00:11:32.408912 /Drivers/AUDIO-1/TotalStreamsCreated               0 count
00:11:32.408917 /Drivers/AUDIO-2/TotalStreamsCreated               0 count
00:11:32.408927 /EM/CPU0/ExitHashing/Used                          0 times
00:11:32.408933 /EM/CPU0/ExitOpt/Exec                              0 ticks/call (           0 ticks,       0 calls, max         0, min      -1)
00:11:32.408940 /EM/CPU0/ExitOpt/ExecInstructions                  0 times
00:11:32.408945 /EM/CPU0/ExitOpt/ExecRetReasonForcedFlag           0 times
00:11:32.408951 /EM/CPU0/ExitOpt/ExecRetReasonHostInterrupt         0 times
00:11:32.408955 /EM/CPU0/ExitOpt/ExecRetReasonLongJump             0 times
00:11:32.408961 /EM/CPU0/ExitOpt/ExecRetReasonMaxDistance          0 times
00:11:32.408965 /EM/CPU0/ExitOpt/ExecRetReasonMaxInstructions         0 times
00:11:32.408970 /EM/CPU0/ExitOpt/ExecRetReasonNormal               0 times
00:11:32.408975 /EM/CPU0/ExitOpt/ExecRetReasonTimer                0 times
00:11:32.408980 /EM/CPU0/ExitOpt/ExecSavedExit                     0 times
00:11:32.408985 /EM/CPU0/ExitOpt/Probe                             0 ticks/call (           0 ticks,       0 calls, max         0, min      -1)
00:11:32.408993 /EM/CPU0/ExitOpt/ProbeInstructions                 0 times
00:11:32.409009 /EM/CPU0/ExitOpt/ProbedExecWithMax                 0 times
00:11:32.409015 /EM/CPU0/ExitOpt/ProbedNormal                      0 times
00:11:32.409021 /EM/CPU0/ExitOpt/ProbedToRing3                     0 times
00:11:32.409028 /GIM/HyperV/0/Stimer0_Fired                        0 times
00:11:32.409033 /GIM/HyperV/0/Stimer1_Fired                        0 times
00:11:32.409039 /GIM/HyperV/0/Stimer2_Fired                        0 times
00:11:32.409044 /GIM/HyperV/0/Stimer3_Fired                        0 times
00:11:32.409050 /GMM/ChunkTlbHits                                  0 times
00:11:32.409056 /GMM/ChunkTlbMisses                                0 times
00:11:32.409076 /GMM/VM/Allocated/cBasePages                     305 pages
00:11:32.409082 /GMM/VM/Allocated/cFixedPages                      0 pages
00:11:32.409088 /GMM/VM/Allocated/cShadowPages                     0 pages
00:11:32.409093 /GMM/VM/Reserved/cBasePages                   524391 pages
00:11:32.409098 /GMM/VM/Reserved/cFixedPages                   34310 pages
00:11:32.409104 /GMM/VM/Reserved/cShadowPages                      1 pages
00:11:32.409110 /GMM/VM/cBalloonedPages                            0 pages
00:11:32.409115 /GMM/VM/cMaxBalloonedPages                         0 pages
00:11:32.409121 /GMM/VM/cPrivatePages                            305 pages
00:11:32.409127 /GMM/VM/cReqActuallyBalloonedPages                 0 pages
00:11:32.409132 /GMM/VM/cReqBalloonedPages                         0 pages
00:11:32.409137 /GMM/VM/cReqDeflatePages                           0 pages
00:11:32.409143 /GMM/VM/cShareableModules                          0 count
00:11:32.409149 /GMM/VM/cSharedPages                               0 pages
00:11:32.409155 /GMM/VM/enmPolicy                                  1 
00:11:32.409161 /GMM/VM/enmPriority                                2 
00:11:32.409167 /GMM/VM/fBallooningEnabled                 false    
00:11:32.409172 /GMM/VM/fMayAllocate                       true     
00:11:32.409178 /GMM/VM/fSharedPagingEnabled               false    
00:11:32.409184 /GMM/cAllocatedPages                             305 pages
00:11:32.409191 /GMM/cBalloonedPages                               0 pages
00:11:32.409196 /GMM/cChunks                                       1 count
00:11:32.409203 /GMM/cDuplicatePages                               0 pages
00:11:32.409208 /GMM/cFreedChunks                                  0 count
00:11:32.409214 /GMM/cLeftBehindSharedPages                        0 pages
00:11:32.409220 /GMM/cMaxPages                             4294967295 pages
00:11:32.409225 /GMM/cOverCommittedPages                           0 pages
00:11:32.409231 /GMM/cReservedPages                           558702 pages
00:11:32.409237 /GMM/cShareableModules                             0 count
00:11:32.409243 /GMM/cSharedPages                                  0 pages
00:11:32.409248 /GMM/idFreeGeneration                      4611686018427387775 
00:11:32.409341 /GVMM/EMTs                                         1 count
00:11:32.409349 /GVMM/HostCPUs                                     8 count
00:11:32.409354 /GVMM/HostCpus/0                                   0 
00:11:32.409359 /GVMM/HostCpus/0/CurTimerHz                        0 Hz
00:11:32.409364 /GVMM/HostCpus/0/DesiredHz                         0 Hz
00:11:32.409369 /GVMM/HostCpus/0/PPTChanges                        0 times
00:11:32.409374 /GVMM/HostCpus/0/PPTStarts                         0 times
00:11:32.409379 /GVMM/HostCpus/0/idxCpuSet                         0 
00:11:32.409385 /GVMM/HostCpus/1                                   1 
00:11:32.409390 /GVMM/HostCpus/1/CurTimerHz                        0 Hz
00:11:32.409395 /GVMM/HostCpus/1/DesiredHz                         0 Hz
00:11:32.409401 /GVMM/HostCpus/1/PPTChanges                        0 times
00:11:32.409406 /GVMM/HostCpus/1/PPTStarts                         0 times
00:11:32.409411 /GVMM/HostCpus/1/idxCpuSet                         1 
00:11:32.409417 /GVMM/HostCpus/2                                   2 
00:11:32.409436 /GVMM/HostCpus/2/CurTimerHz                        0 Hz
00:11:32.409442 /GVMM/HostCpus/2/DesiredHz                         0 Hz
00:11:32.409447 /GVMM/HostCpus/2/PPTChanges                        0 times
00:11:32.409452 /GVMM/HostCpus/2/PPTStarts                         0 times
00:11:32.409457 /GVMM/HostCpus/2/idxCpuSet                         2 
00:11:32.409463 /GVMM/HostCpus/3                                   3 
00:11:32.409469 /GVMM/HostCpus/3/CurTimerHz                        0 Hz
00:11:32.409474 /GVMM/HostCpus/3/DesiredHz                         0 Hz
00:11:32.409479 /GVMM/HostCpus/3/PPTChanges                        0 times
00:11:32.409485 /GVMM/HostCpus/3/PPTStarts                         0 times
00:11:32.409491 /GVMM/HostCpus/3/idxCpuSet                         3 
00:11:32.409496 /GVMM/HostCpus/4                                   4 
00:11:32.409502 /GVMM/HostCpus/4/CurTimerHz                        0 Hz
00:11:32.409508 /GVMM/HostCpus/4/DesiredHz                         0 Hz
00:11:32.409513 /GVMM/HostCpus/4/PPTChanges                        0 times
00:11:32.409518 /GVMM/HostCpus/4/PPTStarts                         0 times
00:11:32.409524 /GVMM/HostCpus/4/idxCpuSet                         4 
00:11:32.409529 /GVMM/HostCpus/5                                   5 
00:11:32.409535 /GVMM/HostCpus/5/CurTimerHz                        0 Hz
00:11:32.409540 /GVMM/HostCpus/5/DesiredHz                         0 Hz
00:11:32.409545 /GVMM/HostCpus/5/PPTChanges                        0 times
00:11:32.409551 /GVMM/HostCpus/5/PPTStarts                         0 times
00:11:32.409556 /GVMM/HostCpus/5/idxCpuSet                         5 
00:11:32.409561 /GVMM/HostCpus/6                                   6 
00:11:32.409567 /GVMM/HostCpus/6/CurTimerHz                        0 Hz
00:11:32.409572 /GVMM/HostCpus/6/DesiredHz                         0 Hz
00:11:32.409577 /GVMM/HostCpus/6/PPTChanges                        0 times
00:11:32.409583 /GVMM/HostCpus/6/PPTStarts                         0 times
00:11:32.409588 /GVMM/HostCpus/6/idxCpuSet                         6 
00:11:32.409594 /GVMM/HostCpus/7                                   7 
00:11:32.409600 /GVMM/HostCpus/7/CurTimerHz                        0 Hz
00:11:32.409606 /GVMM/HostCpus/7/DesiredHz                         0 Hz
00:11:32.409611 /GVMM/HostCpus/7/PPTChanges                        0 times
00:11:32.409616 /GVMM/HostCpus/7/PPTStarts                         0 times
00:11:32.409622 /GVMM/HostCpus/7/idxCpuSet                         7 
00:11:32.409627 /GVMM/Sum/HaltBlocking                         15231 calls
00:11:32.409633 /GVMM/Sum/HaltCalls                            15234 calls
00:11:32.409639 /GVMM/Sum/HaltNotBlocking                          3 calls
00:11:32.409645 /GVMM/Sum/HaltTimeouts                         13883 calls
00:11:32.409651 /GVMM/Sum/HaltWakeUps                              0 calls
00:11:32.409656 /GVMM/Sum/PokeCalls                                0 calls
00:11:32.409663 /GVMM/Sum/PokeNotBusy                              0 calls
00:11:32.409668 /GVMM/Sum/PollCalls                                0 calls
00:11:32.409673 /GVMM/Sum/PollHalts                                0 calls
00:11:32.409679 /GVMM/Sum/PollWakeUps                              0 calls
00:11:32.409685 /GVMM/Sum/WakeUpCalls                           1348 calls
00:11:32.409691 /GVMM/Sum/WakeUpNotHalted                          3 calls
00:11:32.409696 /GVMM/Sum/WakeUpWakeUps                            0 calls
00:11:32.409702 /GVMM/VCpus/0/Start                                0 ticks/call (           0 ticks,       0 calls, max         0, min       0)
00:11:32.409710 /GVMM/VCpus/0/Stop                                 0 ticks/call (           0 ticks,       0 calls, max         0, min       0)
00:11:32.409717 /GVMM/VCpus/0/cWakeUpTimerCanceled                 0 times
00:11:32.409722 /GVMM/VCpus/0/cWakeUpTimerHits                     0 times
00:11:32.409726 /GVMM/VCpus/0/cWakeUpTimerMisses                   0 times
00:11:32.409734 /GVMM/VCpus/0/cWakeUpTimerSameCpu                  0 times
00:11:32.409772 /GVMM/VM/HaltBlocking                          15231 calls
00:11:32.409784 /GVMM/VM/HaltCalls                             15234 calls
00:11:32.409790 /GVMM/VM/HaltNotBlocking                           3 calls
00:11:32.409794 /GVMM/VM/HaltTimeouts                          13883 calls
00:11:32.409800 /GVMM/VM/HaltWakeUps                               0 calls
00:11:32.409804 /GVMM/VM/PokeCalls                                 0 calls
00:11:32.409809 /GVMM/VM/PokeNotBusy                               0 calls
00:11:32.409813 /GVMM/VM/PollCalls                                 0 calls
00:11:32.409819 /GVMM/VM/PollHalts                                 0 calls
00:11:32.409823 /GVMM/VM/PollWakeUps                               0 calls
00:11:32.409828 /GVMM/VM/WakeUpCalls                            1348 calls
00:11:32.409833 /GVMM/VM/WakeUpNotHalted                           3 calls
00:11:32.409838 /GVMM/VM/WakeUpWakeUps                             0 calls
00:11:32.409843 /GVMM/VMs                                          1 count
00:11:32.409848 /HGCM/FailedPageListLocking                        0 count
00:11:32.409853 /HGCM/LargeCmdAllocs                               0 count
00:11:32.409859 /HGCM/MsgArrival                                   0 ticks/call (           0 ticks,       0 calls, max         0, min      -1)
00:11:32.409866 /HGCM/MsgCompletion                                0 ticks/call (           0 ticks,       0 calls, max         0, min      -1)
00:11:32.409872 /HGCM/MsgTotal                                     0 ticks/call (           0 ticks,       0 calls, max         0, min      -1)
00:11:32.409880 /HM/CPU0/Exit/HostNmiInGC                          0 times
00:11:32.409886 /HM/CPU0/Exit/HostNmiInGCIpi                       0 times
00:11:32.409891 /HM/CPU0/Exit/PreemptTimer                         0 times
00:11:32.409897 /HM/CPU0/Exit/Trap/Gst/#AC                         0 times
00:11:32.409902 /HM/CPU0/Exit/Trap/Gst/#AC-split-lock              0 times
00:11:32.409907 /HM/CPU0/ImportGuestStateFallback                  0 times
00:11:32.409913 /HM/CPU0/PreemptTimer                              0 times
00:11:32.409919 /HM/CPU0/PreemptTimer/RecalcingDeadline        12423 times
00:11:32.409924 /HM/CPU0/PreemptTimer/RecalcingDeadlineExpired         3 times
00:11:32.409929 /HM/CPU0/PreemptTimer/ReusingDeadline             21 times
00:11:32.409934 /HM/CPU0/PreemptTimer/ReusingDeadlineExpired         0 times
00:11:32.409939 /HM/CPU0/ReadToTransientFallback                   0 times
00:11:32.409944 /HM/CPU0/Switch/Preempting                         0 times
00:11:32.409965 /IEM/CPU0/Tlb/Code/InvlPg                          0 
00:11:32.409971 /IEM/CPU0/Tlb/Code/InvlPg/LargeGlobal              0 
00:11:32.409976 /IEM/CPU0/Tlb/Code/InvlPg/LargeNonGlobal           0 
00:11:32.409980 /IEM/CPU0/Tlb/Code/LargePageGlobalCurLoads         0 count
00:11:32.409985 /IEM/CPU0/Tlb/Code/LargePageGlobalFirstTag ffffffffffffffff count
00:11:32.409991 /IEM/CPU0/Tlb/Code/LargePageGlobalLastTag          0 count
00:11:32.409996 /IEM/CPU0/Tlb/Code/LargePageNonGlobalCurLoads         0 count
00:11:32.410001 /IEM/CPU0/Tlb/Code/LargePageNonGlobalFirstTag ffffffffffffffff count
00:11:32.410007 /IEM/CPU0/Tlb/Code/LargePageNonGlobalLastTag         0 count
00:11:32.410012 /IEM/CPU0/Tlb/Code/Misses                          0 count
00:11:32.410017 /IEM/CPU0/Tlb/Code/Misses/GlobalLoads              0 count
00:11:32.410023 /IEM/CPU0/Tlb/Code/PhysicalRevision        fffffffffffce000 
00:11:32.410028 /IEM/CPU0/Tlb/Code/PhysicalRevisionFlushes         0 
00:11:32.410035 /IEM/CPU0/Tlb/Code/PhysicalRevisionRollovers         0 
00:11:32.410040 /IEM/CPU0/Tlb/Code/RevisionGlobal          fffff38000000000 
00:11:32.410046 /IEM/CPU0/Tlb/Code/RevisionGlobalFlushes           0 
00:11:32.410052 /IEM/CPU0/Tlb/Code/RevisionNonGlobal       fffff38000000000 
00:11:32.410057 /IEM/CPU0/Tlb/Code/RevisionNonGlobalFlushes         0 
00:11:32.410062 /IEM/CPU0/Tlb/Code/RevisionRollovers               0 
00:11:32.410068 /IEM/CPU0/Tlb/Code/SlowReads                       0 count
00:11:32.410083 /IEM/CPU0/Tlb/Data/InvlPg                          0 
00:11:32.410088 /IEM/CPU0/Tlb/Data/InvlPg/LargeGlobal              0 
00:11:32.410094 /IEM/CPU0/Tlb/Data/InvlPg/LargeNonGlobal           0 
00:11:32.410098 /IEM/CPU0/Tlb/Data/LargePageGlobalCurLoads         0 count
00:11:32.410103 /IEM/CPU0/Tlb/Data/LargePageGlobalFirstTag ffffffffffffffff count
00:11:32.410108 /IEM/CPU0/Tlb/Data/LargePageGlobalLastTag          0 count
00:11:32.410113 /IEM/CPU0/Tlb/Data/LargePageNonGlobalCurLoads         0 count
00:11:32.410118 /IEM/CPU0/Tlb/Data/LargePageNonGlobalFirstTag ffffffffffffffff count
00:11:32.410124 /IEM/CPU0/Tlb/Data/LargePageNonGlobalLastTag         0 count
00:11:32.410129 /IEM/CPU0/Tlb/Data/Misses                          0 count
00:11:32.410135 /IEM/CPU0/Tlb/Data/Misses/Core                     0 count
00:11:32.410140 /IEM/CPU0/Tlb/Data/Misses/Core/GlobalLoads         0 count
00:11:32.410145 /IEM/CPU0/Tlb/Data/Misses/Safe                     0 count
00:11:32.410150 /IEM/CPU0/Tlb/Data/Misses/Safe/Reads               0 count
00:11:32.410155 /IEM/CPU0/Tlb/Data/Misses/Safe/SubPartHits         0 count
00:11:32.410159 /IEM/CPU0/Tlb/Data/Misses/Safe/SubPartMisses         0 count
00:11:32.410164 /IEM/CPU0/Tlb/Data/Misses/Safe/SubPartMisses/GlobalLoads         0 count
00:11:32.410169 /IEM/CPU0/Tlb/Data/Misses/Safe/Writes              0 count
00:11:32.410174 /IEM/CPU0/Tlb/Data/PhysicalRevision        fffffffffffce000 
00:11:32.410180 /IEM/CPU0/Tlb/Data/PhysicalRevisionFlushes         0 
00:11:32.410185 /IEM/CPU0/Tlb/Data/PhysicalRevisionRollovers         0 
00:11:32.410190 /IEM/CPU0/Tlb/Data/RevisionGlobal          fffff38000000000 
00:11:32.410196 /IEM/CPU0/Tlb/Data/RevisionGlobalFlushes           0 
00:11:32.410201 /IEM/CPU0/Tlb/Data/RevisionNonGlobal       fffff38000000000 
00:11:32.410206 /IEM/CPU0/Tlb/Data/RevisionNonGlobalFlushes         0 
00:11:32.410211 /IEM/CPU0/Tlb/Data/RevisionRollovers               0 
00:11:32.410217 /IEM/CPU0/cInstructions                            0 count
00:11:32.410222 /IEM/CPU0/cLongJumps                               0 bytes
00:11:32.410228 /IEM/CPU0/cMisalignedAtomics                       0 count
00:11:32.410234 /IEM/CPU0/cPendingCommit                           0 count
00:11:32.410239 /IEM/CPU0/cPotentialExits                          0 count
00:11:32.410245 /IEM/CPU0/cRetAspectNotImplemented                 0 count
00:11:32.410250 /IEM/CPU0/cRetErrStatuses                          0 count
00:11:32.410256 /IEM/CPU0/cRetInfStatuses                          0 count
00:11:32.410262 /IEM/CPU0/cRetInstrNotImplemented                  0 count
00:11:32.410267 /IOM/MmioMappingsStale                             0 ticks/call
00:11:32.410272 /IOM/MmioTooDeepRecursion                          0 times
00:11:32.410279 /PDM/BlkCache/cbCached                             0 bytes
00:11:32.410284 /PDM/BlkCache/cbCachedFru                          0 bytes
00:11:32.410289 /PDM/BlkCache/cbCachedMruIn                        0 bytes
00:11:32.410294 /PDM/BlkCache/cbCachedMruOut                       0 bytes
00:11:32.410299 /PDM/BlkCache/cbMax                          5242880 bytes
00:11:32.410305 /PDM/CritSects/00-AbortedEnters                    0 times
00:11:32.410311 /PDM/CritSects/00-EntersWhileAborting              0 times
00:11:32.410316 /PDM/CritSects/00-Non-interruptible-Waits-VINF_SUCCESS         0 times
00:11:32.410321 /PDM/CritSects/00-QueuedLeaves                     0 times
00:11:32.410326 /PDM/CritSects/00-VERR_INTERRUPTED                 0 times
00:11:32.410331 /PDM/CritSects/00-VERR_TIMEOUT                     0 times
00:11:32.410336 /PDM/CritSects/8237A#0Auto/ContentionR3            0 times
00:11:32.410342 /PDM/CritSects/8237A#0Auto/ContentionR3Wait         0 ticks/time (           0 ticks,       0 times, max         0, min      -1)
00:11:32.410348 /PDM/CritSects/8237A#0Auto/ContentionRZLock         0 times
00:11:32.410353 /PDM/CritSects/8237A#0Auto/ContentionRZLockBusy         0 times
00:11:32.410357 /PDM/CritSects/8237A#0Auto/ContentionRZUnlock         0 times
00:11:32.410370 /PDM/CritSects/8237A#0Auto/ContentionRZWait         0 ticks/time (           0 ticks,       0 times, max         0, min      -1)
00:11:32.410378 /PDM/CritSects/AHCI#0/ContentionR3                 0 times
00:11:32.410383 /PDM/CritSects/AHCI#0/ContentionR3Wait             0 ticks/time (           0 ticks,       0 times, max         0, min      -1)
00:11:32.410389 /PDM/CritSects/AHCI#0/ContentionRZLock             0 times
00:11:32.410394 /PDM/CritSects/AHCI#0/ContentionRZLockBusy         0 times
00:11:32.410399 /PDM/CritSects/AHCI#0/ContentionRZUnlock           0 times
00:11:32.410404 /PDM/CritSects/AHCI#0/ContentionRZWait             0 ticks/time (           0 ticks,       0 times, max         0, min      -1)
00:11:32.410410 /PDM/CritSects/E1000#0/ContentionR3                0 times
00:11:32.410416 /PDM/CritSects/E1000#0/ContentionR3Wait            0 ticks/time (           0 ticks,       0 times, max         0, min      -1)
00:11:32.410422 /PDM/CritSects/E1000#0/ContentionRZLock            0 times
00:11:32.410428 /PDM/CritSects/E1000#0/ContentionRZLockBusy         0 times
00:11:32.410432 /PDM/CritSects/E1000#0/ContentionRZUnlock          0 times
00:11:32.410437 /PDM/CritSects/E1000#0/ContentionRZWait            0 ticks/time (           0 ticks,       0 times, max         0, min      -1)
00:11:32.410443 /PDM/CritSects/E1000#0RX/ContentionR3              0 times
00:11:32.410448 /PDM/CritSects/E1000#0RX/ContentionR3Wait          0 ticks/time (           0 ticks,       0 times, max         0, min      -1)
00:11:32.410455 /PDM/CritSects/E1000#0RX/ContentionRZLock          0 times
00:11:32.410460 /PDM/CritSects/E1000#0RX/ContentionRZLockBusy         0 times
00:11:32.410464 /PDM/CritSects/E1000#0RX/ContentionRZUnlock         0 times
00:11:32.410470 /PDM/CritSects/E1000#0RX/ContentionRZWait          0 ticks/time (           0 ticks,       0 times, max         0, min      -1)
00:11:32.410475 /PDM/CritSects/E1000#0TX/ContentionR3              0 times
00:11:32.410481 /PDM/CritSects/E1000#0TX/ContentionR3Wait          0 ticks/time (           0 ticks,       0 times, max         0, min      -1)
00:11:32.410487 /PDM/CritSects/E1000#0TX/ContentionRZLock          0 times
00:11:32.410492 /PDM/CritSects/E1000#0TX/ContentionRZLockBusy         0 times
00:11:32.410497 /PDM/CritSects/E1000#0TX/ContentionRZUnlock         0 times
00:11:32.410501 /PDM/CritSects/E1000#0TX/ContentionRZWait          0 ticks/time (           0 ticks,       0 times, max         0, min      -1)
00:11:32.410507 /PDM/CritSects/GIMDev#0Auto/ContentionR3           0 times
00:11:32.410513 /PDM/CritSects/GIMDev#0Auto/ContentionR3Wait         0 ticks/time (           0 ticks,       0 times, max         0, min      -1)
00:11:32.410519 /PDM/CritSects/GIMDev#0Auto/ContentionRZLock         0 times
00:11:32.410524 /PDM/CritSects/GIMDev#0Auto/ContentionRZLockBusy         0 times
00:11:32.410529 /PDM/CritSects/GIMDev#0Auto/ContentionRZUnlock         0 times
00:11:32.410534 /PDM/CritSects/GIMDev#0Auto/ContentionRZWait         0 ticks/time (           0 ticks,       0 times, max         0, min      -1)
00:11:32.410540 /PDM/CritSects/HDA/ContentionR3                    0 times
00:11:32.410545 /PDM/CritSects/HDA/ContentionR3Wait                0 ticks/time (           0 ticks,       0 times, max         0, min      -1)
00:11:32.410552 /PDM/CritSects/HDA/ContentionRZLock                0 times
00:11:32.410557 /PDM/CritSects/HDA/ContentionRZLockBusy            0 times
00:11:32.410562 /PDM/CritSects/HDA/ContentionRZUnlock              0 times
00:11:32.410567 /PDM/CritSects/HDA/ContentionRZWait                0 ticks/time (           0 ticks,       0 times, max         0, min      -1)
00:11:32.410574 /PDM/CritSects/NOP/ContentionR3                    0 times
00:11:32.410579 /PDM/CritSects/NOP/ContentionR3Wait                0 ticks/time (           0 ticks,       0 times, max         0, min      -1)
00:11:32.410586 /PDM/CritSects/NOP/ContentionRZLock                0 times
00:11:32.410591 /PDM/CritSects/NOP/ContentionRZLockBusy            0 times
00:11:32.410596 /PDM/CritSects/NOP/ContentionRZUnlock              0 times
00:11:32.410608 /PDM/CritSects/NOP/ContentionRZWait                0 ticks/time (           0 ticks,       0 times, max         0, min      -1)
00:11:32.410615 /PDM/CritSects/PDM/ContentionR3                    0 times
00:11:32.410620 /PDM/CritSects/PDM/ContentionR3Wait                0 ticks/time (           0 ticks,       0 times, max         0, min      -1)
00:11:32.410627 /PDM/CritSects/PDM/ContentionRZLock                0 times
00:11:32.410632 /PDM/CritSects/PDM/ContentionRZLockBusy            0 times
00:11:32.410637 /PDM/CritSects/PDM/ContentionRZUnlock              0 times
00:11:32.410642 /PDM/CritSects/PDM/ContentionRZWait                0 ticks/time (           0 ticks,       0 times, max         0, min      -1)
00:11:32.410649 /PDM/CritSects/PGM/ContentionR3                    0 times
00:11:32.410654 /PDM/CritSects/PGM/ContentionR3Wait                0 ticks/time (           0 ticks,       0 times, max         0, min      -1)
00:11:32.410661 /PDM/CritSects/PGM/ContentionRZLock                0 times
00:11:32.410665 /PDM/CritSects/PGM/ContentionRZLockBusy            0 times
00:11:32.410670 /PDM/CritSects/PGM/ContentionRZUnlock              0 times
00:11:32.410675 /PDM/CritSects/PGM/ContentionRZWait                0 ticks/time (           0 ticks,       0 times, max         0, min      -1)
00:11:32.410682 /PDM/CritSects/TM VirtualSync Lock/ContentionR3         0 times
00:11:32.410687 /PDM/CritSects/TM VirtualSync Lock/ContentionR3Wait         0 ticks/time (           0 ticks,       0 times, max         0, min      -1)
00:11:32.410693 /PDM/CritSects/TM VirtualSync Lock/ContentionRZLock         0 times
00:11:32.410698 /PDM/CritSects/TM VirtualSync Lock/ContentionRZLockBusy         0 times
00:11:32.410703 /PDM/CritSects/TM VirtualSync Lock/ContentionRZUnlock         0 times
00:11:32.410708 /PDM/CritSects/TM VirtualSync Lock/ContentionRZWait         0 ticks/time (           0 ticks,       0 times, max         0, min      -1)
00:11:32.410714 /PDM/CritSects/TM real queue timer lock/ContentionR3         0 times
00:11:32.410719 /PDM/CritSects/TM real queue timer lock/ContentionR3Wait         0 ticks/time (           0 ticks,       0 times, max         0, min      -1)
00:11:32.410726 /PDM/CritSects/TM real queue timer lock/ContentionRZLock         0 times
00:11:32.410730 /PDM/CritSects/TM real queue timer lock/ContentionRZLockBusy         0 times
00:11:32.410735 /PDM/CritSects/TM real queue timer lock/ContentionRZUnlock         0 times
00:11:32.410756 /PDM/CritSects/TM real queue timer lock/ContentionRZWait         0 ticks/time (           0 ticks,       0 times, max         0, min      -1)
00:11:32.410763 /PDM/CritSects/TM tsc queue timer lock/ContentionR3         0 times
00:11:32.410768 /PDM/CritSects/TM tsc queue timer lock/ContentionR3Wait         0 ticks/time (           0 ticks,       0 times, max         0, min      -1)
00:11:32.410774 /PDM/CritSects/TM tsc queue timer lock/ContentionRZLock         0 times
00:11:32.410779 /PDM/CritSects/TM tsc queue timer lock/ContentionRZLockBusy         0 times
00:11:32.410784 /PDM/CritSects/TM tsc queue timer lock/ContentionRZUnlock         0 times
00:11:32.410790 /PDM/CritSects/TM tsc queue timer lock/ContentionRZWait         0 ticks/time (           0 ticks,       0 times, max         0, min      -1)
00:11:32.410795 /PDM/CritSects/TM virtual queue timer lock/ContentionR3         0 times
00:11:32.410801 /PDM/CritSects/TM virtual queue timer lock/ContentionR3Wait         0 ticks/time (           0 ticks,       0 times, max         0, min      -1)
00:11:32.410807 /PDM/CritSects/TM virtual queue timer lock/ContentionRZLock         0 times
00:11:32.410812 /PDM/CritSects/TM virtual queue timer lock/ContentionRZLockBusy         0 times
00:11:32.410817 /PDM/CritSects/TM virtual queue timer lock/ContentionRZUnlock         0 times
00:11:32.410822 /PDM/CritSects/TM virtual queue timer lock/ContentionRZWait         0 ticks/time (           0 ticks,       0 times, max         0, min      -1)
00:11:32.410828 /PDM/CritSects/TM virtual_sync queue timer lock/ContentionR3         0 times
00:11:32.410854 /PDM/CritSects/TM virtual_sync queue timer lock/ContentionR3Wait         0 ticks/time (           0 ticks,       0 times, max         0, min      -1)
00:11:32.410862 /PDM/CritSects/TM virtual_sync queue timer lock/ContentionRZLock         0 times
00:11:32.410866 /PDM/CritSects/TM virtual_sync queue timer lock/ContentionRZLockBusy         0 times
00:11:32.410870 /PDM/CritSects/TM virtual_sync queue timer lock/ContentionRZUnlock         0 times
00:11:32.410874 /PDM/CritSects/TM virtual_sync queue timer lock/ContentionRZWait         0 ticks/time (           0 ticks,       0 times, max         0, min      -1)
00:11:32.410879 /PDM/CritSects/VGA#0/ContentionR3                  0 times
00:11:32.410883 /PDM/CritSects/VGA#0/ContentionR3Wait              0 ticks/time (           0 ticks,       0 times, max         0, min      -1)
00:11:32.410888 /PDM/CritSects/VGA#0/ContentionRZLock              0 times
00:11:32.410892 /PDM/CritSects/VGA#0/ContentionRZLockBusy          0 times
00:11:32.410896 /PDM/CritSects/VGA#0/ContentionRZUnlock            0 times
00:11:32.410900 /PDM/CritSects/VGA#0/ContentionRZWait              0 ticks/time (           0 ticks,       0 times, max         0, min      -1)
00:11:32.410905 /PDM/CritSects/VGA#0_IRQ/ContentionR3              0 times
00:11:32.410909 /PDM/CritSects/VGA#0_IRQ/ContentionR3Wait          0 ticks/time (           0 ticks,       0 times, max         0, min      -1)
00:11:32.410914 /PDM/CritSects/VGA#0_IRQ/ContentionRZLock          0 times
00:11:32.410918 /PDM/CritSects/VGA#0_IRQ/ContentionRZLockBusy         0 times
00:11:32.410923 /PDM/CritSects/VGA#0_IRQ/ContentionRZUnlock         0 times
00:11:32.410927 /PDM/CritSects/VGA#0_IRQ/ContentionRZWait          0 ticks/time (           0 ticks,       0 times, max         0, min      -1)
00:11:32.410933 /PDM/CritSects/VMMDev#0/ContentionR3               0 times
00:11:32.410937 /PDM/CritSects/VMMDev#0/ContentionR3Wait           0 ticks/time (           0 ticks,       0 times, max         0, min      -1)
00:11:32.410943 /PDM/CritSects/VMMDev#0/ContentionRZLock           0 times
00:11:32.410947 /PDM/CritSects/VMMDev#0/ContentionRZLockBusy         0 times
00:11:32.410951 /PDM/CritSects/VMMDev#0/ContentionRZUnlock         0 times
00:11:32.410955 /PDM/CritSects/VMMDev#0/ContentionRZWait           0 ticks/time (           0 ticks,       0 times, max         0, min      -1)
00:11:32.410960 /PDM/CritSects/acpi#0/ContentionR3                 0 times
00:11:32.410964 /PDM/CritSects/acpi#0/ContentionR3Wait             0 ticks/time (           0 ticks,       0 times, max         0, min      -1)
00:11:32.410969 /PDM/CritSects/acpi#0/ContentionRZLock             0 times
00:11:32.410973 /PDM/CritSects/acpi#0/ContentionRZLockBusy         0 times
00:11:32.410977 /PDM/CritSects/acpi#0/ContentionRZUnlock           0 times
00:11:32.410981 /PDM/CritSects/acpi#0/ContentionRZWait             0 ticks/time (           0 ticks,       0 times, max         0, min      -1)
00:11:32.410987 /PDM/CritSects/mc146818#0Auto/ContentionR3         0 times
00:11:32.410992 /PDM/CritSects/mc146818#0Auto/ContentionR3Wait         0 ticks/time (           0 ticks,       0 times, max         0, min      -1)
00:11:32.410997 /PDM/CritSects/mc146818#0Auto/ContentionRZLock         0 times
00:11:32.411001 /PDM/CritSects/mc146818#0Auto/ContentionRZLockBusy         0 times
00:11:32.411009 /PDM/CritSects/mc146818#0Auto/ContentionRZUnlock         0 times
00:11:32.411015 /PDM/CritSects/mc146818#0Auto/ContentionRZWait         0 ticks/time (           0 ticks,       0 times, max         0, min      -1)
00:11:32.411022 /PDM/CritSects/pcarch#0Auto/ContentionR3           0 times
00:11:32.411027 /PDM/CritSects/pcarch#0Auto/ContentionR3Wait         0 ticks/time (           0 ticks,       0 times, max         0, min      -1)
00:11:32.411032 /PDM/CritSects/pcarch#0Auto/ContentionRZLock         0 times
00:11:32.411036 /PDM/CritSects/pcarch#0Auto/ContentionRZLockBusy         0 times
00:11:32.411040 /PDM/CritSects/pcarch#0Auto/ContentionRZUnlock         0 times
00:11:32.411054 /PDM/CritSects/pcarch#0Auto/ContentionRZWait         0 ticks/time (           0 ticks,       0 times, max         0, min      -1)
00:11:32.411061 /PDM/CritSects/pcbios#0Auto/ContentionR3           0 times
00:11:32.411065 /PDM/CritSects/pcbios#0Auto/ContentionR3Wait         0 ticks/time (           0 ticks,       0 times, max         0, min      -1)
00:11:32.411071 /PDM/CritSects/pcbios#0Auto/ContentionRZLock         0 times
00:11:32.411075 /PDM/CritSects/pcbios#0Auto/ContentionRZLockBusy         0 times
00:11:32.411080 /PDM/CritSects/pcbios#0Auto/ContentionRZUnlock         0 times
00:11:32.411084 /PDM/CritSects/pcbios#0Auto/ContentionRZWait         0 ticks/time (           0 ticks,       0 times, max         0, min      -1)
00:11:32.411090 /PDM/CritSects/pckbd#0Auto/ContentionR3            0 times
00:11:32.411094 /PDM/CritSects/pckbd#0Auto/ContentionR3Wait         0 ticks/time (           0 ticks,       0 times, max         0, min      -1)
00:11:32.411100 /PDM/CritSects/pckbd#0Auto/ContentionRZLock         0 times
00:11:32.411104 /PDM/CritSects/pckbd#0Auto/ContentionRZLockBusy         0 times
00:11:32.411108 /PDM/CritSects/pckbd#0Auto/ContentionRZUnlock         0 times
00:11:32.411112 /PDM/CritSects/pckbd#0Auto/ContentionRZWait         0 ticks/time (           0 ticks,       0 times, max         0, min      -1)
00:11:32.411117 /PDM/CritSects/pit#0/ContentionR3                  0 times
00:11:32.411122 /PDM/CritSects/pit#0/ContentionR3Wait              0 ticks/time (           0 ticks,       0 times, max         0, min      -1)
00:11:32.411127 /PDM/CritSects/pit#0/ContentionRZLock              0 times
00:11:32.411131 /PDM/CritSects/pit#0/ContentionRZLockBusy          0 times
00:11:32.411135 /PDM/CritSects/pit#0/ContentionRZUnlock            0 times
00:11:32.411140 /PDM/CritSects/pit#0/ContentionRZWait              0 ticks/time (           0 ticks,       0 times, max         0, min      -1)
00:11:32.411146 /PDM/CritSects/usb-xhci#0Auto/ContentionR3         0 times
00:11:32.411151 /PDM/CritSects/usb-xhci#0Auto/ContentionR3Wait         0 ticks/time (           0 ticks,       0 times, max         0, min      -1)
00:11:32.411156 /PDM/CritSects/usb-xhci#0Auto/ContentionRZLock         0 times
00:11:32.411161 /PDM/CritSects/usb-xhci#0Auto/ContentionRZLockBusy         0 times
00:11:32.411166 /PDM/CritSects/usb-xhci#0Auto/ContentionRZUnlock         0 times
00:11:32.411170 /PDM/CritSects/usb-xhci#0Auto/ContentionRZWait         0 ticks/time (           0 ticks,       0 times, max         0, min      -1)
00:11:32.411176 /PDM/CritSects/xHCIIntr#0/ContentionR3             0 times
00:11:32.411181 /PDM/CritSects/xHCIIntr#0/ContentionR3Wait         0 ticks/time (           0 ticks,       0 times, max         0, min      -1)
00:11:32.411186 /PDM/CritSects/xHCIIntr#0/ContentionRZLock         0 times
00:11:32.411191 /PDM/CritSects/xHCIIntr#0/ContentionRZLockBusy         0 times
00:11:32.411196 /PDM/CritSects/xHCIIntr#0/ContentionRZUnlock         0 times
00:11:32.411200 /PDM/CritSects/xHCIIntr#0/ContentionRZWait         0 ticks/time (           0 ticks,       0 times, max         0, min      -1)
00:11:32.411206 /PDM/CritSects/xHCIIntr#1/ContentionR3             0 times
00:11:32.411211 /PDM/CritSects/xHCIIntr#1/ContentionR3Wait         0 ticks/time (           0 ticks,       0 times, max         0, min      -1)
00:11:32.411216 /PDM/CritSects/xHCIIntr#1/ContentionRZLock         0 times
00:11:32.411221 /PDM/CritSects/xHCIIntr#1/ContentionRZLockBusy         0 times
00:11:32.411225 /PDM/CritSects/xHCIIntr#1/ContentionRZUnlock         0 times
00:11:32.411230 /PDM/CritSects/xHCIIntr#1/ContentionRZWait         0 ticks/time (           0 ticks,       0 times, max         0, min      -1)
00:11:32.411236 /PDM/CritSects/xHCIIntr#2/ContentionR3             0 times
00:11:32.411240 /PDM/CritSects/xHCIIntr#2/ContentionR3Wait         0 ticks/time (           0 ticks,       0 times, max         0, min      -1)
00:11:32.411246 /PDM/CritSects/xHCIIntr#2/ContentionRZLock         0 times
00:11:32.411251 /PDM/CritSects/xHCIIntr#2/ContentionRZLockBusy         0 times
00:11:32.411263 /PDM/CritSects/xHCIIntr#2/ContentionRZUnlock         0 times
00:11:32.411268 /PDM/CritSects/xHCIIntr#2/ContentionRZWait         0 ticks/time (           0 ticks,       0 times, max         0, min      -1)
00:11:32.411274 /PDM/CritSects/xHCIIntr#3/ContentionR3             0 times
00:11:32.411279 /PDM/CritSects/xHCIIntr#3/ContentionR3Wait         0 ticks/time (           0 ticks,       0 times, max         0, min      -1)
00:11:32.411284 /PDM/CritSects/xHCIIntr#3/ContentionRZLock         0 times
00:11:32.411289 /PDM/CritSects/xHCIIntr#3/ContentionRZLockBusy         0 times
00:11:32.411293 /PDM/CritSects/xHCIIntr#3/ContentionRZUnlock         0 times
00:11:32.411298 /PDM/CritSects/xHCIIntr#3/ContentionRZWait         0 ticks/time (           0 ticks,       0 times, max         0, min      -1)
00:11:32.411303 /PDM/CritSects/xHCIIntr#4/ContentionR3             0 times
00:11:32.411308 /PDM/CritSects/xHCIIntr#4/ContentionR3Wait         0 ticks/time (           0 ticks,       0 times, max         0, min      -1)
00:11:32.411314 /PDM/CritSects/xHCIIntr#4/ContentionRZLock         0 times
00:11:32.411319 /PDM/CritSects/xHCIIntr#4/ContentionRZLockBusy         0 times
00:11:32.411323 /PDM/CritSects/xHCIIntr#4/ContentionRZUnlock         0 times
00:11:32.411327 /PDM/CritSects/xHCIIntr#4/ContentionRZWait         0 ticks/time (           0 ticks,       0 times, max         0, min      -1)
00:11:32.411333 /PDM/CritSects/xHCIIntr#5/ContentionR3             0 times
00:11:32.411338 /PDM/CritSects/xHCIIntr#5/ContentionR3Wait         0 ticks/time (           0 ticks,       0 times, max         0, min      -1)
00:11:32.411344 /PDM/CritSects/xHCIIntr#5/ContentionRZLock         0 times
00:11:32.411348 /PDM/CritSects/xHCIIntr#5/ContentionRZLockBusy         0 times
00:11:32.411353 /PDM/CritSects/xHCIIntr#5/ContentionRZUnlock         0 times
00:11:32.411357 /PDM/CritSects/xHCIIntr#5/ContentionRZWait         0 ticks/time (           0 ticks,       0 times, max         0, min      -1)
00:11:32.411363 /PDM/CritSects/xHCIIntr#6/ContentionR3             0 times
00:11:32.411368 /PDM/CritSects/xHCIIntr#6/ContentionR3Wait         0 ticks/time (           0 ticks,       0 times, max         0, min      -1)
00:11:32.411373 /PDM/CritSects/xHCIIntr#6/ContentionRZLock         0 times
00:11:32.411378 /PDM/CritSects/xHCIIntr#6/ContentionRZLockBusy         0 times
00:11:32.411382 /PDM/CritSects/xHCIIntr#6/ContentionRZUnlock         0 times
00:11:32.411387 /PDM/CritSects/xHCIIntr#6/ContentionRZWait         0 ticks/time (           0 ticks,       0 times, max         0, min      -1)
00:11:32.411392 /PDM/CritSects/xHCIIntr#7/ContentionR3             0 times
00:11:32.411397 /PDM/CritSects/xHCIIntr#7/ContentionR3Wait         0 ticks/time (           0 ticks,       0 times, max         0, min      -1)
00:11:32.411403 /PDM/CritSects/xHCIIntr#7/ContentionRZLock         0 times
00:11:32.411407 /PDM/CritSects/xHCIIntr#7/ContentionRZLockBusy         0 times
00:11:32.411411 /PDM/CritSects/xHCIIntr#7/ContentionRZUnlock         0 times
00:11:32.411416 /PDM/CritSects/xHCIIntr#7/ContentionRZWait         0 ticks/time (           0 ticks,       0 times, max         0, min      -1)
00:11:32.411421 /PDM/CritSectsRw/00-EnterSharedWhileAborting         0 times
00:11:32.411426 /PDM/CritSectsRw/00-Excl-Non-interruptible-Waits-VINF_SUCCESS         0 times
00:11:32.411431 /PDM/CritSectsRw/00-Excl-VERR_INTERRUPTED          0 times
00:11:32.411435 /PDM/CritSectsRw/00-Excl-VERR_TIMEOUT              0 times
00:11:32.411440 /PDM/CritSectsRw/00-Shared-Non-interruptible-Waits-VINF_SUCCESS         0 times
00:11:32.411445 /PDM/CritSectsRw/00-Shared-VERR_INTERRUPTED         0 times
00:11:32.411449 /PDM/CritSectsRw/00-Shared-VERR_TIMEOUT            0 times
00:11:32.411454 /PDM/CritSectsRw/IOM Lock/ContentionR3EnterExcl         0 times
00:11:32.411459 /PDM/CritSectsRw/IOM Lock/ContentionR3EnterShared         0 times
00:11:32.411463 /PDM/CritSectsRw/IOM Lock/ContentionR3LeaveExcl         0 times
00:11:32.411467 /PDM/CritSectsRw/IOM Lock/ContentionRZEnterExcl         0 times
00:11:32.411484 /PDM/CritSectsRw/IOM Lock/ContentionRZEnterShared         0 times
00:11:32.411489 /PDM/CritSectsRw/IOM Lock/ContentionRZLeaveExcl         0 times
00:11:32.411493 /PDM/CritSectsRw/IOM Lock/ContentionRZLeaveShared         0 times
00:11:32.411498 /PDM/CritSectsRw/IOM Lock/R3EnterExcl             85 times
00:11:32.411503 /PDM/CritSectsRw/IOM Lock/R3EnterShared            0 times
00:11:32.411507 /PDM/CritSectsRw/IOM Lock/RZEnterExcl              0 times
00:11:32.411512 /PDM/CritSectsRw/IOM Lock/RZEnterShared        12420 times
00:11:32.411517 /PDM/CritSectsRw/TM real queue alloc lock/ContentionR3EnterExcl         0 times
00:11:32.411522 /PDM/CritSectsRw/TM real queue alloc lock/ContentionR3EnterShared         0 times
00:11:32.411526 /PDM/CritSectsRw/TM real queue alloc lock/ContentionR3LeaveExcl         0 times
00:11:32.411531 /PDM/CritSectsRw/TM real queue alloc lock/ContentionRZEnterExcl         0 times
00:11:32.411535 /PDM/CritSectsRw/TM real queue alloc lock/ContentionRZEnterShared         0 times
00:11:32.411540 /PDM/CritSectsRw/TM real queue alloc lock/ContentionRZLeaveExcl         0 times
00:11:32.411544 /PDM/CritSectsRw/TM real queue alloc lock/ContentionRZLeaveShared         0 times
00:11:32.411548 /PDM/CritSectsRw/TM real queue alloc lock/R3EnterExcl         8 times
00:11:32.411553 /PDM/CritSectsRw/TM real queue alloc lock/R3EnterShared         1 times
00:11:32.411557 /PDM/CritSectsRw/TM real queue alloc lock/RZEnterExcl         0 times
00:11:32.411562 /PDM/CritSectsRw/TM real queue alloc lock/RZEnterShared         0 times
00:11:32.411566 /PDM/CritSectsRw/TM tsc queue alloc lock/ContentionR3EnterExcl         0 times
00:11:32.411571 /PDM/CritSectsRw/TM tsc queue alloc lock/ContentionR3EnterShared         0 times
00:11:32.411575 /PDM/CritSectsRw/TM tsc queue alloc lock/ContentionR3LeaveExcl         0 times
00:11:32.411580 /PDM/CritSectsRw/TM tsc queue alloc lock/ContentionRZEnterExcl         0 times
00:11:32.411585 /PDM/CritSectsRw/TM tsc queue alloc lock/ContentionRZEnterShared         0 times
00:11:32.411589 /PDM/CritSectsRw/TM tsc queue alloc lock/ContentionRZLeaveExcl         0 times
00:11:32.411594 /PDM/CritSectsRw/TM tsc queue alloc lock/ContentionRZLeaveShared         0 times
00:11:32.411598 /PDM/CritSectsRw/TM tsc queue alloc lock/R3EnterExcl         0 times
00:11:32.411602 /PDM/CritSectsRw/TM tsc queue alloc lock/R3EnterShared         1 times
00:11:32.411607 /PDM/CritSectsRw/TM tsc queue alloc lock/RZEnterExcl         0 times
00:11:32.411611 /PDM/CritSectsRw/TM tsc queue alloc lock/RZEnterShared         0 times
00:11:32.411616 /PDM/CritSectsRw/TM virtual queue alloc lock/ContentionR3EnterExcl         0 times
00:11:32.411620 /PDM/CritSectsRw/TM virtual queue alloc lock/ContentionR3EnterShared         0 times
00:11:32.411625 /PDM/CritSectsRw/TM virtual queue alloc lock/ContentionR3LeaveExcl         0 times
00:11:32.411629 /PDM/CritSectsRw/TM virtual queue alloc lock/ContentionRZEnterExcl         0 times
00:11:32.411633 /PDM/CritSectsRw/TM virtual queue alloc lock/ContentionRZEnterShared         0 times
00:11:32.411638 /PDM/CritSectsRw/TM virtual queue alloc lock/ContentionRZLeaveExcl         0 times
00:11:32.411642 /PDM/CritSectsRw/TM virtual queue alloc lock/ContentionRZLeaveShared         0 times
00:11:32.411647 /PDM/CritSectsRw/TM virtual queue alloc lock/R3EnterExcl        14 times
00:11:32.411651 /PDM/CritSectsRw/TM virtual queue alloc lock/R3EnterShared         1 times
00:11:32.411655 /PDM/CritSectsRw/TM virtual queue alloc lock/RZEnterExcl         0 times
00:11:32.411660 /PDM/CritSectsRw/TM virtual queue alloc lock/RZEnterShared         0 times
00:11:32.411664 /PDM/CritSectsRw/TM virtual_sync queue alloc lock/ContentionR3EnterExcl         0 times
00:11:32.411669 /PDM/CritSectsRw/TM virtual_sync queue alloc lock/ContentionR3EnterShared         0 times
00:11:32.411673 /PDM/CritSectsRw/TM virtual_sync queue alloc lock/ContentionR3LeaveExcl         0 times
00:11:32.411678 /PDM/CritSectsRw/TM virtual_sync queue alloc lock/ContentionRZEnterExcl         0 times
00:11:32.411682 /PDM/CritSectsRw/TM virtual_sync queue alloc lock/ContentionRZEnterShared         0 times
00:11:32.411695 /PDM/CritSectsRw/TM virtual_sync queue alloc lock/ContentionRZLeaveExcl         0 times
00:11:32.411700 /PDM/CritSectsRw/TM virtual_sync queue alloc lock/ContentionRZLeaveShared         0 times
00:11:32.411704 /PDM/CritSectsRw/TM virtual_sync queue alloc lock/R3EnterExcl        14 times
00:11:32.411709 /PDM/CritSectsRw/TM virtual_sync queue alloc lock/R3EnterShared         1 times
00:11:32.411713 /PDM/CritSectsRw/TM virtual_sync queue alloc lock/RZEnterExcl         0 times
00:11:32.411718 /PDM/CritSectsRw/TM virtual_sync queue alloc lock/RZEnterShared         0 times
00:11:32.411723 /PDM/Queue/DevHlp/AllocFailures                    0 times
00:11:32.411728 /PDM/Queue/DevHlp/Flush                            0 calls
00:11:32.411733 /PDM/Queue/DevHlp/FlushLeftovers                   0 times
00:11:32.411750 /PDM/Queue/DevHlp/Insert                           0 calls
00:11:32.411766 /PDM/Queue/DevHlp/cItems                           8 count
00:11:32.411771 /PDM/Queue/DevHlp/cbItem                          56 bytes
00:11:32.411776 /PDM/Queue/DevHlp/rcOkay                           0 
00:11:32.411782 /PDM/Queue/Keyboard/AllocFailures                  0 times
00:11:32.411786 /PDM/Queue/Keyboard/Flush                          0 calls
00:11:32.411791 /PDM/Queue/Keyboard/FlushLeftovers                 0 times
00:11:32.411795 /PDM/Queue/Keyboard/Insert                         0 calls
00:11:32.411799 /PDM/Queue/Keyboard/cItems                        64 count
00:11:32.411804 /PDM/Queue/Keyboard/cbItem                        16 bytes
00:11:32.411808 /PDM/Queue/Keyboard/rcOkay                         0 
00:11:32.411813 /PDM/Queue/Mouse/AllocFailures                     0 times
00:11:32.411817 /PDM/Queue/Mouse/Flush                             0 calls
00:11:32.411821 /PDM/Queue/Mouse/FlushLeftovers                    0 times
00:11:32.411825 /PDM/Queue/Mouse/Insert                            0 calls
00:11:32.411830 /PDM/Queue/Mouse/cItems                          128 count
00:11:32.411835 /PDM/Queue/Mouse/cbItem                           32 bytes
00:11:32.411840 /PDM/Queue/Mouse/rcOkay                            0 
00:11:32.411845 /PDM/Queue/Mouse_1/AllocFailures                   0 times
00:11:32.411850 /PDM/Queue/Mouse_1/Flush                           0 calls
00:11:32.411856 /PDM/Queue/Mouse_1/FlushLeftovers                  0 times
00:11:32.411861 /PDM/Queue/Mouse_1/Insert                          0 calls
00:11:32.411866 /PDM/Queue/Mouse_1/cItems                        128 count
00:11:32.411871 /PDM/Queue/Mouse_1/cbItem                         32 bytes
00:11:32.411876 /PDM/Queue/Mouse_1/rcOkay                          0 
00:11:32.411882 /PDM/Queue/SCSI-Eject/AllocFailures                0 times
00:11:32.411887 /PDM/Queue/SCSI-Eject/Flush                        0 calls
00:11:32.411892 /PDM/Queue/SCSI-Eject/FlushLeftovers               0 times
00:11:32.411897 /PDM/Queue/SCSI-Eject/Insert                       0 calls
00:11:32.411902 /PDM/Queue/SCSI-Eject/cItems                       1 count
00:11:32.411908 /PDM/Queue/SCSI-Eject/cbItem                      24 bytes
00:11:32.411913 /PDM/Queue/SCSI-Eject/rcOkay                       0 
00:11:32.411918 /PDM/Tasks/000-E1000-Xmit-retriggered              0 times
00:11:32.411923 /PDM/Tasks/000-E1000-Xmit-runs                     0 times
00:11:32.411928 /PDM/Tasks/001-HDA CORB DMA-retriggered            0 times
00:11:32.411933 /PDM/Tasks/001-HDA CORB DMA-runs                   0 times
00:11:32.411939 /PGM/CPU0/R3/Page/MapTlbMisses                     0 times
00:11:32.411944 /PGM/CPU0/R3/RamRange/TlbLocking                   0 times
00:11:32.411949 /PGM/CPU0/R3/RamRange/TlbMisses                    0 times
00:11:32.411954 /PGM/CPU0/RZ/Page/MapTlbMisses                     0 times
00:11:32.411959 /PGM/CPU0/RZ/RamRange/TlbLocking                   0 times
00:11:32.411982 /PGM/CPU0/RZ/RamRange/TlbMisses                    0 times
00:11:32.411988 /PGM/CPU0/cA20Changes                              0 times
00:11:32.412004 /PGM/CPU0/cGuestModeChanges                        3 times
00:11:32.412010 /PGM/ChunkR3Map/Mapped                             1 count
00:11:32.412015 /PGM/ChunkR3Map/Unmapped                           0 count
00:11:32.412020 /PGM/ChunkR3Map/c                                  1 count
00:11:32.412026 /PGM/ChunkR3Map/cMax                       4294967295 count
00:11:32.412032 /PGM/LargePage/Alloc                               0 ns/call (           0 ns,       0 calls, max         0, min      -1)
00:11:32.412039 /PGM/LargePage/AllocFailed                         0 times
00:11:32.412044 /PGM/LargePage/Overflow                            0 times
00:11:32.412049 /PGM/LargePage/Recheck                             0 times
00:11:32.412055 /PGM/LargePage/Refused                             0 times
00:11:32.412060 /PGM/LargePage/Reused                              0 times
00:11:32.412065 /PGM/LargePage/TlbFlush                            0 times
00:11:32.412071 /PGM/LargePage/ZeroEvict                           0 times
00:11:32.412078 /PGM/Mmio2QueryAndResetDirtyBitmap                 0 ticks/call (           0 ticks,       0 calls, max         0, min      -1)
00:11:32.412084 /PGM/Page/cAllPages                           558661 count
00:11:32.412090 /PGM/Page/cBalloonedPages                          0 count
00:11:32.412096 /PGM/Page/cHandyPages                             71 count
00:11:32.412101 /PGM/Page/cLargePages                              0 count
00:11:32.412106 /PGM/Page/cLargePagesDisabled                      0 count
00:11:32.412112 /PGM/Page/cMonitoredPages                          0 count
00:11:32.412116 /PGM/Page/cPrivatePages                        34544 count
00:11:32.412121 /PGM/Page/cPureMmioPages                          88 count
00:11:32.412125 /PGM/Page/cReadLockedPages                         0 count
00:11:32.412130 /PGM/Page/cReusedSharedPages                       0 count
00:11:32.412135 /PGM/Page/cSharedPages                             0 count
00:11:32.412140 /PGM/Page/cWriteLockedPages                        0 count
00:11:32.412144 /PGM/Page/cWrittenToPages                          0 count
00:11:32.412148 /PGM/Page/cZeroPages                          524029 count
00:11:32.412153 /PGM/PhysHandlerTree/ErrorsAllocatorR3             0 times
00:11:32.412157 /PGM/PhysHandlerTree/ErrorsTree                    0 times
00:11:32.412161 /PGM/PhysHandlerTree/Inserts                      14 times
00:11:32.412165 /PGM/PhysHandlerTree/MaxHandlers                6144 times
00:11:32.412170 /PGM/PhysHandlerTree/RebalancingOperations         6 times
00:11:32.412174 /PGM/PhysHandlerTree/Removals                      0 times
00:11:32.412179 /PGM/Pool/Grow                               1677984 ticks/call (     1677984 ticks,       1 calls, max   1677984, min 1677984)
00:11:32.412186 /PGM/ShMod/Check                                   0 ticks/call (           0 ticks,       0 calls, max         0, min      -1)
00:11:32.412192 /PROF/CPU0/EM/Capped                               0 ticks/call (           0 ticks,       0 calls, max         0, min      -1)
00:11:32.412198 /PROF/CPU0/EM/ForcedActions                    13882 times
00:11:32.412202 /PROF/CPU0/EM/HMExec                       115128365 ticks/call (1432887631692 ticks,   12446 calls, max 200174554, min   26813)
00:11:32.412209 /PROF/CPU0/EM/HMExecuteCalled                  12419 times
00:11:32.412213 /PROF/CPU0/EM/Halted                           12544 times
00:11:32.412218 /PROF/CPU0/EM/NEMExec                              0 ticks/call (           0 ticks,       0 calls, max         0, min      -1)
00:11:32.412223 /PROF/CPU0/EM/NEMExecuteCalled                     0 times
00:11:32.412227 /PROF/CPU0/EM/REMTotal                             0 times
00:11:32.412232 /PROF/CPU0/EM/RecordedExits                    25084 times
00:11:32.412237 /PROF/CPU0/EM/Total                        1565276362136 ticks/call (1565276362136 ticks,       1 calls, max 1565276362136, min 1565276362136)
00:11:32.412244 /PROF/CPU0/VM/Halt/Block                    19871032 ns/call ( 56016440132 ns,    2819 calls, max  91575100, min       1)
00:11:32.412260 /PROF/CPU0/VM/Halt/BlockInsomnia             3310233 ns/call (   221785658 ns,      67 calls, max  43040187, min       1)
00:11:32.412267 /PROF/CPU0/VM/Halt/BlockOnTime               6982993 ns/call (  6724622305 ns,     963 calls, max  53831113, min       1)
00:11:32.412273 /PROF/CPU0/VM/Halt/BlockOverslept             419375 ns/call (   750262895 ns,    1789 calls, max  49947841, min   50010)
00:11:32.412279 /PROF/CPU0/VM/Halt/R0HaltBlock              50251482 ns/call (623068127630 ns,   12399 calls, max  87153682, min    2075)
00:11:32.412285 /PROF/CPU0/VM/Halt/R0HaltBlockInsomnia      28174546 ns/call ( 38655478452 ns,    1372 calls, max  54795612, min    2075)
00:11:32.412291 /PROF/CPU0/VM/Halt/R0HaltBlockOnTime        52824037 ns/call ( 90117808269 ns,    1706 calls, max  54923407, min   55962)
00:11:32.412297 /PROF/CPU0/VM/Halt/R0HaltBlockOverslept       116788 ns/call (  1088587738 ns,    9321 calls, max  32386392, min   50029)
00:11:32.412303 /PROF/CPU0/VM/Halt/R0HaltExec                      0 times
00:11:32.412308 /PROF/CPU0/VM/Halt/R0HaltExec/FromBlock            0 times
00:11:32.412313 /PROF/CPU0/VM/Halt/R0HaltExec/FromSpin             0 times
00:11:32.412318 /PROF/CPU0/VM/Halt/R0HaltHistoryCounter        12419 times
00:11:32.412323 /PROF/CPU0/VM/Halt/R0HaltHistorySucceeded          0 times
00:11:32.412328 /PROF/CPU0/VM/Halt/R0HaltHistoryToRing3          134 times
00:11:32.412333 /PROF/CPU0/VM/Halt/R0HaltToR3                  12419 times
00:11:32.412338 /PROF/CPU0/VM/Halt/R0HaltToR3/FromSpin             0 times
00:11:32.412341 /PROF/CPU0/VM/Halt/R0HaltToR3/Other                0 times
00:11:32.412346 /PROF/CPU0/VM/Halt/R0HaltToR3/PendingFF           20 times
00:11:32.412350 /PROF/CPU0/VM/Halt/R0HaltToR3/PostWaitNoInt     11067 times
00:11:32.412355 /PROF/CPU0/VM/Halt/R0HaltToR3/PostWaitPendingFF      1332 times
00:11:32.412359 /PROF/CPU0/VM/Halt/R0HaltToR3/SmallDelta           0 times
00:11:32.412364 /PROF/CPU0/VM/Halt/Timers                      65834 ns/call (  1011346518 ns,   15362 calls, max   1569891, min       2)
00:11:32.412371 /PROF/CPU0/VM/Halt/Yield                           0 ns/call (           0 ns,       0 calls, max         0, min      -1)
00:11:32.412377 /Public/NetAdapter/0/BytesReceived                 0 bytes
00:11:32.412382 /Public/NetAdapter/0/BytesTransmitted              0 bytes
00:11:32.412386 /Public/NetAdapter/0/e1000                         0 
00:11:32.412392 /Public/Storage/AHCI0/Port0/QueryBufAttempts         0 count
00:11:32.412396 /Public/Storage/AHCI0/Port0/QueryBufSuccess         0 count
00:11:32.412402 /Public/Storage/AHCI0/Port1/QueryBufAttempts         0 count
00:11:32.412406 /Public/Storage/AHCI0/Port1/QueryBufSuccess         0 count
00:11:32.412411 /SELM/LoadHidSel/GstReadErrors                     0 times
00:11:32.412416 /SELM/LoadHidSel/NoGoodGuest                       0 times
00:11:32.412421 /TM/CPU/00/cNsExecuting                    104594313 ns
00:11:32.412426 /TM/CPU/00/cNsHalted                       57064366452 ns
00:11:32.412432 /TM/CPU/00/cNsOther                        624987868261 ns
00:11:32.412437 /TM/CPU/00/cNsTotal                        682156829026 ns
00:11:32.412443 /TM/CPU/00/cPeriodsExecuting                   25084 count
00:11:32.412447 /TM/CPU/00/cPeriodsHalted                      12543 count
00:11:32.412452 /TM/CPU/00/pctExecuting                            0 %
00:11:32.412458 /TM/CPU/00/pctHalted                               8 %
00:11:32.412463 /TM/CPU/00/pctOther                               91 %
00:11:32.412468 /TM/CPU/pctExecuting                               0 %
00:11:32.412473 /TM/CPU/pctHalted                                  8 %
00:11:32.412478 /TM/CPU/pctOther                                  91 %
00:11:32.412483 /TM/MaxHzHint                                      0 Hz
00:11:32.412489 /TM/MaxHzHint/real                                 0 Hz
00:11:32.412494 /TM/MaxHzHint/tsc                                  0 Hz
00:11:32.412499 /TM/MaxHzHint/virtual                              0 Hz
00:11:32.412513 /TM/MaxHzHint/virtual_sync                         0 Hz
00:11:32.412518 /TM/PIT/Handler                                    0 ticks/call (           0 ticks,       0 calls, max         0, min      -1)
00:11:32.412524 /TM/PIT/Irq                                        0 times
00:11:32.412530 /TM/R3/1nsSteps                                  307 times
00:11:32.412535 /TM/TSC/offCPU0                            18446744073709519431 ticks
00:11:32.412541 /TM/VirtualSync/CurrentOffset                 467527 ns
00:11:32.412556 /TRPM/ForwardRaw/TRAP/08                       12419 times
00:11:32.412562 /VMM/EmtHashCollisions/Emt00                       0 times
00:11:32.412567 /VMM/LogFlush/00-Flushes                           0 times
00:11:32.412572 /VMM/LogFlush/00-NoWakups                          0 times
00:11:32.412578 /VMM/LogFlush/CPU0/Rel/cbBuf                    4096 bytes
00:11:32.412583 /VUSB/0/cUrbsInPool                                0 count
00:11:32.412588 /VUSB/1/cUrbsInPool                                0 count
00:11:32.412596 ********************* End of statistics **********************
00:11:32.412807 VUSB: Detached 'HidMouse' from port 1 on RootHub#1
00:11:32.419232 E1000#0: Interrupt attempts: 0
00:11:32.419332 E1000#0: Interrupts raised : 0
00:11:32.419348 E1000#0: Interrupts lowered: 0
00:11:32.419355 E1000#0: ICR outside ISR   : 0
00:11:32.419360 E1000#0: IMS raised ints   : 0
00:11:32.419364 E1000#0: Interrupts skipped: 0
00:11:32.419371 E1000#0: Masked interrupts : 0
00:11:32.419378 E1000#0: Early interrupts  : 0
00:11:32.419384 E1000#0: Late interrupts   : 0
00:11:32.419390 E1000#0: Lost interrupts   : 0
00:11:32.419398 E1000#0: Interrupts by RX  : 0
00:11:32.419403 E1000#0: Interrupts by TX  : 0
00:11:32.419411 E1000#0: Interrupts by ICS : 0
00:11:32.419416 E1000#0: Interrupts by RDTR: 0
00:11:32.419420 E1000#0: Interrupts by RDMT: 0
00:11:32.419427 E1000#0: Interrupts by TXQE: 0
00:11:32.419432 E1000#0: TX int delay asked: 0
00:11:32.419438 E1000#0: TX delayed:         0
00:11:32.419442 E1000#0: TX delay expired:   0
00:11:32.419448 E1000#0: TX no report asked: 0
00:11:32.419453 E1000#0: TX abs timer expd : 0
00:11:32.419458 E1000#0: TX int timer expd : 0
00:11:32.419464 E1000#0: RX abs timer expd : 0
00:11:32.419470 E1000#0: RX int timer expd : 0
00:11:32.419474 E1000#0: TX CTX descriptors: 0
00:11:32.419478 E1000#0: TX DAT descriptors: 0
00:11:32.419486 E1000#0: TX LEG descriptors: 0
00:11:32.419490 E1000#0: Received frames   : 0
00:11:32.419494 E1000#0: Transmitted frames: 0
00:11:32.419498 E1000#0: TX frames up to 1514: 0
00:11:32.419503 E1000#0: TX frames up to 2962: 0
00:11:32.419509 E1000#0: TX frames up to 4410: 0
00:11:32.419515 E1000#0: TX frames up to 5858: 0
00:11:32.419520 E1000#0: TX frames up to 7306: 0
00:11:32.419524 E1000#0: TX frames up to 8754: 0
00:11:32.419529 E1000#0: TX frames up to 16384: 0
00:11:32.419535 E1000#0: TX frames up to 32768: 0
00:11:32.419541 E1000#0: Larger TX frames    : 0
00:11:32.419547 E1000#0: Max TX Delay        : 0
00:11:32.432630 GIM: HyperV: Resetting MMIO2 regions and MSRs
00:11:32.435173 vmmR3LogFlusher: Terminating (VERR_OBJECT_DESTROYED)
00:11:32.435360 Changing the VM state from 'DESTROYING' to 'TERMINATED'
00:11:32.435388 Console: Machine state changed to 'PoweredOff'
00:11:32.609985 GUI: Request to close Runtime UI because VM is powered off.
00:11:32.610056 GUI: Request for async QApp quit.
00:11:32.700155 GUI: UICommon: Handling aboutToQuit request..
00:11:33.965466 GUI: UICommon: aboutToQuit request handled!
